puzzle_id,fen,key_moves,mate_in,rating
sp003086,3R2K1/5B2/4Q2q/8/5P2/2k5/8/8 w - - 10 69,e6b3,1,0
sp002740,6R1/8/2k1p2r/4p1K1/4P2P/3B4/1q3q2/1q6 b - - 24 58,f2h4 f2f4,1,0
sp002061,r2k1n1Q/ppp1bp2/7p/1B4B1/8/P1P1p3/1P1NbPPP/R3K2R w KQ - 0 14,h8f8,1,0
sp001925,8/1k4p1/5rPp/4K2P/p3PP2/P1p5/8/3q4 b - - 4 45,d1d6,1,0
sp002282,8/1p2k3/2p1P2p/p3K3/P1p4P/2P5/8/3q1r2 b - - 2 35,d1d5,1,0
sp000741,q7/2K5/8/5p2/2P2kB1/2b5/3rb3/8 b - - 5 50,c3a5,1,0
sp001006,7R/8/8/3n2p1/5bP1/2n1nK2/3k4/4r3 b - - 37 66,e1f1,1,0
sp001056,Q7/7k/3p4/3R1PP1/2P1K3/8/2B5/1Q6 w - - 1 49,b1b7,1,0
sp000948,r2B3R/5kb1/p1pp1n2/5B2/6p1/1PP2N2/P5P1/R3K3 w Q - 0 23,f3g5,1,0
sp000176,2r4R/1pp2p2/5Pk1/6P1/p4K2/R1PP1N2/2Q5/4r3 w - - 1 34,h8h6 f3h4,1,0
sp002222,8/1p6/P3kbp1/4p1p1/4K1P1/2P5/5q2/1n5r b - - 0 38,f2e2,1,0
sp001104,r4r2/2q3RQ/p1p2k2/4b3/1p3p2/P1P4P/1P6/2K4R w - - 0 31,h7g6,1,0
sp002160,3Q4/5K2/8/7p/7P/8/pr6/bk1n4 w - - 1 79,d8d1,1,0
sp001515,r3k2r/4P3/2Pp1P1p/5K2/5P2/P4B2/8/b4n2 w kq - 0 30,f3h5,1,0
sp002173,7R/8/4k3/4p3/p2pP2b/P2K1p2/5q2/6b1 b - - 23 66,f2e2,1,0
sp001313,8/1p1n4/2k3pp/1pp1PP2/8/2PQ1NKP/5PP1/8 w - - 4 33,d3d6,1,0
sp000490,3Q3r/8/8/1P2k2p/1p1p1p2/3P1p2/6q1/4K1b1 b - - 2 43,g2e2,1,0
sp002020,5KR1/8/8/8/8/3Q1p2/3n1P2/3k2b1 w - - 13 63,g8g1,1,0
sp002863,1Q1B4/3KR3/5P2/5B1p/k6P/1p6/1P6/5r2 w - - 1 72,e7e4,1,0
sp001360,1K4R1/8/2p2P2/8/8/5p2/6p1/3q2rk w - - 2 50,g8h8,1,0
sp002462,5K2/r7/8/8/8/8/3q4/6k1 b - - 21 119,d2d8,1,0
sp001824,7Q/8/1b6/7p/5bk1/8/4p1K1/4r3 b - - 3 58,e1g1,1,0
sp000181,b2R3B/4Pk2/7p/2p5/p4P2/P1P2n1P/8/2K5 w - - 0 29,e7e8q,1,0
sp002014,1R5R/P7/2K2pP1/5P2/2P5/4p1b1/k7/8 w - - 3 44,a7a8q a7a8r,1,0
sp002631,2N1krK1/4P3/2P3PP/8/p7/P7/2b5/7R w - - 2 47,e7f8q e7f8r,1,0
sp000669,4K3/5P1r/8/8/8/2p5/3r1qr1/1k6 b - - 2 82,f2f7,1,0
sp003239,K2QQ3/6P1/1q3p1k/5P2/5P1p/8/8/2r5 w - - 0 71,e8h8 e8g6,1,0
sp002518,8/5p2/1p1k1P2/1P5p/3qBP1P/5Kp1/6P1/8 b - - 9 42,d4f2,1,0
sp001022,1R6/k3N3/5P2/1P3p2/3b4/2nK4/8/3b4 w - - 7 50,e7c6,1,0
sp000290,6R1/1p6/1Pp4r/K6p/8/6p1/6q1/3b3k b - - 1 46,g2d2,1,0
sp000359,Q5Q1/R7/5pqk/5B1p/4KP1P/5N2/5R2/8 w - - 7 47,g8g6,1,0
sp000018,4k2r/3nP1p1/8/2p2p2/1pP2P2/4K2P/r7/2R5 b k - 3 30,h8h3,1,0
sp000919,3k4/1p6/pN1K1PB1/8/2p4Q/8/8/r5r1 w - - 2 50,h4h8,1,0
sp000341,r3r3/5pk1/p2b1n1p/3Pp3/5P2/2P4P/PKP2PBR/3q4 b - - 0 25,e8b8 a8b8,1,0
sp002906,1R6/8/4Q3/4PK1k/5P2/5Pp1/6B1/8 w - - 11 49,b8h8,1,0
sp001055,2B5/ppp3p1/3k4/5P1p/3NQ1n1/1N6/6P1/R5K1 w - - 3 32,e4e6 d4b5,1,0
sp002373,4k2r/1P6/P3q2p/6p1/4pp2/P6P/6pK/R1Rr4 b - - 0 31,g2g1q,1,0
sp002820,7K/8/2p5/r7/8/1b6/4n1q1/7k b - - 65 101,a5h5 g2g8,1,0
sp003080,2B3K1/3Q1N2/5P2/8/1p3k2/1bn1p3/8/q7 w - - 3 60,d7g4,1,0
sp002237,2K5/7k/1qP4p/5p1P/8/6b1/P2qn3/3Q4 b - - 12 49,b6b8 b6c7 b6c6 b6a6,1,0
sp002200,Q6R/6k1/2Q5/5K2/8/8/8/7q w - - 3 62,a8g8 a8f8 c6d7 c6c7 c6g6 c6f6,1,0
sp000915,2r1Q3/3K4/2r4q/p7/8/2p2k2/8/8 b - - 0 50,h6d6 c6c7,1,0
sp002268,1R6/4K3/7k/7p/2p4P/2P5/5bQ1/6r1 w - - 22 87,b8h8,1,0
sp001620,4BK2/2q5/8/5p2/5k2/6p1/p5P1/r2b3r b - - 13 49,h1h8,1,0
sp002868,7K/8/8/8/1p6/1bk5/8/2q5 b - - 14 66,c1h6,1,0
sp002476,3Q4/8/2B4p/5p2/1p3pk1/2P5/1K1N1b2/3R3R w - - 0 35,d8g8,1,0
sp000246,q7/5p2/5P2/5pP1/5P2/2k1K3/2P5/1q6 b - - 0 48,b1e1,1,0
sp000435,1r6/8/p6p/P3r2P/4p3/2p3k1/K7/3q4 b - - 21 57,e5a5 d1a4,1,0
sp001073,2KB1RR1/3P4/5N2/2b5/5k2/8/8/7Q w - - 27 105,h1e4,1,0
sp001002,4R2R/5k2/2P5/3P1KP1/8/4P1Q1/8/8 w - - 5 48,g3c7,1,0
sp003232,4Q3/3Q2P1/1N3p1k/5P2/1K3P1p/8/8/2rq4 w - - 9 64,e8h8 e8g6 g7g8n,1,0
sp000634,BQ6/2pkr3/8/1p3pP1/5QP1/RN5P/7K/3rr3 w - - 3 42,b3c5,1,0
sp002891,6k1/3P2p1/6P1/8/p1p2b1P/P1P1p3/1K6/4r3 w - - 0 47,d7d8q d7d8r,1,0
sp000674,8/6p1/4P3/4k1p1/1p4P1/1npRK1P1/4p3/7q b - - 3 45,e2e1q,1,0
sp002848,R7/7K/8/8/5k2/5pq1/8/b7 b - - 3 60,g3g7,1,0
sp003240,QR2B3/2k5/2P1K3/3P4/4p3/5p2/5P2/b5b1 w - - 1 45,b8b7 a8b7 a8a7 d5d6,1,0
sp001372,8/8/2p4p/7P/5k1K/r1n5/p7/q2r4 b - - 7 47,d1h1,1,0
sp001031,r7/6Qr/p1P4p/3P3k/P3pp2/8/6K1/5R2 w - - 2 37,f1h1,1,0
sp002793,2k5/8/n1p4p/P7/1pK3p1/5b2/2P2P2/3r4 b - - 1 32,f3d5,1,0
sp002076,6k1/4b1p1/6Pp/1P2p3/2PpP3/2p4P/6rR/rB2K3 b - - 1 38,a1b1,1,0
sp001250,8/6Q1/1np3p1/5kP1/8/2qpKBp1/8/8 b - - 3 55,b6c4,1,0
sp003281,5B2/8/2p1P1k1/2P2p1p/1p1p3P/r3n1p1/6P1/6K1 b - - 1 36,a3a1,1,0
sp001530,6Q1/3K4/8/5B2/7k/3n4/5b2/r7 w - - 1 66,g8g4,1,0
sp000793,2K1R2Q/8/8/8/1q6/2p5/5p2/3b1k2 w - - 6 72,h8h1,1,0
sp003180,8/2b5/8/7B/2k2q2/2p2p2/p1K5/8 b - - 1 52,f4d2,1,0
sp000523,1Q6/8/2NPK3/5Q2/3Q4/8/8/7k w - - 31 79,f5h3,1,0
sp001875,7R/5p2/5P2/4p3/4P3/1N3K2/5P2/5k2 w - - 5 52,h8h1,1,0
sp002253,1R2Q3/8/5K1k/7p/2p4P/2P5/5b2/4r3 w - - 8 80,e8h8 e8g6,1,0
sp000415,2r2q2/8/p1P3kp/P7/K3p2P/2p5/8/1r6 b - - 0 41,f8b4,1,0
sp002810,4R3/8/1n6/1P3k2/5b2/2P2K2/B7/q7 b - - 2 42,a1f1,1,0
sp002425,8/4Q1p1/1p6/p2k1P2/P2P1Pp1/1PK2nP1/3N4/8 w - - 1 36,e7d7 e7e6,1,0
sp001519,R6B/8/1k1K4/2p2p2/8/2Q4P/8/6r1 w - - 1 38,c3b3 c3b2,1,0
sp001955,4R3/1Q6/5rk1/5p1p/5PpK/2q5/3rb3/8 b - - 6 48,c3h3,1,0
sp001493,1Q6/3k4/2p2P2/5K2/2B2P2/8/3q4/6rr w - - 5 46,c4e6,1,0
sp000611,8/5Q1K/8/8/8/8/6Q1/3k4 w - - 29 88,f7f1,1,0
sp000073,8/8/6K1/5p2/4p1k1/2n2p2/r4P1Q/1r6 w - - 3 43,h2g3,1,0
sp003003,8/P7/3p3p/1P3p2/4kP1P/5q2/7K/4r3 b - - 1 47,e1h1,1,0
sp000877,R7/3RK3/2Q3Q1/5B2/8/4b3/1k6/8 w - - 5 82,c6c2,1,0
sp000924,8/2N2k2/5n1p/3P1K2/1p3P1P/2R5/8/7q b - - 2 44,h1e4,1,0
sp002795,3r3r/5B1k/1npb1K1p/4p1P1/4P3/P1P2N2/8/n4R2 w - - 0 30,g5g6,1,0
sp002675,5r2/2bn1p2/5n2/8/1KP1Pp2/6k1/8/q6q b - - 7 33,f8b8 h1b1,1,0
sp002715,2Q5/8/6p1/5rPk/2K2b2/2P1p3/3p4/6R1 w - - 5 44,c8h8,1,0
sp002235,7Q/8/4kbp1/4p1p1/4K1P1/n1p5/5q2/8 b - - 5 45,f2e2,1,0
sp002806,7Q/2k3P1/2p2N2/2K2B2/8/5p2/4n3/7r w - - 1 48,h8c8,1,0
sp002707,4kbR1/3n1N2/1p6/2p3p1/4ppB1/r1Pq4/1P4P1/2K5 b - - 1 28,a3a1,1,0
sp002552,B3r3/5Qp1/k3P1P1/p2K4/P4P2/8/8/6r1 w - - 11 49,f7b7,1,0
sp001793,7R/3n4/4kp2/2p2p2/2P2P1P/2K5/4b3/1r5q b - - 21 44,h1c1,1,0
sp000109,3N3R/8/K4P2/2P1Np2/5b2/4k3/4r3/1q6 b - - 7 46,e2a2,1,0
sp000956,7R/1p6/pnp2p2/4k3/8/1P2K2P/6r1/5q2 b - - 0 36,b6d5 f1e2,1,0
sp000623,1Q6/2pkr2r/1P6/1p2PpP1/8/RN4PP/6BK/4r3 w - - 0 32,b3c5,1,0
sp002700,3BQ3/2K5/2P2P1k/7p/p4p1P/P1n5/2B5/r7 w - - 1 46,e8h8 e8f8 e8g6,1,0
sp000589,1Q5K/3P1Q2/2PP4/8/8/8/R7/7k w - - 31 98,b8b1 f7f1,1,0
sp001465,3Q4/4B1k1/6B1/2p2K2/1pP2P1P/2q5/r7/q7 w - - 1 40,d8f8,1,0
sp001404,8/5K1k/5P1p/Pb4P1/1P3p2/2P5/8/b6R w - - 1 35,h1h6,1,0
sp001133,4R2R/6k1/Pn3pP1/5PP1/8/1PK5/8/7q w - - 2 45,h8g8 e8g8,1,0
sp000302,R7/1p6/1P6/1Kp5/8/r5pp/5q2/3b3k b - - 5 59,d1e2,1,0
sp000831,8/8/8/1P2k1q1/5p2/2p4K/8/3b1R1B b - - 0 44,g5g3,1,0
sp002121,Q2B3r/P2R4/5b2/2pPkp2/2P1b3/4K3/8/7q b - - 5 32,h1e1,1,0
sp000066,3qk1nr/rp6/pnp3Pp/4pp2/4P3/1QPP1N2/5PP1/R3KB1R w KQk - 0 18,b3f7,1,0
sp002487,1Q5b/4N1k1/2Kp1p1p/5P2/8/5P1P/6P1/3n4 w - - 1 35,b8g8,1,0
sp002231,8/1B6/2K4P/5Q2/8/2p3p1/8/6rk w - - 11 48,f5h3,1,0
sp002180,7q/3K4/5p1P/2q1kp2/4pp2/8/8/6b1 b - - 0 43,h8c8 c5d6,1,0
sp001212,R7/8/8/5p1p/5PpP/1Nb1k1K1/4b3/q6r b - - 1 53,a1g1,1,0
sp000381,7r/3n4/K3P1P1/1P6/2P5/2k1p3/P3bq2/7q b - - 0 43,h8a8 h1a8,1,0
sp000923,N7/5k2/5n1p/3P1K2/1p3P1P/2R5/8/3q4 b - - 0 43,d1h5 d1d5,1,0
sp002985,1R6/P1k5/1NB2p2/5Q2/4Kb2/2P5/8/5nr1 w - - 1 42,f5d7,1,0
sp002132,7R/8/3b4/2kPp3/p2pP3/P2K1pp1/5q2/8 b - - 7 43,f2e2,1,0
sp001088,B7/2Q5/2pR4/P3P1kp/3PK3/1N5P/1PQ5/7R w - - 0 40,c7d8 c7e7,1,0
sp000153,6R1/8/3p1NP1/p2q1BP1/3k1P2/2p5/2K5/q3r3 b - - 7 38,d5a2 e1e2 e1c1 a1a4 a1b2 a1a2 a1d1 a1c1 a1b1,1,0
sp000361,r3k2r/1pQ2p1p/p3bB2/3P2K1/5P2/R7/1P1N3q/8 b kq - 0 26,h7h6,1,0
sp003123,5N2/P1bR4/2p3p1/1q3pP1/3K1k2/2P4P/8/8 b - - 2 42,c7b6 c7e5,1,0
sp001555,3R4/2bn2P1/8/2p2p2/1p3k2/1Pn1pp2/4b2r/4K1R1 b - - 1 40,f3f2,1,0
sp002584,4R3/3Q4/1n5k/3BPP1p/2P4P/8/2K5/7q w - - 1 48,e8h8 e8e6,1,0
sp001430,6Q1/1pp3b1/n2k3p/2NP4/1P2ppK1/P1P5/1B4P1/R4q2 w - - 0 27,g8e6,1,0
sp000994,1K4B1/3R1B2/8/8/5P2/8/4Q3/3q2k1 w - - 18 63,d7d1,1,0
sp002355,8/8/8/3Bb2p/7P/7K/4kq2/1r6 b - - 20 91,f2g3 f2h2,1,0
sp002560,1K6/3P4/2N2k1P/8/3bQ3/8/8/1Q6 w - - 21 59,e4e7 e4g6 e4f5,1,0
sp001915,7K/8/2P2P2/5p2/N7/4q3/6r1/5k2 b - - 0 69,e3h6 e3h3,1,0
sp001115,B7/2b5/8/8/6r1/3K2k1/1r3q2/8 b - - 5 86,f2d4 f2d2 b2b3,1,0
sp000108,2kr3r/1pp2p2/p4P1p/1b1P2p1/P4bP1/2P2N1P/2Q2K2/q7 b - - 0 24,a1f1,1,0
sp001167,Q6r/8/5p2/2p2P2/2k1KP2/R1P4p/8/2b4r w - - 0 35,a8a6 a8a4,1,0
sp000116,3Q4/1B5p/1p2k3/3n1p2/8/R4N1P/1P3PPK/5R2 w - - 0 28,b7d5,1,0
sp001083,8/3PKQ2/6P1/3R1P2/8/8/2B4Q/4k3 w - - 3 77,d5d1,1,0
sp000942,4k3/6p1/1n2K1P1/7q/p4b2/P1P1Np2/8/8 b - - 14 40,h5g6 h5e5,1,0
sp003226,5K2/7q/8/5p2/8/2Q2p2/4qPk1/6r1 b - - 2 61,e2e7,1,0
sp001362,4k3/1r1n2p1/1p1P4/4P1p1/5pp1/2n4r/5K1P/7q b - - 0 28,h3f3 h3h2,1,0
sp000616,r2Bkn1R/1p6/p7/2p2p2/5Pp1/2n1ppP1/4p3/4K3 b q - 1 28,f3f2,1,0
sp001312,K1B3R1/3R4/8/8/8/8/7Q/4k3 w - - 42 105,g8g1,1,0
sp001423,7k/3n1B2/2rb1n1P/4p1N1/1p2P2K/1P1P4/8/2rq4 b - - 1 40,d1g4,1,0
sp003295,3Q3Q/3Pb3/2KNk3/rP2p3/4P3/5n2/8/8 w - - 1 63,d8g8,1,0
sp000548,8/8/1B5p/2p3p1/5kP1/1P1K1p2/8/6Q1 w - - 2 38,b6c7,1,0
sp001554,7R/2bn2P1/8/1pp2p2/5k2/1Pn1pp2/4b2r/4K1R1 b - - 1 39,f3f2,1,0
sp002904,8/8/p4K2/N7/1Q6/2P5/1q5Q/1k3b2 w - - 13 58,b4b2 h2b2,1,0
sp003006,Q7/8/1N1k1K2/3B4/8/2P3bR/8/7r w - - 7 59,a8c6,1,0
sp000453,B6r/5kb1/p4p2/P4P1p/8/1bpp3P/1p6/1K1n4 b - - 1 38,c3c2,1,0
sp001498,rn2kb1r/1pp3pp/p4P2/6B1/q2p4/2P2b1P/PP3PP1/RN2KB1R b KQkq - 0 11,a4d1,1,0
sp000937,4k3/6p1/1n4P1/8/p1q2b2/P1P1Np2/3K4/7q b - - 5 32,c4e2,1,0
sp002044,1Q2Q3/5R2/2P4p/2N4k/1P5P/2P3b1/2K5/6r1 w - - 1 46,f7f4,1,0
sp001134,4R3/3n2k1/P4pP1/5PP1/8/1PK5/8/7R w - - 1 46,h1h7,1,0
sp003017,2Q3K1/5B2/7b/8/8/6Q1/8/5k2 w - - 43 122,c8a6 c8c4 f7c4,1,0
sp003298,6Q1/4KQ2/5Q2/8/5p2/5P2/8/7k w - - 33 90,f7h7 f7h5 f6h8 f6h6 f6h4,1,0
sp001015,1R6/k3N3/1n3p2/1P3pb1/5P2/8/3K4/3b2b1 w - - 5 45,e7c6,1,0
sp000021,5r2/5p2/p1p2P2/P5P1/4KPk1/1Nb5/4b3/8 b - - 8 35,f8e8,1,0
sp002706,3BQR2/2K5/2P4k/7p/p4p1P/P7/2B1n3/r7 w - - 3 56,e8g6,1,0
sp000039,3B4/8/2B2PK1/1P6/6k1/7R/7Q/4q3 w - - 3 52,c6f3,1,0
sp002813,7K/8/2pq4/8/8/1bn5/8/1r5k b - - 49 93,d6h6,1,0
sp003277,8/4B3/2p1P1kp/1pP2p2/3p4/r3n1pP/6P1/6K1 b - - 0 34,a3a1,1,0
sp002767,6RK/8/4p3/4p3/4P2P/2k5/5q2/q5q1 b - - 59 98,f2h4,1,0
sp002309,B7/8/7p/1P2Pk2/3p1B2/1n5P/4K1P1/q4r2 b - - 0 40,a1d1,1,0
sp002272,8/pp4pp/4k3/n3pp2/3pP3/P2P1NBP/1P1KBPP1/2r1R2R b - - 3 22,a5b3,1,0
sp000991,4Q3/2bR1B2/1pk5/p1p5/P1K2p2/2RP4/8/8 w - - 9 42,f7d5,1,0
sp001594,1r2k2r/6p1/5pP1/p4P2/3PPb2/7P/K5P1/3q3R b k - 0 30,d1a4,1,0
sp002841,5K2/8/2P3k1/3q4/3p4/8/8/8 b - - 0 74,d5d8 d5f7,1,0
sp002553,r7/5Qp1/k1K1P1P1/p7/P4P2/8/8/6r1 w - - 0 50,f7b7,1,0
sp000135,R2QR3/1B6/2N5/5k2/5P2/2P3pK/8/8 w - - 2 42,d8g5,1,0
sp002522,8/8/1pp4k/1p2QK1n/1P3pp1/2P5/8/r7 w - - 0 39,e5h8,1,0
sp001024,1R6/k3N3/5P2/1P3p2/3Kn3/8/8/3b4 w - - 1 51,e7c6,1,0
sp001308,RQ6/8/1nN2k2/2p2P2/5PB1/2P1K3/2b5/8 w - - 3 42,b8f8,1,0
sp003236,4Q3/K5P1/1N2Qp1k/5P2/5P1p/8/8/2rq4 w - - 17 68,e8h8 e8g6,1,0
sp002964,8/4Q3/5pp1/4P2p/5P1K/2P4P/1k6/b5q1 b - - 0 35,g1f2 g1e1,1,0
sp001481,7r/8/p2P2p1/Pp6/1P1kp1K1/3N1n2/2q2b2/7r b - - 6 44,h8h4 h1h4,1,0
sp000987,4Q3/3R1B2/1pk5/p1p5/P1K2p2/2bP4/3R4/8 w - - 5 40,e8c8 e8e6 f7d5,1,0
sp001752,4k3/2b5/1nb3p1/4p1N1/2P3P1/r7/4K1P1/1q5r b - - 1 34,b1c2 b1b2 b1a2 b1e1,1,0
sp001853,R5R1/8/1P1p4/3Pnk2/4p3/6P1/3bK1P1/1q6 b - - 0 39,b1e1,1,0
sp002308,Q6R/3R2Q1/8/5P2/2P1B3/2P1k3/2Q5/4K3 w - - 5 59,g7h6 g7g5 g7g3 c2f2 c2d2 c2c1,1,0
sp002370,B7/8/8/7p/5b1P/7K/3k1q2/1r6 b - - 34 98,f2g3 f2h2,1,0
sp003081,2B3K1/5N2/4QP2/q7/1p3k2/1bn1p3/8/8 w - - 5 61,e6g4,1,0
sp001655,8/8/p1B5/P6p/5p1P/1b1n3K/5k2/4b1b1 b - - 5 58,b3e6,1,0
sp002763,3R3K/8/4p3/4p3/4P2P/8/1k3q2/q5q1 b - - 53 95,f2h4,1,0
sp001388,1q2Q3/8/8/3K1k2/3P1b2/6p1/4q3/8 b - - 1 61,b8d6,1,0
sp002704,3BQ3/2K5/2P2P1k/7p/p4p1P/P1n5/2B5/r7 w - - 13 52,e8h8 e8f8 e8g6,1,0
sp000397,2r5/6bk/p2p1P1p/8/2P2P2/P1p4P/K7/1r1q3R b - - 0 32,d1b3 d1c2 b1b2 b1a1,1,0
sp000417,R7/6Q1/8/1p5k/5p1P/6pK/6B1/5R2 w - - 1 40,a8h8 g7h7 g7g5 g2f3,1,0
sp002535,Q7/8/2Np4/Q4P1p/5K1P/8/4k3/5R1r w - - 6 48,a8a6,1,0
sp000352,8/8/3p4/2pQ1P2/k3p3/1NP5/1PB5/1K2b3 w - - 3 47,d5c6 d5c4,1,0
sp002065,r1k5/ppp1Qp2/7p/1b4B1/5n2/P1P1pP2/1P1N2PP/2KR3R w - - 3 18,e7d8,1,0
sp000713,2k5/3R4/p1N5/P1P2B2/8/4pPpK/8/6b1 w - - 0 39,d7h7 d7g7 d7f7 d7e7 d7a7,1,0
sp001548,r6r/3nb3/pp1pkn2/2p1p1p1/4P3/P1PP1N1P/4BP2/1R2K2R w K - 0 21,f3g5,1,0
sp003160,7R/1B3p2/1P3Pk1/2p3P1/5P2/2K2P2/8/7r w - - 3 33,b7e4,1,0
sp000604,3r3r/3k1p2/pnp2P1p/4P1p1/8/2QP1B1P/6P1/5RK1 w - - 0 23,c3c6,1,0
sp002267,1R6/8/5K1k/7p/2p4P/2P5/5bQ1/7r w - - 20 86,b8h8 g2g7 g2g6,1,0
sp001046,QQ6/8/3p1k2/3R1PN1/2P1pK2/8/2B3P1/1q6 w - - 1 43,b8f8,1,0
sp002199,Q6R/6k1/8/5K2/8/8/8/3q3Q w - - 1 61,h8h7 a8g8 a8f8 h1h7,1,0
sp002720,4k3/1p2P1p1/8/2p2pP1/2P2P2/rNK2P2/8/3q3r b - - 0 26,a3b3,1,0
sp002104,Q7/2q5/1pp5/8/8/PpP5/1P2k1p1/2K4R b - - 1 36,g2h1q g2h1r,1,0
sp001385,r3kb1r/5ppp/pnp2n2/6B1/2P5/P1K3Q1/1P3PPP/3q1B1R b kq - 4 16,f6e4 b6a4,1,0
sp001087,Q1KB1RR1/3P4/5N2/8/5k2/6b1/8/8 w - - 49 116,a8e4 f6g4,1,0
sp003102,6Q1/3k4/5p2/R1P3b1/1p5r/2n2pK1/4b3/8 b - - 1 38,c3e4,1,0
sp002680,3Q4/8/1Bp5/5p1k/5P2/7K/8/3bq3 w - - 11 94,d8g5,1,0
sp000562,3r4/6bK/3P2P1/5P2/1p1k4/1q6/p7/r7 b - - 0 44,b3g8,1,0
sp001717,4Q3/8/1kp5/8/8/7R/6q1/3bKBr1 b - - 2 53,g1f1,1,0
sp001799,R7/8/1n2kp2/2p2p2/2P2P1P/5q2/3Kb3/1r6 b - - 37 52,f3d3,1,0
sp000082,8/7K/2p5/5p2/r7/2p5/6q1/4r2k b - - 63 68,a4h4,1,0
sp000387,2k5/1pq5/p1p4K/4b2P/2PP1p2/2R5/8/r4n2 b - - 2 43,c7g7,1,0
sp000412,8/5BR1/1np5/4q3/P1n1p2P/1K6/2pk4/8 b - - 0 53,e5b2,1,0
sp000235,2k5/1p3Bpr/1np4p/p7/4PpPK/R1P5/3r4/Q4R2 b - - 1 23,d2h2,1,0
sp001532,8/5P2/1p6/8/5kq1/p1P1b3/7K/7R b - - 2 43,g4g3,1,0
sp001693,8/4K3/5n2/2p2B1p/7P/5Qp1/8/k3b3 w - - 11 53,f3a3,1,0
sp002630,4R3/2k5/Pp5p/3pPB2/5K2/8/8/1q6 w - - 1 40,e8c8,1,0
sp002636,8/8/8/4q3/2K2b2/4p3/8/3nqrk1 b - - 9 82,e1c3,1,0
sp001736,8/4bp2/5nP1/3kp1K1/P7/1PP5/2Q5/7r b - - 0 36,h1h5,1,0
sp000819,3R1b1r/4kpp1/2Q5/p1pnp3/2P2p2/P4p1P/1P6/2K4R w - - 1 28,d8e8 c6d6,1,0
sp001298,q4rk1/3R3R/8/6p1/4ppP1/P1K2p2/1pP5/8 w - - 0 29,d7g7,1,0
sp003116,Q5RK/4k3/1B6/2PB4/5P2/5Pp1/8/n7 w - - 3 55,a8d8,1,0
sp000501,R7/3P2p1/2Nk1pP1/1P3K2/5P2/8/1p6/6r1 b - - 1 38,b2b1q b2b1b,1,0
sp001605,8/3R4/4K3/b7/8/2p5/7R/5k2 w - - 21 70,d7d1,1,0
sp002454,3RR3/4R3/1p2P3/1P5p/7P/4k1K1/3q4/7r b - - 10 58,d2h2 d2f2,1,0
sp002066,r1k5/ppp1Qp2/7p/8/5B2/P1P1pP2/1P1N2PP/2KR1b1R w - - 1 19,e7e8 e7c7,1,0
sp001881,rn2k2r/1p3pb1/pQp2B1p/8/2P1P3/P2p1P2/1P1Nb1PP/R3KB1R w KQkq - 0 15,b6d8,1,0
sp001871,2r4r/5p1k/pp3P1p/5p2/1PP2P2/1P6/1K1b3P/6R1 w - - 2 29,g1g7,1,0
sp001845,7R/3nk3/p2p1p2/3Pp3/4P1n1/5KP1/PP1b2P1/7R w - - 0 28,h1h7,1,0
sp003201,8/4K3/6Q1/1Q1P1p1p/7P/8/k7/4R3 w - - 4 61,g6a6,1,0
sp001485,2B4k/3P1R2/1pp4p/5K2/3b1N2/3P4/8/q7 w - - 0 39,d7d8q d7d8r,1,0
sp000901,1R5R/3PQ3/p1k2p2/P1p2Bp1/2K3P1/5n2/3N4/8 w - - 3 38,h8c8 e7c5 d7d8n,1,0
sp001624,3Q4/1B3ppk/2p2n1p/4p3/4P3/2P5/5PPP/r3N1K1 b - - 3 22,a1e1,1,0
sp002353,8/8/8/7p/4B2P/6bK/4kq2/1r6 b - - 16 89,f2h2,1,0
sp000598,R5QK/3P1Q2/2PP4/8/8/8/7k/8 w - - 51 108,f7h7 f7h5,1,0
sp002595,3N4/8/5P1p/6p1/5pP1/1Pn4P/3k1K2/7q b - - 2 42,c3e4 c3d1,1,0
sp001387,Q3Q3/8/2K5/5k2/5b2/2P3p1/4q1p1/1q6 b - - 1 56,e2b5 b1b5,1,0
sp000088,R7/2q1b3/p2p2p1/1pp1p1N1/2k1B1n1/P1P2N2/1PQ2PP1/2K5 w - - 2 27,f3d2 b2b3,1,0
sp000768,8/8/4B3/1p1Q1r1p/4p2P/2k3p1/5qP1/1K6 b - - 2 43,f2b2,1,0
sp000139,R2QR3/1B6/2N5/8/8/2P2kpK/8/8 w - - 2 44,d8f6,1,0
sp000752,1k1K4/7r/8/5p2/5P2/8/6q1/8 b - - 17 61,g2g8,1,0
sp003222,4Q3/3Q4/1N3pPk/5P2/5P1p/1K6/3q4/6r1 w - - 8 54,e8h8 d7h7,1,0
sp000056,5K2/2k5/2P2Qp1/1Q4P1/3N4/8/6p1/7r w - - 4 51,b5b7,1,0
sp001979,6R1/5k2/1PQ2p2/4bK1p/6nP/2pP4/8/8 w - - 1 44,c6e8 c6e6,1,0
sp000233,6B1/3R4/8/2p5/2P2k1K/8/8/r7 b - - 0 86,a1h1,1,0
sp002456,6RK/8/8/8/5q2/2p5/4kb2/8 b - - 30 107,f4h6,1,0
sp000657,6Q1/8/5P2/1P3K2/1P2p3/8/4p2Q/5k2 w - - 0 50,g8g1 h2g1,1,0
sp002676,r7/3K3k/p6p/P5pP/5b2/1np5/6q1/3br3 b - - 0 39,b3c5 g2b7 g2d5 d1g4,1,0
sp001883,rn2k2r/1p2Bpb1/pQp4p/8/2P1P3/P2p1P2/1P1N2bP/2KR3R w kq - 0 17,b6d8,1,0
sp000184,4k3/2p1Ppp1/2KP1n2/5Q2/2R2P2/P1P5/1P6/5rq1 b - - 2 29,g1b6,1,0
sp001118,8/2b5/8/8/6r1/3K2k1/5q2/1r5B b - - 7 87,b1b3,1,0
sp001281,4k2N/8/1r1p1bpp/2p1p3/4P2P/P1p5/1q3PP1/3K3R b - - 0 23,b2d2,1,0
sp001678,7R/3N2k1/2Q2p2/5P2/4KP2/5p2/2p5/8 w - - 0 52,c6f6,1,0
sp003173,6Q1/8/5p1k/2p2P2/2P2PK1/4q3/8/r3r3 w - - 1 45,g8h8 g8g6,1,0
sp000214,R6r/3B4/5p2/8/2P3p1/3P3P/7K/5k2 b - - 1 38,h8h3,1,0
sp000362,r3k2r/1pQ2p1p/p4B2/3P1bK1/5P2/R7/1P1N3q/8 w kq - 1 27,c7e7,1,0
sp000280,2R5/1p4p1/1Pp3Pr/K6p/8/8/8/1q1b3k b - - 6 40,b1b5,1,0
sp003170,Q7/5p2/5P1k/5K1P/1pp2P2/1b4p1/6P1/4r2R w - - 0 37,a8h8,1,0
sp000177,2r4R/1pp2p2/5Pk1/6P1/p2PrK2/R1P2N2/2Q5/8 w - - 1 35,c2e4,1,0
sp000026,Q7/5k2/2N2P2/4PK2/1p1PB3/6p1/1p6/4b3 w - - 0 39,e4d5 e5e6,1,0
sp000866,2Q5/6b1/pPBp1k2/4pPp1/4K1n1/1P6/5PP1/7r w - - 1 28,c8e6,1,0
sp002743,7R/3R4/2Q5/1P3Pk1/4K3/2b2p1P/5P2/8 w - - 9 48,c6h6 c6g6,1,0
sp001367,8/3N4/2p5/2r5/PP2P3/2pK2b1/5q2/7k b - - 0 54,f2d2,1,0
sp000364,8/p1k5/q7/3K1P2/2P2b2/5p2/5P2/4r3 b - - 0 35,a6d6,1,0
sp002739,r7/2k5/5PNp/2p5/1p3n2/1Pb3pP/2P3P1/2K5 b - - 1 31,a8a1,1,0
sp002397,8/3P4/p6Q/P6n/4qbk1/1bP3p1/1Pp3P1/6K1 b - - 2 37,e4e1 c2c1q c2c1r,1,0
sp002281,3N4/6R1/8/3Q3p/1p5P/1N5K/3b4/3k4 w - - 23 61,d5d2,1,0
sp000242,4R2R/1K1P2k1/8/2b2Q2/5p2/1NP2P2/8/8 w - - 15 51,h8h7 e8g8,1,0
sp002728,6R1/8/2k1p2r/4p1K1/4P2P/3B4/5q2/qq6 b - - 14 53,f2h4 f2f4,1,0
sp002531,7K/8/8/7N/8/4qn2/6r1/6k1 b - - 71 122,e3h6,1,0
sp003073,4R3/1p5K/5k2/2p2pN1/1rP2P2/8/4n3/q1R4R w - - 0 38,e8e6 h1h6,1,0
sp001152,8/8/P1p5/1p3p2/4pq2/2P1p1k1/4K3/7r b - - 0 46,f4f3 f4f2,1,0
sp001149,R7/8/2p4p/3P4/7P/4kB2/6q1/2b1K3 b - - 0 36,g2g1,1,0
sp001099,8/8/2BQ4/4b3/5k2/4p3/4K3/1qr5 b - - 1 58,c1e1,1,0
sp001741,8/8/6p1/6P1/2p2k2/2p4K/1q6/r7 b - - 31 85,a1h1,1,0
sp001303,1R4RN/8/2pnP3/r7/1p3p2/2k2pp1/3p4/6K1 b - - 0 50,a5a1 d2d1q d2d1r,1,0
sp002543,8/8/PbN2k2/1K1P3P/8/8/8/1Q6 w - - 1 42,b1g6,1,0
sp000586,1R1K4/6Q1/2N3P1/5P2/2k5/8/7R/8 w - - 2 67,g7d4,1,0
sp003209,1r6/8/1P6/1P6/2P2k2/2q3p1/4K3/7r b - - 0 49,b8e8 c3e3 c3c2 h1e1,1,0
sp000263,6RK/1Q6/3p4/3P4/8/2P5/7k/1R3n2 w - - 25 71,b7h7,1,0
sp002612,8/1P6/5P2/6p1/1p3kP1/2pK1P1P/3N4/7r w - - 0 37,b7b8q b7b8b,1,0
sp001669,8/8/8/7p/7P/7K/2B4Q/q3bk2 w - - 0 74,h2g2 c2d3,1,0
sp002839,Q7/8/2p5/5n2/1Q3b2/3k1p1P/5K2/3r3q b - - 0 50,f4g3 f4e3 h1g2 h1f1 d1f1,1,0
sp002045,3k4/P2p2b1/1N1P2p1/3RP1P1/8/1KP2p2/2P5/8 w - - 0 35,a7a8q a7a8r,1,0
sp000470,r6r/4k3/3p3p/pP6/P2pPp2/3P1pp1/2q3P1/R5K1 b - - 0 31,c2g2,1,0
sp001872,3K4/7q/8/8/5pr1/2n1p1k1/8/7r b - - 3 72,g4g8,1,0
sp000199,5R2/8/2Q5/7k/b1p2P1p/2P4P/1K6/8 w - - 12 56,f8h8 f8f5,1,0
sp001978,1R4r1/2b2k2/1PQ2p2/5K1p/6nP/2pP4/8/8 w - - 1 43,c6d7 c6c7,1,0
sp001982,QQ4R1/5k2/5p2/4nK1p/7P/2pP2b1/8/8 w - - 3 47,b8f8 b8e8,1,0
sp001068,1K4R1/3R4/8/8/2p5/2P5/7Q/k7 w - - 3 69,g8g1 d7d1,1,0
sp002757,B7/2k5/p2p3p/1p1P1p2/4rP2/P5pP/1P4P1/R2bR1K1 b - - 2 27,e4e1,1,0
sp001507,R7/4P3/1pp1kP1p/4B3/3PK3/5B2/3N4/n7 w - - 1 42,e7e8q,1,0
sp000734,4K3/8/8/q7/8/2b5/3rkq2/8 b - - 25 94,a5d8 a5e5,1,0
sp002450,5R2/4R3/1p2P1P1/1P5p/7P/4k1K1/3q4/7r b - - 2 49,d2h2,1,0
sp001707,8/8/2p3p1/6P1/2p2k1K/8/8/r2q4 b - - 9 60,d1h5 d1g4 d1h1,1,0
sp003047,2B2r2/5p2/5np1/4p1P1/3p1k2/rPp5/5q2/2K4R b - - 0 29,a3a1,1,0
sp000767,7R/8/5pk1/5p2/5K2/2p5/2b5/7Q w - - 0 42,h1h7,1,0
sp001203,4R3/8/2p5/8/5p2/1K6/6k1/q3q3 b - - 5 59,e1c3,1,0
sp002927,R7/8/3k1p2/1P3B2/2n1Kp2/3Nb3/8/1q6 b - - 3 46,c4d2 b1h1,1,0
sp002682,r2BQ3/1p6/1np4k/5P1p/pP2Bp2/P6P/1K1N4/3R2R1 w - - 4 29,e8h8 e8g6,1,0
sp001897,6R1/2k5/2N2b2/1P1P4/2K5/2P5/3q4/r7 b - - 7 48,d2c3,1,0
sp000527,1Q6/4kB2/8/p1nnP3/3p4/P5NP/1Pb3K1/R4R2 w - - 1 33,b8e8 b8d6,1,0
sp002758,Q7/3k4/2Np4/R4P1p/2P1K3/1P5P/8/R7 w - - 1 41,a5a7,1,0
sp001536,5Q2/8/8/4k3/1P5K/4b2R/8/q5q1 b - - 0 53,g1g5,1,0
sp001486,B6Q/8/7p/4p1k1/4P3/2P1Kp1P/5P2/q2b3q b - - 2 39,a1c3,1,0
sp000194,4k2r/4bp2/3p1n1p/4P3/8/P1P4P/1PQ3pK/R1Rq4 b k - 0 22,g2g1q,1,0
sp000241,5K2/6R1/8/8/8/1b6/3q4/5k2 b - - 49 131,d2d8,1,0
sp000579,1k4K1/5QP1/8/2pB4/2P5/8/8/7q w - - 21 66,f7b7,1,0
sp000306,6RK/8/7Q/8/5P2/8/8/1k5q b - - 11 69,h1h6,1,0
sp002046,3R4/2q5/ppp5/7K/5b2/P1P2k1P/8/8 b - - 8 49,c7h7,1,0
sp002453,6RK/8/3q4/8/8/2p5/4kb2/8 b - - 26 105,d6h6,1,0
sp000593,R5QK/3P1Q2/2PP4/8/8/8/8/7k w - - 45 105,f7h7 f7h5,1,0
sp000637,2K5/5B2/1q6/4p3/1p2P3/2n5/8/3r1k2 b - - 5 54,d1d8,1,0
sp001037,6Q1/8/2P4p/p2P3k/P3p3/6K1/5p2/4R3 w - - 0 41,g8g4 e1h1,1,0
sp002669,6R1/8/2p3p1/2P3P1/2P5/k1K3p1/8/1q6 w - - 5 41,g8a8,1,0
sp001049,6B1/5QP1/3kBK2/3P4/q7/8/8/8 w - - 17 57,f7e7,1,0
sp000759,2KQ4/8/1b6/8/5k2/1bb5/3r4/q7 b - - 3 73,a1a8,1,0
sp002779,7r/4N3/6P1/5p2/7P/6p1/5bP1/1k5K b - - 0 39,h8h4,1,0
sp001789,1q6/8/2p3kp/4bp2/b4p1P/P1P5/K1P5/4r3 b - - 1 36,b8b1,1,0
sp000451,Q7/8/2P3pk/4P1p1/5pPp/7P/3N3K/4R3 w - - 0 32,a8h8,1,0
sp002825,7r/8/4P3/4k3/1p1p2p1/3K1pPp/r7/q7 b - - 11 49,a1c3 a1f1,1,0
sp002578,3QR3/6q1/1n5k/3B1P1p/2P2P1P/8/2K5/q7 b - - 1 45,g7c3,1,0
sp002082,7K/2p5/2P5/8/5b2/8/3r4/6qk b - - 13 136,d2h2,1,0
sp001255,8/1B6/2P3k1/1p3p2/1P3P1K/1P2q3/8/5n2 b - - 5 42,e3g3,1,0
sp001389,4Q3/8/2K5/5k2/3P1b2/6p1/4q3/1q6 b - - 3 62,e2b5 b1b5,1,0
sp001039,2Q4r/2p3pp/p4kP1/5P2/6P1/2P2N2/Pb1BB3/R3K2n w Q - 1 22,c8e6 d2g5,1,0
sp000751,2K5/8/1qP5/8/5k2/1bb3p1/3r4/8 b - - 2 58,b3e6 d2d8,1,0
sp000879,R7/1Q1RK3/6Q1/5B2/8/4b3/8/2k5 w - - 7 83,a8a1 b7b1,1,0
sp002731,3Q2B1/8/7k/5P2/1p3P1p/1N1P1B1P/1K6/R6R w - - 0 37,d8f8 d8f6 d8g5,1,0
sp002433,4RKR1/8/8/p3q3/P7/2P4k/8/8 b - - 13 61,e5f6,1,0
sp002038,1Q4R1/4k3/4b1K1/1P6/5P2/6pp/8/8 w - - 0 53,b8d8,1,0
sp001438,7K/2b2P2/8/8/8/8/3r4/k5r1 b - - 4 68,d2h2,1,0
sp000367,7r/2kn4/p6p/4Ppp1/R3N3/7P/PPP2qb1/2K5 b - - 1 28,f2e1,1,0
sp000360,r1b1k2r/1pp2p1p/p4B2/3P2K1/5P2/R7/1PQN3q/8 b kq - 13 25,h7h6,1,0
sp000152,QQ2R3/8/5p2/3K1P2/r7/2p5/2B3p1/k7 w - - 1 47,b8b1 a8a4,1,0
sp002892,1Q6/6p1/k2p4/4p3/1Q2P3/2P1KNp1/8/6r1 w - - 7 39,b8a8 b8b7 b8b6 b4b6 b4b5 b4a4 b4a3,1,0
sp002644,6B1/5B2/2K1P3/5Q2/8/8/7R/3k4 w - - 23 63,f5f1 f5b1,1,0
sp001375,8/8/5N2/1Pr5/4P3/2pK2b1/5q2/7k b - - 2 57,f2d2,1,0
sp001091,2k5/1p4p1/p2K4/5pp1/3p2P1/P1nB4/3N4/R2r3R w - - 0 25,h1h8,1,0
sp002816,8/7K/2p5/8/8/1b6/4nq2/6rk b - - 59 98,f2h4 f2h2,1,0
sp002741,B5B1/3Q4/7k/3P1P2/1p3P1p/1N5P/1K6/R6R w - - 3 41,d7h7,1,0
sp002556,1K6/3P4/2N2k1P/8/1Q6/8/8/1Q4b1 w - - 15 56,b4e7,1,0
sp002087,7Q/2q5/1Np5/1q6/1p1K4/6k1/3p4/8 b - - 3 56,c7f4,1,0
sp000457,4k2r/1pQ5/R4rpp/4p3/3pP1n1/5N2/1P1N1PP1/4K2R w Kk - 4 22,a6a8,1,0
sp001267,3Q4/8/p1p2pkp/R7/4KP2/7P/1P1p4/5R2 w - - 0 40,d8g8,1,0
sp002812,2R3K1/8/7q/5p2/8/4kb2/4n3/1q6 b - - 1 82,f3d5,1,0
sp003164,7R/1p6/pnp4p/6p1/1P1K1k2/1Pn2P2/7P/8 w - - 3 31,h8f8,1,0
sp001662,7K/8/8/3q4/5b2/1b6/8/6k1 b - - 9 146,d5g8,1,0
sp002070,r1k5/ppB1Q3/2b2p1p/8/5P2/P1P1pN1P/1P6/2KR4 w - - 0 23,e7d8 d1d8,1,0
sp000643,7N/4b3/6p1/1p2p2k/2n1PPnP/2KB4/2R5/r6R b - - 2 34,a1a3,1,0
sp001334,7r/1p6/p1P2p2/P4k2/7P/3P2KR/6P1/2b2r2 b - - 0 34,c1f4,1,0
sp001776,1Q6/4k3/2Q5/8/8/6KP/8/B4r2 w - - 2 61,b8e8 c6e8,1,0
sp001857,1Q6/1P1K4/5k1p/q4p1P/5P2/2n2P2/8/7r w - - 1 48,b8f8,1,0
sp002163,7R/6b1/4k3/4p3/p2pP3/P2K1p2/5q2/6b1 b - - 11 60,f2e2,1,0
sp000961,R7/1p6/1np5/p3kp2/8/1P2K2P/6r1/5q2 b - - 1 38,b6d5 f1e2 f5f4,1,0
sp000354,Q2Q4/8/5p1k/R4B1p/4KP1P/5N2/5R2/3q4 w - - 1 44,d8h8 d8f8 d8f6,1,0
sp002178,3K4/6q1/1np5/8/8/8/4k3/8 b - - 25 60,g7d7,1,0
sp001510,3B4/2P5/1p4P1/7r/8/p1k5/8/2K5 b - - 0 39,h5h1,1,0
sp000462,N6R/8/p2P4/P2b4/5k2/7K/3r4/5r2 b - - 1 48,f1h1,1,0
sp002223,R2Q4/5k2/2Q5/4Kp1p/2p4P/2P1p3/5b2/8 w - - 17 61,d8f8 d8d7 d8c7 d8f6 a8a7 c6f6,1,0
sp000249,r2QR3/1p6/2k3p1/p1p5/PP3p2/2P3p1/1K6/5n2 w - - 0 36,e8e6 b4b5,1,0
sp001242,4R3/8/1npk1Pp1/6P1/3pK3/2q2Bp1/8/8 b - - 3 45,c3e3,1,0
sp002702,3BQ3/2K5/2P2P1k/7p/p4p1P/P1n5/2B5/7r w - - 9 50,e8h8 e8f8 e8g6,1,0
sp001538,5Q2/8/8/4k3/1P5K/4b2R/8/3q2q1 b - - 4 55,e3g5 g1g5 g1g4 d1g4,1,0
sp000928,B7/3PQ3/8/3P1K1k/8/5p2/5P2/8 w - - 1 63,e7h7 e7g5,1,0
sp002238,4Q3/8/7k/5K1p/R1p4P/2P1p3/5b2/8 w - - 19 74,e8h8 e8g6,1,0
sp002640,3K4/8/3k4/3Ppp2/4P3/5B2/5P2/6r1 b - - 0 56,g1g8,1,0
sp001598,4r2k/5Pp1/6P1/3P1P2/4Pb1P/K7/8/1r5q w - - 1 38,f7e8q f7e8r,1,0
sp001004,4R3/8/8/3n2p1/5bP1/2n1nK2/3k4/4r3 b - - 33 64,e1f1,1,0
sp001003,4R2R/6k1/2P5/3P1KP1/4P3/6Q1/8/8 w - - 1 49,g3c7,1,0
sp002995,2B4b/8/2N5/7p/p3kp2/PP4pP/4n1K1/2r5 b - - 1 43,c1g1 f4f3,1,0
sp000886,2b2r2/rp1n2pk/p7/5p2/2p2pPP/7R/PPP1p1q1/2K5 b - - 0 26,e2e1q e2e1r,1,0
sp000218,q6r/8/8/r2p3P/2P2b2/3pk1p1/1P4P1/6K1 b - - 0 37,a5a1,1,0
sp002911,8/8/8/8/7k/6p1/p5P1/6K1 b - - 1 61,a2a1q a2a1r,1,0
sp001841,7R/4b1pp/p1Np1p2/1k1P4/1P6/1P5P/6p1/4R1K1 w - - 0 28,h8b8,1,0
sp001950,B2K4/2RR4/8/2q5/8/8/2B5/5k2 b - - 24 130,c5f8,1,0
sp002105,r3k2r/ppQ1bpp1/1n3B1p/8/6b1/2Pp1P2/PP1N2PP/2K1R2R w kq - 1 16,c7e7,1,0
sp001274,R7/8/2p2K1k/5p1p/5P2/1Q6/1P6/7q w - - 6 48,a8h8,1,0
sp002141,6R1/8/3bk3/4p3/p2pP3/P2K1pp1/5q2/8 b - - 5 49,f2e2,1,0
sp002982,BR6/P1k5/1Np2p2/5Q2/4Kb2/2P5/8/5n1r w - - 3 41,f5d7 f5f4,1,0
sp002953,2kr2R1/pp4Q1/2p5/n4pp1/5PP1/P1K5/2Pp2P1/2q5 b - - 0 32,c1a3,1,0
sp002279,8/1p6/p1pkP2p/8/P1p1K3/2P4P/8/3q1r2 b - - 0 33,d1d3,1,0
sp000307,7K/6Q1/8/8/5P2/8/R7/1k3q2 w - - 18 73,g7b2 g7a1,1,0
sp000689,4K3/2q2P2/8/8/6q1/2b3p1/3rk3/8 b - - 4 70,c7d8 g4c8 d2d8,1,0
sp001401,6R1/6P1/5p2/5P2/4Kn2/2p5/3r1q2/1k4r1 b - - 8 69,d2d4 d2e2 g1e1,1,0
sp002318,3B2Q1/1p1n2b1/r1k4p/2p5/2P5/P4P2/2P2P1P/2K4R w - - 0 22,g8e6 g8d5,1,0
sp000596,6QK/3P1Q2/2PP4/R7/8/8/8/7k w - - 49 107,f7h7 f7h5 a5h5,1,0
sp001740,r3k3/ppp3p1/1n2p1P1/2b5/3p4/N7/PPP3qP/R3Kb1R b KQ - 1 21,g2e2,1,0
sp000574,Bk4K1/5QP1/8/q1p5/2P5/8/8/8 w - - 11 61,f7b7,1,0
sp000250,r4r2/1pp1bp2/p1q2n2/4p3/4P3/PNPP3P/1PQ1K1k1/5R1R w - - 0 22,f1g1,1,0
sp001089,1K4R1/3R4/8/8/2p5/2P5/7Q/1k6 w - - 55 95,g8g1 d7d1,1,0
sp001638,7r/3n3k/p1q3p1/1p3pP1/7P/2p1K3/P4P1R/b2b4 b - - 1 26,c6e4,1,0
sp002001,3K4/7q/8/8/n7/2n5/5k2/6r1 b - - 3 72,g1g8,1,0
sp001854,R5R1/8/1P1p4/3P1k2/4p3/5PP1/3bK3/1q6 b - - 0 40,b1e1,1,0
sp001541,4k2r/6q1/r1pp4/5P1Q/4Pp2/P6K/1PPN4/R4R2 b k - 0 23,h8h5,1,0
sp000558,1K4Q1/3Q4/2P5/5p2/5P2/7k/4r3/6r1 w - - 9 62,d7h7,1,0
sp003293,3Q3Q/3Pb3/2Kpk3/1P2pN2/4P3/5n2/8/r7 w - - 0 62,d8g8 d8e7,1,0
sp001483,2B4k/3P1R2/1pp1N2p/5K2/3b4/3P4/p7/8 w - - 0 38,d7d8q d7d8r,1,0
sp000191,8/4k1p1/6Qr/1ppQ1Kp1/2P5/5P1P/6P1/1r6 w - - 1 36,g6f7 d5d6,1,0
sp003166,8/P4p2/5P1k/1pp2K1P/5P2/1b4p1/6P1/4r2R b - - 0 35,b3e6,1,0
sp002643,6B1/5B2/2K1P3/5Q2/8/8/7R/3k4 w - - 15 59,f5f1 f5b1,1,0
sp001786,7R/3n4/2k2p2/2p2p2/2P2P1P/2K5/1r2b3/q7 b - - 5 36,a1a3 a1c1,1,0
sp002859,7r/4K2P/8/8/1p6/1qk5/4b3/3q4 b - - 4 53,d1d8,1,0
sp002569,6k1/5p2/2Qp1Pp1/b3p1Np/4P2P/K1P5/8/1R5R w - - 1 31,c6e8,1,0
sp000208,8/1pb3p1/1Np2pP1/5B2/r4k2/P1P5/5KP1/1q4r1 b - - 3 33,b1f1 b1e1,1,0
sp001177,5R2/8/2p1k3/4p3/1P2P1pP/1N4K1/8/3q4 b - - 1 36,d1g1,1,0
sp002320,3B2Q1/3n2b1/rpk4p/2p5/2P5/P1P2P2/5P1P/2K4R w - - 0 23,g8d5,1,0
sp001802,1R6/8/1n2kp2/2p2p2/2P1qP1P/2K5/8/1r1b4 b - - 43 55,e4d4 e4e3 e4c2,1,0
sp000060,1k3K2/4QQ2/2P3p1/6P1/8/1N6/6p1/3r4 w - - 16 57,e7b7,1,0
sp000483,2r4r/8/3p4/PP2k2p/1p1pPp2/3P1P2/2q3p1/4K3 b - - 0 38,g2g1q g2g1r,1,0
sp000442,1Q6/3kb3/2N1p3/4p1p1/6P1/P1KP4/2Q2PB1/8 w - - 1 33,c6e5,1,0
sp003089,Q7/8/2B2pk1/1P3p2/3N1P2/7R/1P4K1/7R w - - 3 38,a8g8,1,0
sp001026,3R4/4KB2/4Q3/8/5b2/2k5/8/7q w - - 43 79,e6b3,1,0
sp001798,3B4/4KR2/2Q5/5p1k/5Pp1/7P/8/2q5 w - - 0 53,f7h7,1,0
sp003217,r2q1r2/1p2b1k1/pnpp1npR/4P1B1/2P2pP1/P4N2/1PQ2PP1/R3KB2 w Q - 1 18,c2g6,1,0
sp003252,1K2Q3/8/4Qp1k/5P2/5P1p/8/2r5/8 w - - 1 80,e8h8 e8g6,1,0
sp002832,8/8/p1p2Q2/1P2b3/4kp2/P3n2P/4K3/2Rr3q b - - 0 42,h1f3 h1h2 h1g2 h1f1 h1e1,1,0
sp003070,4R3/1p6/5k1K/2p2pN1/1rP2P2/8/p3n3/2R4R w - - 0 37,e8e6,1,0
sp000424,8/2r5/p6p/P6P/4p3/K1p3k1/8/1r1q4 b - - 11 52,d1b3,1,0
sp000539,3Q4/8/8/5p1p/2p5/k1KP3P/5q2/8 w - - 1 45,d8a5,1,0
sp002520,1R6/8/P1Q1P3/5K2/8/2p3p1/8/k7 w - - 5 51,c6a4,1,0
sp000938,Q7/3K4/2Q5/8/8/1N6/8/4rk2 w - - 0 69,c6g2,1,0
sp002549,8/8/1nBP1p2/5P2/4K3/8/8/1rbq1r1k b - - 5 48,f1f4 f1e1 b1b4,1,0
sp001309,r7/8/p5p1/5p2/3p1k1P/PN3P2/5K2/Q6R w - - 0 29,a1d4,1,0
sp001645,1Q6/8/3p1PKp/2k2P2/p1P2P2/2P3P1/3N4/1R6 w - - 0 49,b8c8 b8c7 b8b6 b8b5,1,0
sp002435,r7/2b5/8/2p5/1p2kp2/6p1/3K4/q7 b - - 3 47,a8a2,1,0
sp002437,8/8/7K/8/1p2kn2/2b5/8/3q4 b - - 19 76,d1h5,1,0
sp002724,4R3/8/2k1p2r/4p1K1/4P2P/3B4/5q2/qq6 b - - 8 50,f2h4 f2f4,1,0
sp002432,r2q3r/3n2p1/p1bP2P1/4k3/P5KP/8/8/b1R5 b - - 0 36,d8h4,1,0
sp001705,8/8/2p3p1/6P1/2p2k2/2q5/6K1/r7 b - - 5 58,c3g3,1,0
sp000393,5KR1/8/2P5/8/8/8/3r3Q/5k2 w - - 9 80,g8g1,1,0
sp003008,4Q3/8/3p3p/1P3p2/5P1P/3q1k1K/8/4r3 b - - 4 51,e1h1,1,0
sp001608,r3k2r/8/p1P5/6p1/N6b/P7/1P2n1PK/R2b1R2 b kq - 0 25,h4g3 h4f2 h4e1,1,0
sp001489,Q7/4N3/3n4/5p2/P1P3pk/6p1/5q2/7K b - - 2 45,f2h2 f2f1,1,0
sp001077,Q1KB1RR1/3P4/5N2/4b3/5k2/8/8/8 w - - 31 107,a8e4,1,0
sp002931,6R1/8/3k1p2/1P3B2/2n1Kp2/3Nb3/8/1q6 b - - 15 52,c4d2,1,0
sp002899,8/2q5/8/2kp1p1Q/r7/P1P4K/1P3bP1/R4R2 b - - 0 31,c7g3,1,0
sp000434,8/8/p6p/P3r2P/4p3/K1p3k1/8/1r1q4 b - - 19 56,e5a5 d1b3,1,0
sp002341,7R/5Bp1/2Q3P1/4k3/3p1b2/1P1K4/8/8 w - - 5 45,c6e6,1,0
sp000939,Q1B4R/8/R2K4/5Pp1/2P3P1/8/5p2/6kb w - - 0 46,h8h1 a8h1,1,0
sp001547,2K5/3P4/1bN2P2/8/5bp1/8/4b3/7k b - - 2 53,e2a6,1,0
sp000546,1kB5/5QR1/6K1/2p1P3/2P5/R5P1/6q1/8 w - - 2 37,f7c7,1,0
sp001933,6R1/8/K7/5p1p/3b1p1P/5P2/5k2/1q6 b - - 15 76,b1b6,1,0
sp001807,5R2/8/5p2/2p2p2/2n1kP1P/2K5/4q3/3b4 b - - 4 60,e2d3 e2c2,1,0
sp001758,b3k3/8/2P3p1/4b1N1/4p1P1/2n1K3/8/rq5r b - - 11 44,b1e1,1,0
sp001997,Q7/2kP4/6K1/3R3p/2P5/2q5/8/4b3 w - - 1 57,d7d8q d7d8b,1,0
sp000288,7R/1p6/1Pp4r/K6p/6p1/8/6q1/3b3k b - - 1 45,g2d2,1,0
sp002804,7r/3n2b1/4k3/p2n2P1/4K3/P1P2p2/1P2b3/R7 b - - 2 29,h8h4 d7c5,1,0
sp000398,4k2r/4B3/1np2p1p/1Pp2Q2/4KP2/r6P/P4q2/R7 b k - 0 28,a3e3 f2d4 f2f3 f2e3 f2g2 f2e2 f2c2,1,0
sp003284,7Q/3n4/ppkp2P1/8/2P3p1/P4P2/1P3PB1/R3K3 w Q - 0 24,h8c8,1,0
sp000612,r2Bkn1R/1p3pp1/p7/2p5/5P2/2n1ppP1/4p3/4K3 b q - 1 24,f3f2,1,0
sp002468,7R/3R4/1p2P3/1P5p/7P/4k2K/3q4/6r1 b - - 19 70,d2g2,1,0
sp001956,1Q2R3/8/5rk1/5p1p/5PpK/8/3rb3/2q5 b - - 8 49,c1e1,1,0
sp002359,Q7/2p5/4k3/1P2PNK1/p4p2/P7/6B1/6r1 w - - 3 45,a8e8 a8d5,1,0
sp000709,3Q4/5B2/2N2p2/1P3p2/5P2/2k1K3/2q5/r7 w - - 10 51,d8f6 d8d4,1,0
sp003143,4k3/7K/8/2B2n2/7p/6qP/3r4/8 b - - 3 53,g3g7,1,0
sp002330,8/8/4P3/1P4k1/8/1nq2BKP/3r4/8 b - - 12 56,c3c7 c3e5,1,0
sp003256,1K2Q3/5Q2/5p1k/5P2/5P1p/8/6r1/8 w - - 7 83,e8h8,1,0
sp002114,8/8/1nPb2pk/3P4/P3p1p1/1KP5/8/5q2 b - - 0 32,f1b1,1,0
sp001272,R5Q1/8/2p2K1k/5p1p/5P2/8/1P4q1/8 w - - 4 47,g8h8,1,0
sp001966,R5R1/8/8/3PpB2/4K3/2k5/3p4/2b2q2 b - - 2 74,f1f4 f1e2,1,0
sp002013,Q7/4KB2/8/5p2/5N2/2q5/3n3k/8 w - - 1 111,a8g2,1,0
sp000321,7q/5K2/7q/8/5k2/4p3/8/8 b - - 5 76,h8f8 h6f6,1,0
sp002835,8/8/P1p2Q2/4b3/1p2kp2/4n2P/4K3/2r4q b - - 0 45,h1h2 h1g2 h1e1 c1c2,1,0
sp001527,7R/8/1p3PP1/8/4k3/p1P1b1K1/8/1q5r b - - 3 38,b1g1,1,0
sp003056,8/8/3Q3p/3P1kp1/5p2/5P1P/3R4/6K1 w - - 0 41,d6e6,1,0
sp000654,7r/2N5/8/8/1p6/2p2kpP/3q4/4b2K b - - 1 45,d2h2 d2g2,1,0
sp000009,B6Q/q3B3/2p2p1p/p4k2/3p1P2/Q4P1P/2PN4/5RK1 w - - 2 25,h8f6,1,0
sp001514,r4rk1/1ppn1ppR/p7/3P1q2/Q1P5/P4b1P/1P3b2/2K2B1R b - - 0 18,f2e3,1,0
sp000871,1Q1Q4/5k2/p1Bp1b2/4pP2/4Kpn1/1P6/6P1/7r w - - 1 33,d8f8,1,0
sp001008,3R4/8/8/6p1/3n1bP1/2n1n3/3k1K2/4r3 b - - 43 69,c3e4 c3d1 e1f1,1,0
sp001491,1Q6/3k4/2p2P2/5K2/5P2/1B6/8/3q2rr w - - 3 45,b3e6,1,0
sp002089,7Q/8/1Npq4/1q6/1p6/4K1k1/3p4/8 b - - 5 57,d6f4 d6d3 b5d3,1,0
sp000448,r3k2r/3N2p1/2pp3p/p3b3/P3Ppp1/1PPP4/2q3P1/R3KB1R b KQkq - 0 22,e5c3,1,0
sp002419,RR1Q4/8/3P4/1P1K1p2/5k2/4p1p1/5bP1/q7 w - - 27 66,d8h4,1,0
sp001103,r4r2/2q3R1/p1p2k2/1p2b3/5p2/P1P4P/1PQ5/2K4R w - - 0 30,c2g6,1,0
sp003132,7r/K4p2/P4P2/7P/1q3bk1/8/8/8 b - - 0 39,f4e3 b4b8,1,0
sp000179,B4rk1/4bp2/2Pp1n1Q/4p3/2P1P1P1/5P2/1K1N2P1/3R3R w - - 1 25,h6h8 h6g5,1,0
sp000785,1K2R2Q/8/8/8/8/2p5/5p2/3bqk2 w - - 0 69,h8h1,1,0
sp001351,4k3/1r1n1pp1/1p6/3np1p1/4PPP1/3P3r/4K2P/7q b - - 0 23,h3h2,1,0
sp001695,5R1r/1p6/p2b4/2p1k1P1/2K5/P1P2PpP/6B1/7R w - - 0 30,h1e1,1,0
sp002493,3R4/2B5/P7/5K1k/5P1b/8/4n3/6bQ w - - 2 49,d8h8,1,0
sp002613,Bq5R/8/5PN1/4P3/1p4P1/1qp1kPp1/8/K7 b - - 11 49,b8a7 b3b2,1,0
sp000419,2r5/8/p6p/P2q3P/K3p1k1/2p5/8/1r6 b - - 5 49,d5b3 d5a2,1,0
sp002989,QR6/2k5/1NB2p2/5Q2/4Kb2/2P5/8/5nr1 w - - 5 45,f5d7 f5f4,1,0
sp000515,3r2B1/1k6/2p5/Kp6/1P2p3/P4pP1/5P2/3q3r b - - 0 34,d8a8 d1a4,1,0
sp001109,6RK/8/7P/5P2/8/6p1/3q4/5k2 b - - 4 80,d2h6,1,0
sp000899,7R/3PQ3/p1k2p2/P1p2Bp1/2K3P1/8/3N3n/1R6 w - - 1 37,h8c8 e7c5 d7d8n,1,0
sp002689,3BQ3/1p1n4/7k/2PK1P1p/p4p2/P4N1P/1rB5/3R2R1 w - - 3 35,e8h8 e8g6,1,0
sp002335,1Q6/8/2p2pK1/5P1p/r3Bq1P/5P2/3b4/k7 w - - 6 62,b8b1,1,0
sp003001,Q2R4/4k3/1N3p2/3B1K2/8/2P3b1/8/r7 w - - 9 53,d8d7,1,0
sp000526,1Q6/3nkB2/8/p2nP3/3p4/P5pP/1Pb1N1K1/R4R2 w - - 1 32,b8e8,1,0
sp002803,4k2r/8/2P2n2/2B2p2/1pPK1b2/P4ppP/2N5/7q b k - 0 31,h1d1,1,0
sp000282,2Q5/8/8/3Q4/P3p1p1/2K1knb1/8/1q4r1 b - - 7 52,g1c1,1,0
sp002597,4r3/7k/p1p2p1p/1p5P/5b2/1Pn2P2/P3q3/K7 b - - 1 34,e2a2,1,0
sp000171,4R3/8/2p5/8/2P5/4p2p/6q1/3K3k b - - 1 45,g2d2,1,0
sp002331,8/3Q4/4K3/1P6/6QP/4k3/8/7R w - - 7 51,d7d4,1,0
sp002537,4k2r/1pp1P1b1/pn4q1/8/8/P1P2P2/1K3P1P/3r3R b k - 0 22,g6b1,1,0
sp000850,K2N2B1/Q1p2B2/2Nk4/5B2/5b2/4p3/8/7r w - - 3 84,a7d4 a7a3,1,0
sp001765,1Q6/4k3/2Q5/6K1/5P1p/4p2P/6P1/B7 w - - 4 49,b8e8 c6e8,1,0
sp000087,8/3RK3/5P2/8/8/8/7R/5k2 w - - 3 114,d7d1,1,0
sp002477,R7/3R4/1p2P3/1P5p/7P/4k1K1/3q4/7r b - - 29 75,d2h2 d2f2,1,0
sp000332,1RB1k3/5p2/2p2P2/2P3Kp/5P1P/8/3br3/8 w - - 1 40,c8e6 c8f5 c8g4 c8h3,1,0
sp002244,8/6b1/1n3kp1/4p1p1/4K1P1/2p5/1q6/8 b - - 7 54,b2e2,1,0
sp001962,r4r2/1pp5/p4Q2/2k2Ppp/2Pp4/P4P1K/1P1N2P1/R2bR3 w - - 4 25,e1e5 b2b4,1,0
sp002801,4kbRq/3n4/3pK3/8/4Ppp1/P1P3P1/6P1/8 b - - 1 33,h8e5,1,0
sp002220,8/7k/2P4p/K4p1P/5b2/1Pn5/P3q3/3q4 b - - 0 35,e2b5,1,0
sp000931,B7/3P4/1Q6/3P1K2/7k/5p2/5P2/8 w - - 7 66,b6h6,1,0
sp001131,4R3/6k1/Pn3pP1/5PP1/8/1P6/1K1p3R/8 w - - 0 43,h2h7,1,0
sp000789,4b3/7P/5k2/r4p2/3p1K2/2p2P2/8/1q6 b - - 0 43,b1b8,1,0
sp003002,Q2R4/4k3/1NB2p2/5K2/8/2P3b1/8/4r3 w - - 11 54,d8d7,1,0
sp002928,r6r/6p1/pn1p2P1/N7/P1Pb1n2/1P3k1P/7K/R7 b - - 0 29,h8h3,1,0
sp002201,Q6R/1q4k1/8/5K2/8/8/8/8 w - - 0 63,a8g8 a8f8,1,0
sp001611,7R/8/k1K2pP1/5P2/1p6/1N1p4/2B5/8 w - - 0 37,h8a8,1,0
sp002175,6R1/4b3/4k3/4p3/p2pP3/P2K1p2/5q2/6b1 b - - 25 67,f2e2,1,0
sp001098,r2B1R2/1p6/1np5/4p1N1/2PpPn2/P2Pk3/6R1/1qb1K3 w - - 1 32,g2g3,1,0
sp001335,7r/8/p1p2p2/P4k2/3P3P/6KR/6P1/2b2r2 b - - 0 35,c1f4,1,0
sp002817,7K/8/2p5/8/8/1b6/4n1q1/6rk b - - 61 99,g2g8 g2g7 g2h3 g2h2,1,0
sp000561,3r4/6bK/2kP2P1/8/1p3p2/1q4P1/p7/r7 b - - 0 42,b3g8,1,0
sp002062,r1k2n2/ppp1Qp2/7p/1b4B1/8/P1P1p3/1P1N1PPP/R3K2R w KQ - 1 16,e7d8,1,0
sp002246,5r1Q/4P3/1np4R/5pk1/1p6/P1P1K1p1/8/1q6 w - - 0 39,h8g7,1,0
sp001120,8/2b5/8/3B4/6r1/3K2k1/1r3q2/8 b - - 11 89,f2d4 f2d2,1,0
sp002887,2R5/4B3/pq6/2p5/4Pk2/P1PP2p1/6P1/b5K1 b - - 1 30,b6b1,1,0
sp002322,3B2Q1/3n2b1/1pk4p/2p5/2P5/r1P2P2/1K3P1P/7R w - - 0 24,g8d5,1,0
sp000993,1b2Q3/3R1B2/1pk5/p1p5/P4p2/1KRP4/8/8 w - - 11 43,f7d5,1,0
sp002304,7R/3R2Q1/2Q5/5P2/2P1Bk2/2P5/2Q5/4K3 w - - 3 58,c6h6 c2f2 c2d2 c2c1,1,0
sp002497,1Q5b/4N3/2K2k2/5P2/3p1P1p/7P/8/3n4 w - - 0 40,b8f8,1,0
sp000624,r4n2/8/1p6/p1p2p2/3k1Pp1/2n1ppP1/4p3/4K2R b - - 1 35,f3f2,1,0
sp000207,r7/1pb3p1/1Np2pP1/5B2/5k2/P1P5/4K1P1/1q4r1 b - - 1 32,g1g2,1,0
sp001317,2K5/7r/8/8/8/2p2pk1/4q3/8 b - - 3 60,e2e8,1,0
sp000236,7R/1B1n4/R7/4kp2/1p3pp1/2P5/2KN4/6q1 w - - 0 27,h8e8 d2c4,1,0
sp003202,1r6/8/8/1P6/rP1K1kpP/2P5/6q1/7b b - - 1 36,g2d5,1,0
sp001124,4bK2/8/8/5Q2/8/8/1Q6/3k2r1 w - - 7 65,f5b1,1,0
sp002290,1Q5r/2p1Bk2/p4P1p/3P1KP1/5P2/2b5/3Nb1P1/7n w - - 1 30,g5g6,1,0
sp000223,q6r/7P/8/1P6/2Pp1b2/4k1p1/r2p2P1/6K1 b - - 0 42,a2a1 d2d1q d2d1r,1,0
sp001600,8/2R5/p5b1/P7/8/6k1/3p1p2/5K2 b - - 5 77,g6d3 d2d1q,1,0
sp002413,1Q6/8/k2p4/P4p2/3P1P1P/5KP1/3b4/8 w - - 1 46,b8b6,1,0
sp002218,8/1p6/4kbp1/4p1p1/P3K1P1/1pP5/5q2/7r b - - 0 36,f2e2,1,0
sp000356,8/1p6/8/5p2/2B2k2/2np3P/1b1KbP2/7r b - - 2 33,c3e4 c3b1 h1d1,1,0
sp000229,1R4B1/8/8/2p5/R1P2k2/5n1K/8/6r1 b - - 37 81,g1g3,1,0
sp001508,5K2/7q/7p/7P/1p6/8/7k/3q4 b - - 13 63,d1d8,1,0
sp000533,3q2k1/6b1/pnP2pPp/1b3p2/5p1P/PP6/R1PNr3/3K4 b - - 3 25,d8d2,1,0
sp000036,1Q1B4/8/2B2PK1/1P6/6k1/7R/8/3q4 w - - 1 51,b8g3,1,0
sp000892,2b5/rp4p1/pn4PP/5pk1/2p2p2/4r3/PPP1p1q1/2K5 b - - 0 31,e2e1q e2e1r,1,0
sp002404,7q/K7/1n6/5p2/8/5pk1/8/1q6 b - - 31 64,h8a8,1,0
sp001987,5r2/2b2ppk/5n1p/8/5p1P/1bPK4/1P6/q7 b - - 4 31,a1d1,1,0
sp003044,2B2r2/5p2/3p1npp/4p1k1/3RP1P1/rPp4P/5q2/2K4R b - - 1 25,a3a1,1,0
sp002573,8/8/2B5/5p2/2P4R/4k1KP/1r6/1q6 b - - 0 45,b1e1,1,0
sp002460,8/4K1R1/4Q3/7p/7P/2p5/8/3r3k w - - 7 94,e6h3,1,0
sp002826,7r/4P3/8/4k3/1p1p2p1/3K1pPp/1r6/q7 b - - 0 50,a1a6 a1f1,1,0
sp001973,3R4/8/5k2/5p1p/5PpK/1bq5/3r4/8 b - - 9 59,c3h3 d2h2,1,0
sp002532,7K/8/8/7N/8/5n2/3q2r1/6k1 b - - 75 124,d2h6,1,0
sp001110,7R/3n4/2p2pP1/5K2/k2N2P1/2P5/1P6/8 w - - 1 30,h8a8,1,0
sp001184,2Q5/3Pk3/3p1b2/PP2pP2/8/2nK4/8/6br w - - 1 39,c8e8,1,0
sp002024,QQ4R1/2p1k3/6K1/3bP2p/5P2/2P3p1/8/8 w - - 2 46,b8e8,1,0
sp001923,3Q4/7K/1NP5/5p2/3q4/8/6r1/5k2 b - - 6 75,d4g7,1,0
sp001671,8/8/8/7p/7P/7K/2B4Q/q3bk2 w - - 4 76,h2g2 c2d3,1,0
sp000102,8/7P/3p2p1/6R1/P4K2/2n5/8/3r3k w - - 1 42,h7h8q h7h8r,1,0
sp002921,Q5Q1/3k4/2pP4/2P2p2/4pp2/6p1/7p/7K w - - 0 41,g8e8 g8c8 g8f7 a8e8 a8d8 a8c8 a8b7 a8a7,1,0
sp001275,8/7K/2p5/2P2p2/5p2/5P2/4r3/5krn b - - 1 104,e2h2,1,0
sp002575,B3k3/p2N2p1/1p1b1p2/3p2p1/1P1P2P1/2P1KNP1/3Q1P2/1q3r2 b - - 0 29,b1e4,1,0
sp001754,4k3/2b5/1n4p1/4p1N1/2P3P1/2K5/r5b1/1q5r b - - 3 36,b6a4 h1c1,1,0
sp000860,1q1R4/8/4P2p/5p2/2p2P2/2n5/p1K3k1/1r6 b - - 1 41,b8b2,1,0
sp002993,QR6/2k5/1NB2p2/5Q2/4K3/2P1n1b1/8/6r1 w - - 9 47,f5d7,1,0
sp001633,8/7K/5P2/8/8/8/4nkr1/6r1 b - - 2 61,g2h2 g1h1,1,0
sp002926,r6r/6p1/pn1p2P1/N7/2PR1n2/PP3k1P/5b1K/R7 b - - 2 28,h8h3,1,0
sp001735,8/8/6p1/r5P1/2p2k1K/2p5/4q3/8 b - - 21 80,e2h5 e2g4 e2h2,1,0
sp001958,6r1/1p6/p7/5PP1/4BK1k/N1Pp4/1P6/5R2 w - - 0 37,f1h1,1,0
sp001474,1Q6/3P4/1BP1K3/5Q2/8/8/8/6rk w - - 1 84,f5h3,1,0
sp003048,2B2r1R/5p2/6p1/3np1P1/3p4/rPp3k1/5q2/2K5 b - - 4 31,a3a1,1,0
sp003228,Q3r1k1/6p1/1N4Pp/8/K1p2b1P/2R1p3/8/8 w - - 1 43,a8e8,1,0
sp001831,7k/4N1p1/6P1/5K2/p1b5/P7/3p4/R7 w - - 4 53,a1h1,1,0
sp003203,1r6/8/8/1P6/1PK2kpP/r1P5/6q1/7b b - - 3 37,g2d5,1,0
sp000555,6Q1/1K1Q4/2P5/5p2/5P2/7k/4r3/7r w - - 7 61,d7h7,1,0
sp001626,BQ1B4/4R3/3p1k2/3P4/5K2/8/2p5/8 w - - 0 62,b8d6,1,0
sp001948,8/1R6/2Np4/3PbB2/2k1Kp2/1Np5/8/1R4n1 w - - 4 51,b7b4 c6a5,1,0
sp003258,1K6/5Q2/5p1k/5P2/5P2/7p/4Q1r1/8 w - - 0 84,e2h5,1,0
sp000653,6RK/1p6/1Pq5/8/5b2/8/4k3/8 b - - 10 70,c6h6,1,0
sp000823,3N4/2p3P1/1QN3P1/1K1k1B2/4pb2/8/8/7r w - - 1 65,b6c5 b6d4,1,0
sp003261,1K6/5Q2/5p1k/5P2/4QP2/7p/8/r7 w - - 4 86,f7g6,1,0
sp002041,QR6/6b1/1n1P1ppp/8/3p4/1k1K3P/1P3Pp1/8 w - - 0 38,b8b6 a8a3,1,0
sp000299,8/1p2R3/1P6/K1p3rp/5q2/6p1/8/3b3k b - - 7 53,f4b4 f4a4,1,0
sp001534,5K2/2q5/4PP2/5P2/5p2/2n5/3p4/1k4br b - - 17 61,h1h8,1,0
sp002292,1Q5r/2p2k2/p4P1p/3P1KP1/1B3P2/2b5/3Nb1P1/7n b - - 2 30,h1g3,1,0
sp001007,6R1/1k1nN1b1/p4p2/P2R1p2/1P3P2/2P5/1K2b3/6b1 w - - 1 34,d5d7,1,0
sp000911,1R6/3PQ3/p1k2p2/P1p2Bp1/4K1P1/8/7n/8 w - - 0 43,d7d8n,1,0
sp002384,8/8/1nP2rk1/4Kp2/q6P/2P2p2/8/q7 b - - 3 38,a4e4 a1c3 a1e1,1,0
sp002534,3K4/7r/8/8/8/2p1k3/5q2/r7 b - - 49 122,f2f8 a1a8,1,0
sp001885,rn2k2r/1p2Bpb1/pQp4p/8/2P1bP2/P2p3P/1P1N4/2KR4 w kq - 0 19,b6d8,1,0
sp000254,r4r2/1pp1bp2/p1q2n2/4p3/4P2k/PNPP1K2/1P4Q1/5RR1 w - - 2 25,g2h2 g2h1 g1h1,1,0
sp000441,6r1/1pqnbp2/p1pp1n2/4p3/4P1kP/2PP1NP1/PPQ1BP1K/2R2R2 w - - 3 19,f3g5 f3e5 f3d4 f3d2 f3g1 f3e1,1,0
sp002093,7r/5pp1/3b1P1p/1kq5/3p4/PK5P/1P4P1/3r4 b - - 0 33,c5c4,1,0
sp000122,r5k1/1p3pp1/p1pp4/8/2PK4/P2P2P1/1P4QP/4q1R1 b - - 2 25,e1e5,1,0
sp002482,8/3R3R/1p2P3/1P5p/7P/7K/8/4qkr1 b - - 39 80,g1h1 e1g3,1,0
sp002449,5R2/4R3/1p4P1/1P2P2p/7P/4k2K/3q4/6r1 b - - 0 47,d2g2,1,0
sp003155,5r2/1B3p2/1n3Pk1/2p3P1/5P2/P1K2P2/8/7R w - - 1 29,b7e4,1,0
sp002551,B7/8/1n1P1p2/5P2/4K3/8/3q4/1rb2r1k b - - 7 49,d2e3 f1f4 b1b4,1,0
sp000681,8/8/5PP1/1p6/2p5/Ppbk4/2b5/2K3RR b - - 3 48,b3b2,1,0
sp000622,r4n1R/8/pp6/2p2p2/3k1Pp1/2n1ppP1/4p3/4K3 b - - 1 34,f3f2,1,0
sp002962,2kq4/1p6/p1p5/8/1K3p2/Pn4R1/2q3P1/8 b - - 0 40,d8a5 d8d4,1,0
sp000120,1R4B1/6Q1/2Np2K1/3P1P2/p2P4/P7/7R/3k4 w - - 15 62,b8b1,1,0
sp000025,Q7/5k2/2N2P2/4PK2/1p2B3/1p1P2p1/8/4b3 w - - 0 38,e4d5 e5e6,1,0
sp002998,3Q2K1/5B2/8/8/3b4/8/7Q/k3q2n w - - 19 94,h2a2,1,0
sp000395,2k1K3/1pq5/p1pb3P/8/2P2p2/8/8/r4n2 b - - 2 50,c7e7 c7d7 a1e1,1,0
sp000328,R1B1k3/5p2/2p2P2/5K1p/5P1P/2P5/3br3/8 w - - 4 36,c8e6,1,0
sp002871,3B1N2/8/2p4p/1p4p1/r2p1kP1/PP1RnP1R/2P2b2/1K6 w - - 0 30,f8g6 d8c7,1,0
sp003125,8/3n4/2p2p2/rbP2p2/5pk1/6p1/1b1K4/q6r b - - 11 43,h1h2 a1d1 a1c1,1,0
sp001162,7Q/8/8/5p2/2p1p3/2p1p3/5qk1/3K4 b - - 5 55,f2d2,1,0
sp000065,6B1/3Q4/r4P1k/8/5N2/2P5/2K5/2b5 w - - 5 45,d7g7,1,0
sp001774,1Q6/4k3/2Q3P1/8/5PK1/7P/8/B6r w - - 1 55,b8e8 b8d6 c6e8 c6d6 a1f6,1,0
sp002697,1K1BQ3/8/7k/2P2P1p/p4p1P/P1n5/2B5/r7 w - - 5 43,e8h8 e8g6,1,0
sp000599,1r6/2qn4/p2k1p2/3p1P2/P4p2/2bP1B2/2K5/1r6 b - - 2 31,b8b2 c3a5 c3e1,1,0
sp000642,8/2K2B2/8/4p3/4P3/2n5/5q2/1q1r1k2 b - - 1 60,f2c5,1,0
sp003046,2B2r2/5p2/5npp/4p1P1/3p1k1P/rPp5/5q2/2K4R b - - 0 28,a3a1,1,0
sp001229,Q7/1B6/7k/5K1p/2P4P/8/8/3b4 w - - 9 60,a8h8,1,0
sp000046,2B1R3/3n4/1b1k1Q2/5P2/2p1KP1R/5P2/8/8 b - - 0 60,d7f6,1,0
sp000092,7R/8/p1q3p1/1pppp3/2k1B1n1/P1P2P2/1PQK2P1/8 w - - 0 31,e4d3 b2b3,1,0
sp002064,r6r/2p4p/p1k2p2/2P2p2/1P1p1P2/P6P/6pK/R1R1q3 b - - 2 28,g2g1q,1,0
sp002362,B2B2R1/8/4KP2/2P5/5kp1/4b1p1/6P1/1r6 w - - 5 50,d8c7,1,0
sp003042,2B2r2/5pp1/3p1n1p/4p1k1/4P1P1/rPp4P/5q2/2KR3R b - - 3 24,a3a1 f2b2,1,0
sp002339,8/8/2p2pK1/5P1p/7P/1Q6/3bq3/kB6 w - - 1 66,b3a2,1,0
sp002527,rr6/2pB4/p1K2pPp/4k3/R7/2PQ4/P7/8 w - - 1 34,a4e4 d3f5 d3d5 d3e4 d3d4 d3g3 d3e3 d3e2,1,0
sp001072,Q1KB1RR1/3P4/1b3N2/8/5k2/8/8/8 w - - 25 104,a8e4,1,0
sp000764,Q6R/8/5pk1/2p2p2/5K2/2P2N2/2b5/8 w - - 0 40,a8g8,1,0
sp002412,1Q6/8/k2p4/P4p2/3p1P1P/2P1bKP1/8/8 w - - 0 45,b8b6,1,0
sp000392,r3k2r/4B3/1np2p1p/p1p2Q2/4KP2/NP5P/P1P5/R2q4 b kq - 1 24,d1e2,1,0
sp000225,1K2Q3/5B2/8/8/8/1n6/2r2k2/7Q w - - 37 104,e8e1,1,0
sp002286,1Q5r/2p1Bk2/p4P1p/3P1K2/5PP1/8/1b1Nb1P1/R6n b - - 0 28,h1g3,1,0
sp000900,2b3Q1/1p4p1/rn4P1/p4p2/2p2pk1/4r3/PPP1p1q1/2K5 b - - 2 34,e2e1q e2e1r,1,0
sp000286,2Q4Q/8/8/8/P3p1p1/2K1knb1/8/1q4r1 b - - 11 54,g1c1,1,0
sp000458,1Q6/3k4/2NP4/4p3/5pP1/P1K5/2Q3B1/8 w - - 0 38,c2f5,1,0
sp001264,2B5/8/2P3k1/1p3p2/1P3P2/1P5K/8/4qn2 b - - 15 47,e1g3,1,0
sp000113,7Q/2p2p2/2k4p/6p1/2P2bP1/5N1P/5K2/q6r b - - 0 31,a1f1,1,0
sp002566,6k1/2b2p1p/2Qp1Pp1/4p3/4P3/K1P2N1P/5r2/3R3R w - - 0 26,c6e8,1,0
sp002703,3R3B/4K3/1pp4p/5p2/k2N1P2/2P4P/7q/q7 w - - 6 34,d8a8,1,0
sp000158,Q3R3/8/1bK2p2/5P2/8/r1p4Q/2B5/k7 w - - 4 50,a8a3,1,0
sp002410,8/8/k1pp4/P4p2/5P1P/2P1bKP1/3q4/RQ6 b - - 0 41,d2f2,1,0
sp002327,1Q6/2p3b1/2P2p2/2P5/2Q5/4k1Kp/3r4/r7 w - - 4 53,b8e8,1,0
sp001556,6r1/8/7k/6p1/5bP1/2p1r3/3qn3/K7 b - - 1 50,d2b2,1,0
sp000603,1r6/2qn4/p4p2/4kP2/P2p1p2/2bP4/2K5/1r5B b - - 3 33,b8b2,1,0
sp000029,Q7/5k2/2N2P2/3PPK2/8/6p1/1p6/1B2b3 w - - 0 42,e5e6,1,0
sp001459,B7/8/1B1p4/8/2P2kp1/1P4p1/4q3/2KN3r b - - 0 38,h1d1,1,0
sp001832,1kN1R3/8/pPp5/2K2P2/1PP1p3/6p1/2n5/4r3 w - - 1 36,c8d6,1,0
sp001213,8/5Kbk/5p1p/2p2P1P/2p2p2/2P2P1B/3r4/4q1r1 b - - 11 83,d2d7,1,0
sp003014,Q7/8/1N1k1K2/3B4/8/2P3bR/8/6r1 w - - 15 63,a8c6,1,0
sp000786,7N/p1p2Qp1/P1pk2P1/4pB2/2P5/2K2NP1/5b2/r7 w - - 1 40,f7f8,1,0
sp000024,Q7/5k2/2N2P2/1p2PK2/8/1p1P1Bp1/8/4b3 w - - 0 37,f3h5 f3d5 e5e6,1,0
sp000763,Q6R/8/2p2pk1/5p2/5K2/2P2p2/2bN4/8 w - - 1 39,a8g8,1,0
sp001796,R7/3n4/4kp2/2p2p2/2P2P1P/2K5/4b3/1r4q1 b - - 31 49,g1c1,1,0
sp003159,8/1B3p2/1P3Pk1/2p3P1/5P2/2K2P2/8/3r3R w - - 1 32,b7e4,1,0
sp000369,7r/2kn4/p6p/R3P1p1/4p3/7P/PPP2qb1/2K5 b - - 1 29,f2e1,1,0
sp001985,1Q1Q2R1/5k2/5p2/5K1p/7P/2pn2b1/8/8 w - - 4 50,d8f8 d8e8 d8d7 d8f6 b8b3,1,0
sp000632,KR6/3N4/2B2P2/8/8/8/7Q/4k3 w - - 47 115,b8b1,1,0
sp002619,3Rn1k1/5ppp/1Q6/4p3/1p2P3/3B1N1P/1P3PP1/4K2R w K - 0 23,d8e8,1,0
sp001743,5KR1/3R3q/8/8/6r1/6p1/4k3/8 b - - 13 70,g4g8,1,0
sp002852,6R1/7K/8/3P4/8/8/Q7/4k3 w - - 3 70,g8g1,1,0
sp001770,1Q6/5k2/2Q5/8/5PP1/6KP/8/B3r3 w - - 0 52,c6f6,1,0
sp002587,7Q/3Nk1p1/1pBb4/3P1K2/6p1/2p2pP1/5P2/5r2 w - - 0 41,h8f8,1,0
sp000749,1k1K4/7r/8/5p2/5P2/8/6q1/8 b - - 13 59,g2g8,1,0
sp002744,R7/8/2k1p2r/4p1K1/4P2P/8/4Bq2/qq6 b - - 28 60,f2h4 f2f4,1,0
sp001713,6B1/2b5/7p/8/3kpp2/8/2K5/q3q3 b - - 1 45,e1c3 e1d1 a1c3 a1b1,1,0
sp001034,B2KQ3/8/2q5/8/5b2/2k5/8/8 b - - 15 87,c6c7,1,0
sp001292,K1B2RR1/3R4/2Q5/8/8/8/8/4k3 w - - 1 83,c6e6 c6e4,1,0
sp001842,7R/4b1pp/p1Np4/1k1P1p2/1P6/1P5P/6pK/4R3 w - - 0 29,h8b8,1,0
sp001916,7K/8/1NP2P2/5p2/8/8/6r1/4qk2 b - - 2 70,e1h4,1,0
sp000317,8/8/5p1p/5p1P/1p3P2/2k1K3/2p5/q4r2 b - - 1 38,a1e1,1,0
sp000502,8/8/pPB5/5p2/7p/1bp4P/1p6/1Kbn2k1 b - - 0 66,c3c2,1,0
sp002378,3K4/8/1n2P3/4NB1p/1q5P/2q5/8/5k1r b - - 9 59,b4f8 c3c8,1,0
sp001924,5K2/7r/2p1P2p/2P2p1P/8/8/8/qk1r2b1 b - - 1 43,d1d8 a1h8 a1a8,1,0
sp001268,3Q4/R7/2p3kp/4Kp2/5P2/7P/1P6/5q2 w - - 0 43,d8e8,1,0
sp000140,r2q1r1k/1p2bp1n/p5BQ/3p4/2P1p3/5b2/PP1K1PPP/6RR w - - 1 20,h6h7,1,0
sp001054,5K2/8/6q1/8/5b2/2k5/8/8 b - - 9 98,f4d6,1,0
sp003243,K3Q1Q1/3Q4/3q1p1k/5P2/5P1p/8/8/2r5 w - - 3 73,g8h8 g8h7 g8g7 g8g6 e8g6 d7h7 d7g7,1,0
sp002792,1R5r/8/2k2p2/1p6/p2K3P/2n5/3b4/5b2 b - - 3 34,h8h4,1,0
sp001071,5K2/5Q1q/8/p7/PQ6/4p3/4kq2/8 b - - 17 71,h7f7 f2f7,1,0
sp000975,R7/q1b2B2/ppk5/2p1Q3/2K2p2/P2P4/3R4/8 w - - 5 33,e5d5,1,0
sp000422,2r5/8/p6p/P6P/4p3/2p3k1/K7/1r1q4 b - - 9 51,d1b3 b1a1,1,0
sp000810,q3b3/8/8/5p2/5Pk1/2p5/4K3/r7 b - - 6 57,a8f3,1,0
sp003287,2QQ4/3PbB2/3pNk2/1K2pN2/4P3/1P3n2/8/3r4 w - - 9 57,d8e7,1,0
sp001940,4R2N/r6P/3p4/1P1P4/5P2/5kpK/8/8 b - - 0 50,a7h7,1,0
sp002805,8/3n2b1/4k1P1/p2n4/4K3/P1P2p2/1P2b3/R6r b - - 0 30,d7c5 h1h4,1,0
sp000423,R7/3n2b1/1NQ2pK1/8/1kp2P2/6p1/8/7b w - - 7 38,c6c4,1,0
sp002179,R7/8/3bk3/4p3/p2pP3/P2K1p2/5q2/6b1 b - - 27 68,f2e2,1,0
sp001378,8/8/2p2pP1/5P2/5K2/1k3p2/3n4/q5rR b - - 1 44,a1e5 a1d4,1,0
sp001676,7R/3N2k1/5p2/3Q1P2/4KP2/2p2p2/8/8 w - - 0 51,d5g8,1,0
sp001826,6k1/P7/2N1P1K1/R4BP1/8/8/8/7q w - - 1 57,a7a8q a7a8r,1,0
sp002564,8/5p2/5Q1p/1kpKb3/3p1p2/PN5P/1P3PB1/2R5 w - - 1 31,f6c6,1,0
sp000048,B2Bk1K1/8/2qR4/8/5P2/1n1Q4/8/8 w - - 0 62,a8c6 d3g6,1,0
sp003012,4Q3/8/3p3p/1P3p1P/4qP2/5k1K/8/4r3 b - - 0 52,e1h1,1,0
sp000377,8/8/8/5p2/5k2/Q4P2/5K2/3r4 w - - 11 55,a3e3,1,0
sp002301,Q6R/3R2Q1/8/5P2/2P1B3/2P1k3/2Q5/4K3 w - - 1 57,g7h6 g7g5 g7g3 c2f2 c2d2 c2c1,1,0
sp002698,1K1BQ3/8/2P4k/5P1p/p4p1P/P1n5/2B5/7r w - - 1 44,e8h8 e8g6,1,0
sp000554,k1B5/5QR1/4P1K1/2p5/2P3P1/8/8/7q w - - 1 44,f7a7,1,0
sp002113,r2Bk2r/ppQ3p1/1n6/5pp1/8/P1Pp1N1P/1P2b3/2K1R2R w kq - 0 23,c7e7,1,0
sp002382,1Q5R/4k3/8/2b4p/P3pp2/7K/8/r2q4 b - - 0 44,d1h1,1,0
sp000974,R3R3/3k4/PK6/P1P2P2/4B3/8/8/3r2b1 w - - 7 45,a8d8 e4c6,1,0
sp000404,2r5/7k/p2p3p/4P3/P1P5/2p4P/K7/1r1q3R b - - 0 34,d1b3 b1a1,1,0
sp002635,6B1/3R1K2/8/8/5N2/8/R7/6k1 w - - 1 83,d7d1,1,0
sp000977,3R4/q1b2B2/1pk5/p1p1Q3/2K2p2/P2P4/3R4/8 w - - 0 34,f7d5 e5d5 e5e4,1,0
sp001325,K1B1Q1R1/3R4/8/8/8/8/5k2/8 w - - 64 116,d7f7,1,0
sp001343,8/8/p6r/P6P/3pp1PK/5k2/8/2b2r2 b - - 0 47,f1h1,1,0
sp001345,8/3P1pQ1/2P2P1P/5K2/4Q3/8/8/5k2 w - - 41 77,g7g2,1,0
sp002622,2N1k3/4P3/r1P2KPr/5p2/p1b5/P6P/8/R7 w - - 5 36,c8d6,1,0
sp002867,8/3N2q1/8/8/4K3/8/5q2/1r4bk b - - 15 66,g7d4,1,0
sp000151,7R/8/3p1NP1/p1kq1BP1/5P2/2p5/2K5/q3r3 b - - 5 37,d5d1 e1e2 e1c1 a1b2 a1c1,1,0
sp000069,5r2/7k/2p5/5pKP/8/2p5/4q3/r7 b - - 0 32,e2g4,1,0
sp001919,2Q4K/8/1NP5/5p2/q7/8/6r1/5k2 b - - 2 73,a4h4,1,0
sp000867,3R2R1/4K3/2B5/8/6Q1/8/2k1p1P1/Q1b5 w - - 7 73,c6a4 g4c4 g4a4,1,0
sp002354,B7/2b5/8/7p/7P/7K/4kq2/1r6 b - - 18 90,f2g3 f2h2,1,0
sp001630,7K/8/8/5P2/8/6r1/4nk2/1r6 b - - 0 59,b1h1,1,0
sp000450,7r/5kb1/p1B2p1p/P4P2/8/1bpp3P/1p6/1K1n4 b - - 1 37,c3c2,1,0
sp001726,8/8/6p1/6P1/2p2k1K/2p5/r2q4/8 b - - 9 74,d2h2,1,0
sp000449,1Q6/3k4/2Nbp3/4p3/5pP1/P1KP4/2Q3B1/8 w - - 0 35,b8d8,1,0
sp002764,2R3RK/8/8/8/5P2/8/7p/7k w - - 0 67,c8c1,1,0
sp001096,r2B1R2/1p6/1np5/4p1Nn/2PpP3/P2Pk3/6R1/1qb1K3 b - - 0 31,c1a3 c1d2 c1b2,1,0
sp000864,7R/5p2/2Q2P2/7p/3k1P2/2p1pp2/5P2/K7 w - - 0 39,h8d8,1,0
sp001804,8/8/4kp2/2p2p2/2n2P1P/2K5/4q3/1R1b4 b - - 0 58,e2c2,1,0
sp000382,8/6R1/1B3K1k/7p/7P/5p2/8/7Q w - - 0 49,b6e3 h1c1,1,0
sp002738,B2Q2B1/8/8/3P1P1k/1p3P1p/1N5P/1K6/R6R w - - 1 40,d8g5,1,0
sp002345,8/8/5p2/7p/1r3b1P/7K/2B1k3/q7 b - - 1 79,a1h1 a1f1,1,0
sp001520,rn2kbnr/ppp3pp/5p2/4p3/4P3/N2PKbP1/PPP3q1/R1B4Q b kq - 1 12,g2e2,1,0
sp003032,7K/8/1n6/6r1/8/2p5/4kq2/8 b - - 55 144,f2h4 f2h2,1,0
sp001397,4k3/1pq5/pnp4P/2K5/2n2p2/2nP2p1/8/8 b - - 0 43,c7d6,1,0
sp002699,3BQ3/2K5/2P4k/5P1p/p4p1P/P1n5/2B5/6r1 w - - 3 45,e8h8,1,0
sp000907,BQ6/6k1/3p4/3P1Q2/8/2P2p2/2K2P1R/2b5 w - - 3 40,b8h8 b8f8 h2h7,1,0
sp000294,R7/1p6/1Pp4r/K6p/5q2/6p1/8/3b3k b - - 7 49,f4a4 f4d2,1,0
sp002236,8/3Q4/5k2/7p/R1p1K2P/2P1p3/5b2/8 w - - 7 68,a4a6,1,0
sp003099,RQ6/3k1p2/5n2/2PP2b1/1p5r/5pK1/4b3/8 b - - 0 35,f6e4,1,0
sp001455,r7/1p6/PB1p4/8/2P2kp1/1P4p1/4q3/2KN3r b - - 0 34,h1d1,1,0
sp000436,6K1/8/2pb4/5n2/5p2/4k3/8/3q3r b - - 17 77,d1d5 d1b3,1,0
sp001922,8/1k4p1/2r3Pp/5K1P/p3PP2/P1p5/8/3q4 b - - 2 44,d1h5,1,0
sp003018,1R5R/6RP/2N3B1/5K2/8/8/2Q5/1q2k3 w - - 6 85,b8b1,1,0
sp000989,1Q2R2R/2Q3b1/5k2/2Pp2p1/6K1/2P2p1P/5P2/8 w - - 0 35,b8b6,1,0
sp001981,1Q4R1/5k2/2Q2p2/5K1p/6nP/2pP2b1/8/8 w - - 1 46,b8f8 b8e8 c6e8 c6d7 c6e6,1,0
sp002079,6k1/6p1/3b2Pp/1PP1p3/3pP2P/2p5/7r/rB2K3 b - - 0 40,a1b1,1,0
sp002414,3r3r/6p1/pkPp1b1p/N1nKpP2/P1P5/7P/1P4P1/R4b1R b - - 2 24,f1g2,1,0
sp000677,7R/1p6/5PP1/8/2p5/Ppbk4/2b5/2K3R1 b - - 1 45,b3b2,1,0
sp002915,2B5/8/1n3p2/4rp2/7P/1Q1pkpK1/4q3/8 b - - 0 49,e2g2,1,0
sp001228,5K2/3Q4/2p5/2P1kp1p/5p1P/r4P2/6r1/8 w - - 0 46,d7d6,1,0
sp001122,8/2b5/8/8/6r1/3K1Bk1/5q2/1r6 b - - 13 90,b1b3,1,0
sp003127,4k3/5p2/2q2PP1/2p5/2P5/3K4/r1p5/rq6 b - - 2 40,c2c1q,1,0
sp002205,r6Q/1p4p1/pn2kb2/2p1p1p1/4K1P1/P1P2N2/1P1N1q2/R7 b - - 5 27,f2e2,1,0
sp001965,r4r2/1pp5/p4Q2/2k2P1p/2Pp1P1K/P5p1/1P1N2P1/R2bR3 w - - 0 27,e1e5 b2b4,1,0
sp001944,5r1b/8/P7/1p1p2k1/5pp1/8/7K/5q2 b - - 0 38,g4g3,1,0
sp001651,7r/5P2/8/5pk1/1p6/p1p3K1/P3q3/b2b4 b - - 0 38,e2f3 e2h2 f5f4,1,0
sp001643,7r/3n3k/6p1/p4pPP/1p3K2/2p2P2/P3q3/b2b4 b - - 0 32,e2e5 e2f3,1,0
sp001579,r2qkb1r/1p1n1pp1/p2p1n2/2p1p1N1/4P3/PQPP4/1P3PPP/R3KB1R w KQkq - 0 12,b3f7,1,0
sp000403,2k1K2Q/1pq3b1/p1p5/2P5/5p2/4n3/8/r7 b - - 0 53,c7d7,1,0
sp000651,N6r/8/8/8/1p4p1/2p2k1P/3q4/4b2K b - - 1 44,d2g2,1,0
sp000999,4R2R/6k1/2P5/3P1K2/6P1/5p2/5P1Q/2b5 w - - 1 42,h8h7 e8e7 h2h7 h2c7,1,0
sp002782,7r/8/2k5/K1p3p1/2P2p2/5P2/8/8 b - - 3 34,h8a8,1,0
sp001477,7r/1k6/p2p2p1/Pp1PP1N1/1P3K2/5n2/2q2b2/7r b - - 0 39,c2f5,1,0
sp003165,7r/1pN1k3/p2p2Kp/n2q1p2/8/PP1P3P/2P1p1P1/b2b3R b - - 5 26,d5f7,1,0
sp000437,8/8/p6p/P3r2P/4p3/K1p3k1/1r6/3q4 b - - 23 58,e5a5 d1b3 d1a1,1,0
sp002092,Q7/4Bk2/5P2/2p2B2/8/2KP2p1/8/3b2b1 w - - 1 37,a8f8,1,0
sp000312,R7/1p6/1P6/K7/8/2p5/5qp1/3b2k1 b - - 1 71,f2c5,1,0
sp000889,7R/4Q3/p1kP1pn1/2p2Bp1/6P1/P1K2PP1/3N4/1R6 w - - 1 32,f5e4,1,0
sp003207,1r6/8/8/1P6/1PP2k2/6p1/4K3/q6r b - - 3 47,a1d1,1,0
sp001727,8/8/6p1/6P1/2p2k2/2p4K/3q4/r7 b - - 11 75,a1h1,1,0
sp001668,8/8/6B1/7p/7P/7K/p6Q/4bk2 w - - 0 73,g6d3 h2g2,1,0
sp000695,5Q2/4K3/8/q7/6q1/2b3p1/3rk3/8 b - - 0 73,g4d7,1,0
sp002545,3Q4/8/2N5/5P1p/4K2P/8/7Q/3r1k2 w - - 5 68,d8d1,1,0
sp003282,7Q/3n4/ppkp2P1/6p1/2P5/P4P2/1P3P2/R3KB2 w Q - 0 23,h8c8,1,0
sp000344,r3r3/5pk1/p2b1n1p/3P4/4pP2/2P2P1P/PKP3BR/3q4 b - - 0 26,e8b8 a8b8,1,0
sp000394,2r5/6pk/p2p1b1p/5P2/2Pp1P2/P1P4P/K7/1r1q2RR b - - 0 30,d1b3 d1c2,1,0
sp002525,r7/8/pnp2k2/5p2/1QP3b1/P2B1p1P/1PK2PP1/3r1q1R b - - 0 24,f1d3,1,0
sp002929,B3kb1r/5pp1/3p1B1p/1q2p3/4P3/P1P2b2/2QN1PPP/R3K2R b KQk - 0 15,b5e2,1,0
sp002303,6Q1/2p3b1/2P2p2/5pkp/P1PN4/6K1/3r4/3r4 w - - 1 37,g8g7,1,0
sp001368,8/8/2p4p/7P/5k1K/r1n5/p7/q4r2 b - - 3 45,f1h1,1,0
sp000960,r2q3r/2p2Bp1/p1k2n2/4p3/2P3p1/6K1/PP1b1PPP/R6R b - - 1 18,d2f4,1,0
sp002415,6k1/6p1/R2P2P1/1P1n1p1p/1p3P2/1N3P2/8/4K2R w - - 6 37,a6a8,1,0
sp000685,4K3/5P2/3q4/8/6q1/2b3p1/3rk3/8 b - - 0 68,d6d8 g4c8 g4d7 g4e6 g4e4 g4a4,1,0
sp001580,7R/6k1/1nr2p1p/2N2P2/2p1p1P1/r5bP/5q2/3K1b2 b - - 1 38,a3a1,1,0
sp001244,8/3k4/2p2Pp1/6P1/2npK3/2q2Bp1/8/8 b - - 7 50,c3e3,1,0
sp001719,8/8/6p1/2p3P1/5k1K/2p5/3q4/r7 b - - 1 68,d2h2 a1h1,1,0
sp002600,Q6R/1p1nk1p1/3r1p2/2pP4/2P3p1/R4pP1/1P3P2/4K3 w - - 0 23,a8e8,1,0
sp002637,5Q2/3B4/2P3k1/6p1/4p1P1/3p2K1/8/rqbn4 w - - 1 45,d7f5,1,0
sp003059,Q6R/8/8/5p2/4pP2/6KP/4q3/5k2 b - - 2 47,e2f2,1,0
sp001957,6r1/1p6/p7/5PPk/4B2P/N1Pp2K1/1P6/5R2 w - - 1 36,e4f3,1,0
sp002317,1Q4Q1/2p3b1/2P2p2/2P2N1k/5K2/7p/3r4/7r w - - 3 47,g8e8 g8f7 b8e8,1,0
sp001533,8/5P2/1p6/8/5k2/p1P1b2K/8/3q3R b - - 4 44,d1h1,1,0
sp003154,5r2/7k/r2b1p1p/2p2PP1/2P1p2P/P3K3/5P2/1q4R1 b - - 0 27,b1d3,1,0
sp000738,r2B3R/8/p4P2/4k3/1p4K1/P2R4/4p3/7b w - - 1 39,h8e8,1,0
sp000581,R6K/3P1QQ1/2PP4/8/8/8/8/7k w - - 9 87,f7h5,1,0
sp001890,3Q4/p1p3p1/2N2p2/6p1/4BkP1/P4P2/P2K2P1/R5rq w - - 0 25,d8c7,1,0
sp002110,r2Bk2r/ppQ3p1/1n3p1p/8/6P1/P1Pp3P/1P1Nb3/2K1R2R w kq - 0 21,c7e7,1,0
sp001263,q5Q1/3K4/5k1p/5p1P/5P2/8/8/8 w - - 9 66,g8g6,1,0
sp001101,8/8/3QB3/4b3/5k2/3Kpq2/8/2r5 b - - 7 61,f3f1 f3d1 c1c3,1,0
sp003231,4Q3/6P1/1N2Qp1k/3q1P2/1K3P1p/8/8/2r5 w - - 7 63,e8h8 e8g6,1,0
sp000519,K7/2b2Q2/5P1P/5B2/8/8/5k2/5q2 b - - 0 74,f1a6,1,0
sp002417,R7/3Q4/2KP4/1P2kp2/R7/4p1p1/5bP1/7q w - - 5 55,d7e7,1,0
sp000880,2b2r2/rp1n2pk/p6q/5p2/2p2p1P/6P1/PPP1p2R/2K5 b - - 1 24,e2e1q,1,0
sp000459,7r/5k2/p1B2p2/P4P1p/8/1bpp3P/1p6/1Kbn4 b - - 5 40,c3c2,1,0
sp001650,1Q6/1R3P2/6K1/2kP1P2/p4P2/2P3p1/3N4/8 w - - 0 53,b7b5,1,0
sp001301,K1B3R1/3R4/8/8/8/6Q1/4k3/8 w - - 22 95,c8a6,1,0
sp001909,1QQ3r1/4k3/p4p2/5P2/4P1P1/PP5q/7b/R4R1K w - - 1 32,c8e6,1,0
sp000916,r4rk1/1pp3p1/p1n2pPQ/4p3/2PpP1P1/P2P1q2/1b3PB1/R3K3 w Q - 0 17,h6h7,1,0
sp001564,4R3/2b3P1/1n6/2p2p2/1p3k2/1bn1p3/5p1r/5KR1 b - - 1 45,b3c4,1,0
sp001421,1Q3K2/4R3/2p3q1/5kP1/5P2/5P1p/8/2b3r1 w - - 4 52,b8e5,1,0
sp001337,7r/8/p1p5/P2P1p2/7P/3k2KR/6P1/2b2r2 b - - 0 38,c1f4,1,0
sp002978,BR6/2k5/P1pb1p2/5Q2/N5K1/2P2p2/8/5n1r w - - 1 37,b8c8 f5c8,1,0
sp000509,K5Q1/8/5P2/5B1p/7P/6b1/8/5qk1 b - - 1 65,f1a6,1,0
sp001121,6KQ/1q6/8/8/5b2/p7/P7/3r1k2 b - - 5 76,d1d8,1,0
sp001900,3Q2r1/4K3/2k5/2p4p/2P1p2P/1N4p1/6P1/7r w - - 1 41,b3a5,1,0
sp001670,8/6p1/p1p4p/1p2b3/P1b2k2/2P4P/2R4K/3r4 b - - 0 34,f4f3,1,0
sp001036,6Q1/8/2P4p/p2P3k/P3p3/5pK1/8/5R2 w - - 0 40,g8g4 f1h1,1,0
sp000161,Q3R3/8/2K2p2/5P2/6Q1/r1p5/2B2b2/k7 w - - 6 51,a8a3,1,0
sp003128,3Q4/8/5P2/5K2/8/8/7Q/5k2 w - - 27 67,d8d1,1,0
sp003167,1kB5/6Q1/2K5/8/2P5/3P4/4pbr1/5q2 w - - 0 63,g7b7,1,0
sp003249,K3Q3/1Q6/4Qp1k/5P2/5P1p/8/8/2r3q1 w - - 9 76,e8h8,1,0
sp000264,8/k7/1pP5/pK3p1N/P1P2r2/8/8/7q b - - 2 48,h1b1,1,0
sp000696,8/8/5PP1/8/4k3/1pp5/p1b4R/b1K3R1 b - - 3 56,a1b2,1,0
sp000932,5k2/3P4/1p3K2/2p2P1p/5P2/p1P5/2Q4r/2b5 w - - 2 43,d7d8q d7d8r,1,0
sp003088,Q7/8/5p2/5P2/1p2K3/3r2p1/3k4/q7 b - - 10 63,a1e5 a1d4,1,0
sp000963,7R/1p6/1np5/4kp2/p7/1P2K2P/6r1/5q2 b - - 1 39,b6d5 f1e2 f5f4,1,0
sp000917,3k4/1p5r/pN3PB1/P1K5/2p5/7Q/8/r7 w - - 7 46,h3c8,1,0
sp001232,2k5/1pp1P3/8/4Pp1p/8/2PB1N1P/2Q2P1K/5R2 w - f6 0 29,e7e8q,1,0
sp002202,7Q/1B3p2/2p1kp1p/2K5/5PP1/2p4P/8/1r5R w - - 0 30,h8e8,1,0
sp001716,7q/2b5/4B2p/8/4pp2/4k3/2K5/4q3 b - - 5 47,h8c3,1,0
sp000217,b4N2/8/3p4/8/pP3p2/7P/1P4r1/R3bk1K b - - 0 36,g2f2 g2e2 g2d2 g2c2 g2b2,1,0
sp002401,7q/K7/1n6/5p2/8/5pk1/8/1q6 b - - 19 58,h8a8,1,0
sp001210,4k3/2p2pp1/p1P2n2/8/2P3P1/b1K2p2/PP3PP1/3q3r b - - 3 20,f6e4,1,0
sp001324,1R6/6Q1/2N2p2/3K1B2/8/2P5/R7/3k4 w - - 9 60,b8b1 g7g1,1,0
sp002645,3Q4/2p5/2P4P/2B2p1k/5P2/6K1/8/1q1b4 w - - 35 64,d8g5,1,0
sp002940,3R4/5Qp1/2P3P1/5p2/1pP5/6K1/8/6k1 w - - 7 59,d8d1,1,0
sp000655,R6K/1p6/1P4q1/8/5b2/8/4k3/8 b - - 12 71,f4e5,1,0
sp003072,8/8/8/5p2/5P2/2Q1p1KP/3q4/5k2 b - - 13 60,d2f2,1,0
sp000777,8/1p2Q3/2p5/P1P2p2/1p6/2P3p1/3K1k2/2R5 w - - 0 49,e7e2,1,0
sp001697,QQ6/8/p4b1p/2p2k2/5P2/1n3P1P/6B1/3K3R w - - 0 32,a8e4,1,0
sp001911,R7/3K2b1/p7/1Q6/8/6p1/8/k7 w - - 16 68,a8a6,1,0
sp001801,7R/8/1n2kp2/2p2p2/2P2P1P/2K5/4q3/1r1b4 b - - 41 54,b6a4 e2e3 e2c2 b1b3 b1c1,1,0
sp000559,3r4/1k4bK/3P2P1/8/1p3p2/1q6/p5P1/r7 b - - 0 41,b3g8,1,0
sp001400,7R/6P1/5p2/3n1P2/4K3/2p5/3r1q2/1k4r1 b - - 6 68,f2f4 f2e3 f2g2 f2e2 d2d4 g1g4 g1e1,1,0
sp000212,r5Q1/p3N3/pn1p4/8/2P2p2/7P/PP4bK/R3bk2 w - - 1 28,g8g2,1,0
sp000516,6B1/1k6/2p5/Kp1r4/1P2p1P1/P4p2/5P2/3q3r b - - 0 35,d1a4,1,0
sp001172,4KQ2/3Q2bk/7p/7P/5b2/8/8/3q1r2 w - - 1 60,f8g7 d7g7 d7f5,1,0
sp001059,2B1Q3/p1p5/2pk4/5Ppp/6n1/1N6/6P1/R5K1 w - - 0 34,e8e6 a1d1,1,0
sp000276,8/1p4pr/1Pp3p1/K5PP/8/5k2/8/1q1b2R1 b - - 0 36,b1b5,1,0
sp002458,5K2/3Q2R1/8/7p/7P/2p5/8/r6k w - - 3 92,d7h3,1,0
sp000691,5K2/5P2/2q5/8/6q1/2b3p1/3rk3/8 b - - 6 71,c3b4,1,0
sp001224,4R2r/1k1n4/2p4p/5p2/p1P2K1B/8/1P4q1/7b b - - 1 32,g2f3,1,0
sp002284,3N4/6R1/8/3Q3p/1p5P/1N5K/3b4/3k4 w - - 27 63,d5d2,1,0
sp002967,2k5/1p4R1/p1p5/8/PK3p2/1n6/2q3P1/6q1 b - - 0 42,g1c5,1,0
sp002052,QR6/8/1n1P1b1p/5pp1/3p4/1k3PKP/1P4p1/8 b - - 1 41,g2g1q,1,0
sp001427,6Q1/1pp3b1/n2k3p/2NP1pp1/1P2pPP1/P1P4K/6P1/R1B2q2 w - - 0 25,g8d8 g8e6,1,0
sp002480,7R/3R4/1p2P3/1P5p/7P/4q3/5k1K/6r1 b - - 35 78,e3g3,1,0
sp000431,B7/P7/2P4p/5Q1P/8/6K1/8/7k w - - 7 54,f5f1 f5b1,1,0
sp002457,4R3/3RR3/1p1qP3/1P5p/7P/4k2K/8/6r1 b - - 14 60,d6g3,1,0
sp002722,4R3/8/2k1p2r/4p1K1/4P2P/2qB4/5q2/q7 b - - 4 48,f2h4 f2f4,1,0
sp002094,7r/5pP1/7p/1kq1b3/3p4/PK5P/1P4P1/3r4 b - - 0 34,c5c4,1,0
sp002818,5Q2/3RK3/2B5/8/8/2p1k3/8/2r5 w - - 11 109,f8f3,1,0
sp001140,8/4b2k/2pp1p1p/r4P1K/5P2/PPP2P1P/1QRr1Rq1/8 b - - 8 29,g2h3,1,0
sp001935,1QB3R1/6p1/2p5/4K1k1/8/8/8/6nq b - - 13 53,h1d5,1,0
sp003150,8/8/2p2p2/2P2p2/6k1/1b6/rb3K2/q6r b - - 6 64,b2d4 b2c1,1,0
sp002314,1Q6/5k2/pBP2P2/5KP1/5P2/2b2p2/4bn2/7r w - - 1 38,g5g6,1,0
sp001100,8/3B4/3Q4/4b3/5k2/3Kp3/8/2r4q b - - 5 60,h1f1 h1d1,1,0
sp002344,1r6/2b5/p6p/P2n4/KB3P2/RPp5/4k3/7R b - - 11 36,b8b4,1,0
sp000851,8/3R4/5Q2/2p2p2/2P2p1b/1KP1p1k1/8/5q1Q w - - 0 50,f6h4,1,0
sp002142,R7/4b3/4k3/4p3/p2pP3/P2K1pp1/5q2/8 b - - 7 50,f2e2,1,0
sp001173,4KQ2/7k/4Qb1p/7P/5b2/8/8/3q1r2 w - - 3 61,f8g8 e6g8 e6f5 e6e4,1,0
sp002255,1R6/4Q3/5K1k/7p/2p4P/2P5/4rb2/8 w - - 10 81,b8h8 e7g7,1,0
sp002337,8/8/2p2pK1/5P1p/7P/1Q3q2/2Bb4/kr6 w - - 0 65,b3b1,1,0
sp000168,5K2/3RR3/3P4/p2P2p1/6P1/2Q5/8/3k4 w - - 0 57,e7e1,1,0
sp002718,3BQR2/2K5/2P4k/7p/p4p1P/P7/2B1n3/7r w - - 23 66,e8g6,1,0
sp003255,R2B3r/3n4/2N4p/1k3Pp1/5pP1/2K4P/6B1/8 w - - 0 36,a8a5,1,0
sp001852,R5R1/8/1n1p4/P2P1k2/4p1n1/6P1/3bK1P1/1q6 b - - 1 38,b1e1,1,0
sp001790,6R1/3n4/4kp2/2p2p2/2P2P1P/8/2K1b3/qr6 b - - 15 41,a1b2,1,0
sp001756,1K3Q2/8/2P5/8/1p4k1/2n5/6pQ/r2br3 w - - 0 52,f8f4,1,0
sp002374,8/8/8/7p/4Bb1P/4k2K/5q2/1r6 b - - 40 101,f2g3 f2h2,1,0
sp000017,3R3r/2q2B2/1np4p/4pkN1/2P2p1K/PP5P/8/8 b - - 0 30,h6g5,1,0
sp002249,8/2q4k/K1P4p/5p1P/8/P5b1/4n3/3q4 b - - 8 54,d1a4 d1d3,1,0
sp000479,5r1r/8/3p4/pP2k2p/P2pPp2/1R1P1P2/2q3p1/4K3 b - - 1 36,g2g1q g2g1r,1,0
sp003251,KQ2Q3/3Q4/5p1k/5P2/5P1p/8/8/1qr5 w - - 13 78,e8h8 e8g6,1,0
sp002829,Q7/8/p1p5/3qbk2/1P3p2/P3n2P/4K3/2Rr4 b - - 2 39,d5g2,1,0
sp001285,K1B2R2/3R2R1/4P3/8/8/7p/7Q/3qk3 w - - 3 67,g7g1 h2f2,1,0
sp000232,8/8/8/5p2/4p3/3k1p2/4rP2/KR1q4 b - - 1 61,d1a4,1,0
sp000366,r3k2r/1pQ4p/p4p2/1b1P4/RB2K3/1N6/1P6/8 w kq - 4 33,c7e7,1,0
sp002440,r3k3/1pQ2pp1/p7/4pKP1/2n1P1P1/1n1P1B2/1P3P2/5R2 b q - 0 25,b3d4,1,0
sp002951,2kr2R1/pp4Q1/2p2p2/n5p1/6P1/2K2P2/P1Pp2P1/1q6 b - - 0 30,d2d1n,1,0
sp000540,Q7/1p4p1/1Bpk1p1p/4p3/3NP3/3K3P/1P3PP1/7n w - - 2 29,a8d8,1,0
sp003000,8/3RK1Q1/pBP1N3/P7/2n2P2/8/8/7k w - - 31 81,g7g1,1,0
sp002716,3Q4/8/6p1/4r1Pk/2K2b2/2P1p3/3p4/6R1 w - - 7 45,d8h8,1,0
sp001473,5K2/8/4P3/5B2/Qp6/5n2/8/2k5 w - - 11 111,a4c2,1,0
sp001466,5r1k/6p1/1n1Q1pPp/2p1p2B/4P1P1/2P5/1PK4P/6r1 w - - 1 27,d6f8,1,0
sp002391,2Q5/8/1n5r/4Kp2/6k1/1qP2p2/8/q7 b - - 0 42,b3d5,1,0
sp000466,6R1/2N5/p2P4/P7/2b2k2/7K/3r4/2r5 b - - 5 50,c1h1,1,0
sp001441,6Q1/2p3b1/n1P3K1/3Pk2p/5p2/P1P1p3/1B4P1/5R2 w - - 0 32,g8e6,1,0
sp000650,7r/2N5/8/6p1/1p6/2p2k1P/3q4/4b2K b - - 1 43,d2g2,1,0
sp000967,R7/1p6/1np5/4kp2/8/4K2P/1p4r1/5q2 b - - 1 41,b6d5 b6c4 f1e2 f5f4,1,0
sp001269,4k2r/2p2p1p/1r1p1bp1/2p1p1N1/4P3/PqP4P/1P3PP1/2KR3R b k - 1 18,b3b2,1,0
sp000004,r6r/1p1kbppp/p2p4/4p3/4p3/PPP2b1P/5PP1/q1Q1K2R b K - 0 16,a1c1,1,0
sp001682,6nr/3n2b1/p4p1p/2pPk3/4P1p1/P2BB1P1/1P1N3P/R3K2R w KQ - 0 22,d2c4,1,0
sp001777,1Q6/4k3/2Q5/8/6K1/7P/8/Br6 w - - 4 62,b8e8 c6e8,1,0
sp000477,5r1r/8/3p4/pP2k2p/P2pPp2/1R1P1Pp1/2q5/5K2 b - - 1 35,c2f2,1,0
sp002607,r4rk1/1p3pp1/pn6/2p1b3/2PP4/P1K4P/6P1/3q3R b - - 0 25,b6a4 e5d4,1,0
sp002251,Q2K3R/7r/8/4k3/5pp1/6p1/8/r7 b - - 2 54,a1a8,1,0
sp001029,2r4r/2p5/pn1k4/3P1Qp1/1P6/2P4P/1P1N2P1/R4RK1 w - - 1 27,f5e6,1,0
sp000818,r7/p1k1Pp1p/2pp1B2/2p2P2/2P2P2/P1PQ3P/6pK/R3r3 b - - 3 25,g2g1q,1,0
sp000452,1Q6/3kb3/2N1p3/4p3/3P1pP1/P1K5/2Q3B1/8 w - - 1 36,c6e5,1,0
sp003021,8/8/2p2p2/3p3k/P6P/2P2K2/1PQ4b/5R2 w - - 2 34,c2h7,1,0
sp000946,8/5KQ1/p4p2/P4Bp1/4Q1P1/2p3n1/8/2k5 w - - 32 87,e4c2,1,0
sp001348,2B3K1/8/5N2/2p1k3/1p1b1p2/5P1Q/8/8 w - - 6 71,h3e6,1,0
sp003212,1r6/1P6/1P6/8/2P2k2/2q3p1/4K3/7r b - - 2 55,b8e8 c3e3 c3c2 h1e1,1,0
sp000797,7N/p1p2Qp1/P1Nk2P1/4pBP1/2P5/2K5/5b2/7r w - - 1 44,f7d5,1,0
sp001899,6Q1/8/5P2/7p/2p2q1P/8/2B1K2B/k1b3r1 b - - 7 64,f4e3 f4f1,1,0
sp001414,Q4K1k/8/5PP1/7p/1P3p2/1bb5/8/7R w - - 0 40,h1h5,1,0
sp002486,4K1R1/3Q4/5q2/8/8/8/3n4/k2q2r1 b - - 2 93,g1g8,1,0
sp002629,r3kb1r/pp1n1ppp/2p2P2/6q1/5Pb1/2PP4/PP1N3P/R2QKB1R b KQkq - 0 11,g5h4,1,0
sp000693,8/4KP2/8/3q4/6q1/2b3p1/3rk3/8 b - - 8 72,d5d8,1,0
sp002632,4R3/2k5/Pp5p/4PB2/3p4/6K1/8/1q6 w - - 0 41,e8c8,1,0
sp002212,8/3n2Bk/p1P2p1p/8/5b1P/1PP2q2/PK6/3q4 b - - 0 29,d1c1,1,0
sp000705,2k5/3R4/p1N5/P4B2/2P2pp1/4p1p1/6P1/7K w - - 0 35,d7h7 d7g7 d7f7 d7e7 d7a7,1,0
sp001964,4R3/8/5k2/5p1p/5Pp1/1b4K1/3r4/7q b - - 1 55,d2g2 h1h3 h1h2 h5h4,1,0
sp003015,6Q1/1p3B2/p2P3k/rP2pK2/8/8/8/8 w - - 2 57,g8h8 g8g6,1,0
sp000248,7K/p3Q3/P2p1P2/R4P2/2k5/2P4p/2P5/5b2 w - - 2 40,e7c7,1,0
sp002771,6B1/8/2Q5/5k2/5P2/P1p3pK/8/5R2 w - - 0 36,g8h7 c6e6,1,0
sp001938,4R2N/8/3p3P/1P1P4/5P2/5kpK/8/r7 b - - 1 49,a1h1,1,0
sp002316,8/3Q4/2P5/nP6/3K1k2/7P/8/7R w - - 5 43,d7g4,1,0
sp002233,8/6b1/4k1p1/4p1p1/4K1P1/n1p5/5q2/7Q b - - 3 44,f2e2,1,0
sp000821,3N4/2p3P1/1pN3P1/1K1k1B2/Q3pb2/8/8/6r1 w - - 3 63,a4d4,1,0
sp001217,4k3/2p5/p1P2Pp1/K7/2P5/P1n2P2/5P2/b2q3r b - - 0 26,d1a4,1,0
sp000569,k1B3K1/5QP1/8/2p5/2P5/8/8/q7 w - - 3 57,f7b7,1,0
sp002983,K2Q2Q1/8/8/8/5P2/4p3/7k/8 w - - 11 82,d8h4,1,0
sp002656,r4r2/7k/pp1p1bpp/n1p5/4KP1P/PNPP1P2/1P6/R2b3q b - - 3 25,h1f3,1,0
sp002357,8/8/8/7p/5b1P/5B1K/4kq2/1r6 b - - 22 92,f2f3,1,0
sp003162,8/1B3p2/1P3Pk1/2p3P1/5P2/2K2P2/7R/6r1 w - - 5 34,b7e4,1,0
sp001494,8/4N3/3n4/P4p2/2P3p1/7k/5qQ1/7K b - - 0 47,f2g2,1,0
sp001025,3RK3/5B1q/4Q3/8/5b2/2k5/8/8 w - - 41 78,e6b3,1,0
sp000728,2k2K2/3Rr3/p1N5/P1P2B2/5P2/8/5b2/6b1 w - - 2 45,d7e7,1,0
sp000822,6r1/p1k1Pp1p/2pp1B2/2p2P2/2P1QP2/P1P4P/6pK/R3r3 b - - 5 26,g2g1q,1,0
sp000245,8/5p2/5P2/5p2/5PP1/2k1K3/2P5/1q5q b - - 0 47,b1e1,1,0
sp000265,1Q4RK/1R6/3p4/3P4/8/2P5/3n4/7k w - - 29 73,b7h7,1,0
sp003267,r7/8/2p5/P7/1pPpp2P/3n2k1/5q2/1K6 b - - 2 42,f2b2,1,0
sp000580,R6K/3P1Q2/2PP3Q/8/8/8/6k1/8 w - - 7 86,a8g8,1,0
sp002879,7R/8/1nB2bk1/4p1p1/4K1P1/8/3q4/r5r1 b - - 3 45,d2e2,1,0
sp001488,1Q5r/3k4/2p2P2/5K2/5P2/8/B7/3q2r1 w - - 1 44,a2e6,1,0
sp000409,8/5BR1/1npq4/8/2n1p2P/PK6/2pk4/8 b - - 6 52,d6a3 c2c1n,1,0
sp002898,r1B4r/2k5/pnp2p2/R4p2/5p2/2P4P/7K/5q2 b - - 1 26,h8h3,1,0
sp002943,2r4B/3n2P1/pk1p1n2/8/7P/PNPb1P2/1P4q1/2R1K3 b - - 0 29,g2e2,1,0
sp000298,4R3/1p6/1P4r1/K1p4p/5q2/6p1/8/3b3k b - - 5 52,f4b4 f4a4,1,0
sp002647,r3kb1r/1p2B1pp/p1np4/2p5/5P2/PNPP1P2/1P4qP/R2bK2R b KQkq - 1 16,g2e2,1,0
sp000753,4k3/1B2P3/p3K1P1/5p2/1p1N4/2n5/8/7r w - - 1 36,b7c6,1,0
sp001558,1K4R1/p1p5/P1pN2p1/3k4/4NPn1/2P2qP1/2Q5/6r1 w - - 5 43,c2b3 c2a2,1,0
sp000865,2Q5/6b1/pPBp1k2/4pPp1/4K1n1/8/1P3PP1/r7 w - - 0 27,c8e6,1,0
sp002296,1Q5r/5k2/p1P2P1p/5KP1/1B3P2/2b5/3Nb1P1/7n b - - 0 31,h1g3,1,0
sp000625,6Q1/2pkr3/1P5r/1p2PpP1/8/RN4PP/6BK/4r3 w - - 2 33,b3c5,1,0
sp002621,3Q2K1/3N4/7k/3Q4/8/5p2/5P2/8 w - - 19 89,d8f6 d8b6 d8g5 d5g5,1,0
sp003043,7q/5B2/8/2p3k1/1p2Kp2/5P2/8/8 b - - 3 47,h8d4,1,0
sp003146,7r/6p1/2N3p1/3n2K1/5P1P/1kp5/8/r7 b - - 6 40,a1g1,1,0
sp001855,R5R1/8/1P1p4/3P1k2/8/5KP1/3b4/1q6 b - - 0 41,b1f1,1,0
sp001635,7K/5P2/8/r7/8/8/4nkr1/8 b - - 0 63,a5h5,1,0
sp001901,3Q4/4K3/2k5/2p4p/2P4P/1N2p1p1/6P1/6r1 w - - 2 45,b3a5,1,0
sp001998,6B1/5BK1/8/r7/5q2/2p1b3/3q1k2/8 b - - 7 74,f4h6,1,0
sp001492,Q7/4N3/3n4/P4p2/2P3p1/6pk/5q2/7K b - - 0 46,f2h2 f2f1 f2e1,1,0
sp002166,8/5K2/8/7p/3n3P/5Q2/pr6/bk6 w - - 7 82,f3d1,1,0
sp002726,3R4/8/2k1p2r/4p1K1/3qP2P/3B4/5q2/1q6 b - - 10 51,f2h4 f2f4,1,0
sp001020,1R6/k3N3/1b3P2/1P3p2/8/2nK4/8/3b4 w - - 3 48,e7c6,1,0
sp002625,Q7/K1k2p2/3p1b2/3Pp3/4P3/3P1B2/5P2/3r4 b - - 4 39,d1a1,1,0
sp002695,2K5/8/8/1q3p2/5p2/2n3k1/8/r2q4 b - - 7 53,d1d7,1,0
sp001359,rn2kb1r/ppp2ppp/5B2/8/3QP3/8/PPP1bPPP/RN2KB1R w KQkq - 1 9,d4d8,1,0
sp000200,2R5/8/2Q5/5k2/2p2P1p/1bP4P/1K6/8 w - - 20 60,c8f8,1,0
sp000703,3K4/7r/r7/5p2/8/8/3p2k1/8 b - - 41 86,a6a8,1,0
sp001792,R7/3n4/4kp2/2p2p2/2P2P1P/2K5/4b3/1r1q4 b - - 19 43,d1d3 d1c1 b1b3,1,0
sp001146,1K5R/8/2Q3P1/5QP1/3k4/8/8/8 w - - 7 60,c6c5 f5e4,1,0
sp001818,1k6/1B6/PKP5/2P5/6p1/4ppP1/8/8 w - - 0 47,c6c7 a6a7,1,0
sp000220,q6r/8/8/7P/rPPp1b2/3pk1p1/6P1/6K1 b - - 0 39,a4a1,1,0
sp002925,Q7/3k4/2pP4/2PQ1p2/4p3/6p1/5p1p/7K b - - 1 43,f2f1q,1,0
sp001233,6BK/3R1BP1/2P1r3/4p3/4P3/1Q6/8/2k5 w - - 13 84,d7d1,1,0
sp001144,8/8/p1p5/P4p2/4pq2/4p1k1/1PP1K3/7r b - - 2 41,f4f3 f4f2,1,0
sp000829,8/p1k1Pp2/2pp1B1p/2p2P2/P1P1QP1P/2P4K/6r1/5q2 b - - 0 30,f1h1,1,0
sp001837,7b/8/8/8/5b2/6kp/4p3/7K b - - 10 77,e2e1q e2e1r,1,0
sp000015,r7/3n1QPk/3p1b1p/p1p1p3/1p2PnP1/P1P4P/1P6/2K4R w - - 0 28,g7g8q,1,0
sp002616,K7/8/2P5/p4p2/P4b2/8/2Bpq3/3q1rk1 b - - 4 51,e2a6,1,0
sp001145,7R/8/1np4p/8/2P4P/4kB2/6q1/2b1K3 b - - 0 33,g2g1,1,0
sp002512,5NR1/8/3p2P1/8/1K3P2/1bP2k2/8/rq6 b - - 0 38,b3g8 b3f7 b3e6 b3d5,1,0
sp000281,2Q5/8/8/8/P1Q1p1p1/2K1knb1/8/1q5r b - - 5 51,g3e1 h1c1,1,0
sp000117,R2Q4/1B6/1p2k3/5p1p/8/2P2N1P/5PPK/5R2 w - - 0 30,b7d5,1,0
sp002936,B7/8/2p2PP1/p7/5k2/2Pn3K/8/q7 b - - 0 43,a1h1,1,0
sp002919,6BR/3n4/3k1p2/1P3B2/1N2Kp2/1q6/3b4/8 b - - 7 39,b3e3,1,0
sp000737,2r1R3/6Pk/1q5p/2p2P2/8/1PP5/2KN1b1P/7R w - - 3 27,g7g8q,1,0
sp001977,1R4r1/5k2/1qQ2p2/P4K1p/6nP/2pP2b1/8/8 w - - 4 42,c6d7,1,0
sp003075,4R2K/1p6/5k2/2p2pN1/1rP2P2/8/4n3/2q4R w - - 0 39,e8e6 h1h6,1,0
sp002112,6R1/1p6/1n5P/K7/5p2/2P2kp1/1b1p4/1r2r3 b - - 2 45,b2c3,1,0
sp001284,4k2N/8/3p1bpp/2p1p3/4P2P/P3K3/5PP1/1r1q3R b - - 6 28,b1b3,1,0
sp003280,4B3/8/pn3p1b/5Pk1/2r2pp1/PNp5/K7/R6R w - - 0 34,h1h5,1,0
sp002006,6R1/6b1/P4p2/5PP1/8/k1K1p3/2P5/7R w - - 1 32,h1a1,1,0
sp000189,Q7/4k1pr/6Q1/1pp2Kp1/2P5/7P/5PP1/1r6 w - - 0 34,a8e8 g6e6,1,0
sp002860,5b2/3n3k/p1p2p2/5p1K/6pP/5b2/PPP5/R7 b - h3 0 31,g4g3,1,0
sp001364,4k3/1r1n2p1/1p1P4/4P1p1/5pp1/2n2q1r/7P/4K3 b - - 2 29,f3e2,1,0
sp001501,R7/4P3/1pp1kP1p/4B3/5K2/3P4/2nN2B1/8 w - - 1 37,e7e8q,1,0
sp002137,4R3/4b3/3P4/2k1p3/p2pP3/P2K1pp1/5q2/8 b - - 0 46,f2e2,1,0
sp000980,7R/8/5n2/6p1/1P3bP1/2nk1K2/r2p4/8 b - - 3 43,d2d1q d2d1b,1,0
sp003058,4RQ2/1p4p1/p5B1/n1p1q1P1/P7/K4Pk1/3N1bP1/8 b - - 6 33,e5a1,1,0
sp000141,6Q1/8/8/3nkp1p/2P2b1P/3K1p2/4r3/6b1 b - - 0 45,e2d2,1,0
sp001809,3R4/8/1n3p2/2p2p2/5P1P/2K2k2/4q3/3b4 b - - 8 62,b6a4 e2c2,1,0
sp003100,RQ6/3k1p2/8/2Pn2b1/1p5r/5pK1/4b3/8 w - - 0 36,b8d6,1,0
sp001247,5Q2/8/2p1k1p1/6P1/2npK3/2q2Bp1/8/8 b - - 0 52,c3e3,1,0
sp003133,8/3n4/2p2p2/2P2p2/b4pk1/r5p1/1b2K3/q6r b - - 17 46,h1h2 a1e1 a1d1,1,0
sp001694,2KB3r/8/1q5p/8/5pP1/3k4/3p4/3R4 b - - 0 38,h8d8,1,0
sp002952,2kr2R1/pp4Q1/2p5/n4pp1/6P1/P1K2P2/2Pp2P1/1q6 b - - 0 31,d2d1n,1,0
sp002914,2B3Q1/8/1n3p2/5p2/4r2P/1q1pkpK1/4q3/8 b - - 5 48,e2g2,1,0
sp002884,Q4b1r/6p1/pkpp3q/N4pp1/1P6/P1P4P/4b1P1/R3K2R w KQ - 1 24,a8b8 a8b7,1,0
sp002306,4R3/8/5k1p/7P/1pp1K3/8/8/3q1r2 b - - 1 43,d1d3,1,0
sp003263,1K2Q3/5Q2/5p1k/5P2/5P2/7p/8/7r w - - 6 87,e8h8 e8f8 f7g6,1,0
sp001439,r7/4Np2/3p1P1k/5K2/P3P3/2P3p1/8/R1q5 b - - 1 35,c1g5,1,0
sp000808,3N4/p1p5/P1N2QP1/1K1kpBP1/3b4/8/8/6r1 w - - 13 54,f6e6 c6e7 c6b4,1,0
sp003178,7r/4k3/p2p1NKp/P7/1p3q2/1n1P2pP/2P5/3q4 b - - 0 38,f4f6 f4g5,1,0
sp001005,4R2R/6k1/2P3P1/3PPK2/8/6Q1/8/8 w - - 1 51,h8h7 e8g8,1,0
sp001040,8/8/p2k1nP1/5KP1/N2p4/P7/8/7r b - - 2 33,h1f1,1,0
sp002434,n5K1/1p6/5PB1/8/4Q3/8/2N5/5kr1 w - - 19 57,e4f3,1,0
sp000209,8/1pb3p1/1Np2pP1/5B2/5kP1/r1P5/5K2/1q4r1 b - - 0 34,b1f1 b1e1,1,0
sp001270,7R/3R4/6K1/1p5p/k6P/1pP5/1P6/7q w - - 0 54,d7a7,1,0
sp002273,4K3/7r/1p2k3/1P3p2/3p1P2/2nP4/8/8 b - - 11 45,h7h8,1,0
sp000081,7r/2k2K2/1q6/3Pb3/4p3/6pP/8/8 b - - 3 39,b6f6,1,0
sp000933,5k2/3P4/1p3K2/2p2P1p/4QP2/2P5/p6r/2b5 w - - 0 44,e4e8 e4a8 d7d8q d7d8r,1,0
sp001038,1Q6/8/2Qp1k2/3RpP2/2P1BbK1/5N2/1p4P1/8 w - - 0 39,b8f8,1,0
sp000478,8/8/p4p2/P4P2/5k1p/1bp1n2P/1p1pB3/1Kb5 b - - 6 50,c3c2,1,0
sp000686,7R/8/5PP1/8/2p5/pp1k4/2b5/b1K3R1 b - - 1 51,a1b2 b3b2,1,0
sp001710,8/8/2p3p1/r5P1/5k1K/2p5/8/3q4 b - - 3 62,d1h5 d1g4 d1h1,1,0
sp001205,2R5/8/2p5/8/K4p2/2q5/8/4q2k b - - 11 62,c3b4 e1e4 e1d1 e1a1,1,0
sp000178,R7/8/5N2/5PQ1/4K3/8/7R/4kq2 w - - 2 61,a8a1 g5d2 g5c1,1,0
sp001419,5K1k/8/5PP1/1P5p/5p2/1bb5/8/7R w - - 1 42,h1h5,1,0
sp002638,8/8/2q5/8/3K1b2/4p3/8/3nqrk1 b - - 13 84,e1c3 e1d2,1,0
sp001545,1k5r/3Q4/ppK2p1p/5P2/8/1N1n1N1P/2B5/8 w - - 3 36,d7b7,1,0
sp003148,6R1/2bN4/6p1/2PK1pP1/7P/6k1/4q3/8 b - - 4 59,e2e4,1,0
sp003220,4Q3/3Q4/1N3pPk/5P2/2K2P1p/8/3q4/7r w - - 6 53,e8h8 d7h7,1,0
sp000796,4b1Q1/8/8/5p1k/r2p1K2/2p2P2/8/1q6 w - - 3 46,g8h7 g8g5,1,0
sp003144,8/8/2p2pk1/2P1np2/8/1b2K1p1/rb6/q6r b - - 2 53,b2c1,1,0
sp002655,6Q1/2p5/2q4P/2B2p1k/5P2/6Kb/8/8 w - - 2 75,g8g5,1,0
sp001613,r4r2/1pqn2p1/p4k2/5BN1/4p3/P2p2P1/1PP2b1P/R2K3R b - - 3 25,c7c2,1,0
sp001912,5r2/1p5r/p1pp2Qp/3k1p2/5P2/PNPP3P/1B5K/R4R2 w - - 1 23,c3c4,1,0
sp000830,1Q1N2B1/2p5/2Nk2P1/1K3B2/5b2/4p3/8/6r1 w - - 0 68,d8b7,1,0
sp000898,6B1/8/1Q4P1/5K2/5P2/6k1/8/7Q w - - 7 72,b6e3 b6g1,1,0
sp001418,1Q3K2/7q/2p3k1/4R1P1/5P1p/5P2/8/2b3r1 b - - 5 48,h7f7,1,0
sp001246,3R3R/8/p4P2/5B2/kP6/P5p1/1K4P1/8 w - - 4 36,f5d7,1,0
sp002067,r1k5/ppp1Qp2/7p/8/5B2/P1P1pP1P/1P1N2b1/2KR3R w - - 0 20,e7e8 e7c7,1,0
sp002367,8/8/8/7p/5b1P/7K/4kq2/1r5B b - - 30 96,f2g3 f2h2 b1h1,1,0
sp002977,BR6/2k5/P1pb1p2/5Q2/N5K1/5pn1/2P5/7r w - - 1 36,b8c8 f5c8,1,0
sp001318,K1B3R1/3R4/8/8/4Q3/8/8/5k2 w - - 58 113,d7f7,1,0
sp000053,1Q2B3/3R4/5k2/2p1p2p/2P1P2P/1KP5/8/q7 w - - 1 51,b8d6 b8b6,1,0
sp001641,7r/3n3k/p5p1/5pP1/1p3K1P/2pq1P2/P6R/b2b4 b - - 2 30,d3f3,1,0
sp001041,6B1/5QP1/3kBK2/3P4/8/8/8/7q w - - 9 53,f7e7,1,0
sp001402,7B/8/1n4k1/5pP1/1p1K1P2/q6P/8/r7 b - - 4 36,a3c3,1,0
sp003136,8/3n4/2p2p2/2P2p2/5pk1/rb1K2p1/1b6/q6r b - - 19 47,a1d1,1,0
sp002490,7r/P1p2p2/2k2P2/1p2P1p1/6P1/5p1r/5P2/R1b1R1K1 b - - 1 27,h3h1,1,0
sp001449,6K1/8/1BP5/5B2/8/8/7b/7k w - - 60 131,f5e4,1,0
sp002479,7R/3R4/1p2P3/1P5p/7P/7K/3q1k2/6r1 b - - 33 77,g1h1,1,0
sp000997,4Q3/3R1B2/1k6/pPb5/2K2p2/2R5/8/8 w - - 0 47,e8d8 e8b8,1,0
sp001780,8/2k5/6K1/3Q2Q1/8/7P/8/r7 w - - 2 75,g5d8,1,0
sp001197,R7/8/5N2/5K2/Pp4pk/2P2pp1/8/8 w - - 0 42,a8h8,1,0
sp000756,4k3/4P1P1/2N1K3/8/1p2p3/2n5/p7/7r w - - 0 41,g7g8q g7g8r,1,0
sp000927,B7/4Q3/3p4/2PP1K1k/8/5p2/5P2/8 w - - 1 61,e7h7 e7g5,1,0
sp000222,q6r/8/7P/1P6/2Pp1b2/r3k1p1/3p2P1/6K1 b - - 0 41,a3a1 d2d1q d2d1r,1,0
sp003257,R2B3r/8/2N2n1p/1k3Pp1/3K1pP1/7P/6B1/8 w - - 2 37,a8a5,1,0
sp001759,Q4B2/1P1k4/2p5/7r/4pPKp/7P/6P1/n7 w - - 1 40,a8c8,1,0
sp001667,QN5R/4k3/5pP1/5P2/4KP2/2p2p2/8/8 w - - 1 43,a8a3,1,0
sp002521,1R6/P7/2Q1P3/5K2/8/2p5/6p1/k7 w - - 0 52,c6a6 c6a4 a7a8q a7a8r,1,0
sp000022,Q7/5k2/1pN2P2/5K2/4P3/1p1P1Bp1/8/4b3 w - - 0 36,c6e5 f3h5,1,0
sp000074,r2k3r/p1p2pp1/2B2P1p/6B1/3p4/5P1Q/P1PN2PP/b3K2R w K - 1 15,h3d7,1,0
sp000175,7R/8/2p5/8/2P5/4pq1p/8/4K1k1 b - - 7 48,f3f1,1,0
sp002283,1Q5r/2p1Bk2/p4P1p/3P1Kp1/5P2/7P/1b1Nb1P1/R6n b - - 1 27,h1g3,1,0
sp000346,4Q2B/1p4P1/3k1n2/5p2/4p3/1qn2b1P/1b1K1P2/7r b - - 0 27,c3b1 b2c1,1,0
sp001259,8/8/B1P5/1p3p1k/1P3P2/1P5K/8/4qn2 b - - 9 44,e1g3,1,0
sp002941,1r5r/p3k2p/2Q5/5P2/6n1/2P2pP1/5P2/6K1 b - - 3 28,b8b1,1,0
sp002701,3BQ3/2K5/2P2P1k/7p/p4p1P/P1n5/2B5/6r1 w - - 5 48,e8h8,1,0
sp001052,QQ6/8/3p1k2/3R1P2/2P2K2/8/2B3P1/1q6 w - - 0 45,b8f8,1,0
sp001236,4K3/6r1/2p5/2P2p1p/5p1P/2k2P2/8/1r6 b - - 13 63,b1b8,1,0
sp001320,K1B1Q1R1/3R4/8/8/8/8/5k2/8 w - - 60 114,d7f7,1,0
sp002528,4K3/8/8/r7/8/2p1k3/5q2/3r4 b - - 37 116,a5e5,1,0
sp003271,8/6p1/6P1/7K/B4q2/2k4p/8/7n b - - 7 54,h1g3,1,0
sp001326,4K3/7r/8/8/5q2/2p2pk1/8/8 b - - 17 67,f4b8,1,0
sp002075,2BQ4/8/2Np4/3P1K2/3P4/3Q4/8/4k3 w - - 7 54,d8h4,1,0
sp002628,5R2/6p1/7p/7k/5K1P/5p1Q/1P3P2/q7 w - - 10 41,h3g4,1,0
sp003204,1r6/8/8/1P6/1P3kpP/2PK4/r5q1/7b b - - 5 38,g2d5 g2e4,1,0
sp001768,1Q6/5k2/2Q5/8/5PPK/7P/4p3/B7 w - - 0 51,b8e8 c6e8 c6f6,1,0
sp002152,6R1/8/4kb2/4p3/p2pP3/P2K1p2/5q2/6b1 b - - 1 55,f2e2,1,0
sp000011,r7/3n1QPk/p2p1b1p/1pp1p3/4Pn2/P1P5/1P4PP/2K4R w - - 0 26,g7g8q,1,0
sp002648,r3k2r/1p2bpp1/p1q2P2/2p5/6p1/P1PBQ3/2P3PP/R3K2R w KQkq - 1 19,e3e7,1,0
sp002687,3Q4/8/1Bp5/5p1k/5P2/7K/8/3bq3 w - - 23 100,d8g5,1,0
sp000201,3R4/8/2Q5/5k2/2p2P1p/2P4P/1Kb5/8 w - - 22 61,d8f8,1,0
sp001771,1Q6/5k2/2Q5/6P1/5P2/6KP/8/B2r4 w - - 1 53,b8e8 c6e8 c6f6,1,0
sp000840,1Q1N4/K1p2B2/2Nk2P1/5B2/5b2/4p3/8/6r1 w - - 18 77,b8b4,1,0
sp000628,Q7/2pkr3/1P4r1/1p2PpP1/8/RN4PP/6BK/4r3 w - - 4 34,b3c5,1,0
sp002326,8/8/4P3/1P4k1/8/1n3BKP/3r4/q7 b - - 8 54,a1e5 a1e1,1,0
sp001586,6BK/5B2/4B3/8/1p2b3/8/4k3/1r2q3 b - - 17 66,e1c3,1,0
sp000800,7N/p1p2Qp1/P1Nk2P1/1Kb1pBP1/8/8/8/r7 w - - 0 47,f7d7 f7e6,1,0
sp000710,8/1p4p1/1Pp5/2K5/8/1b3p2/4k3/q2r4 b - - 1 41,a1a5 a1d4 a1c3 a1a3,1,0
sp003199,3R3R/6p1/4k1P1/1pP1Pp2/1P3P1K/2P5/8/8 w - - 9 40,h8e8,1,0
sp003069,R7/2b5/4B3/RPp2p2/6p1/2P1K1k1/8/5q2 b - - 1 41,c7f4,1,0
sp000626,7r/KP6/8/5p2/8/8/3q1k2/8 b - - 1 107,d2a5,1,0
sp001138,6Rr/8/1np4p/8/2P4P/4kB2/8/1qb1K3 b - - 1 31,c1d2,1,0
sp002980,BR6/P1k5/1Np2p2/4bQ2/8/2P2K2/8/5n1r w - - 1 40,f5d7,1,0
sp002269,8/2b5/6p1/6p1/2n2kP1/2p1p2K/8/1q6 b - - 7 65,b1h1,1,0
sp002021,3N4/8/2q1P3/2p2B1N/5p2/2PK1k2/2R5/8 b - - 10 56,c6d5,1,0
sp000680,8/3QK3/8/8/8/2P5/8/6rk w - - 0 90,d7h3,1,0
sp003053,2R5/2n5/4B1p1/1P3pP1/3pp3/2p3k1/r4q2/2K5 b - - 4 36,f2c2 f2g1 f2f1 f2e1 a2a1,1,0
sp001287,K1B2R2/3R2R1/4P3/8/8/7Q/3q4/4k3 w - - 1 68,h3f1,1,0
sp002101,5Q2/8/P6p/1k3P2/5b2/2Kp3P/1P6/3q3r b - - 2 44,f4e5,1,0
sp001882,rn2k2r/1p2Bpb1/pQp4p/8/2P1P3/P2p1P2/1P1N2PP/R3Kb1R w KQkq - 0 16,b6d8,1,0
sp000537,8/3P4/8/1p3p1p/k1B5/2KP3P/5q2/8 b - - 3 43,b5b4,1,0
sp003259,1K6/5Q2/5p1k/5P2/5P2/3Q3p/8/6r1 w - - 2 85,d3h3,1,0
sp002150,7R/8/4kb2/4p3/p2pP3/P2K1p2/5qp1/8 b - - 1 54,f2e2,1,0
sp000687,5K2/5P2/8/4q3/6q1/2b3p1/3rk3/8 b - - 2 69,g4c8 g4g7 c3b4 d2d8,1,0
sp000590,6RK/8/2B5/1P6/5q2/2p5/8/5k2 b - - 14 54,f4h6,1,0
sp001277,4k2r/2p2N2/1r1p1bpp/4p3/4P2P/P1p5/1q3PP1/3K3R b k - 1 22,b2d2,1,0
sp001412,r6r/1p1q1B2/pKpk1b1p/4p3/2PPP3/P4p1P/5P2/2R4R b - - 0 32,d7c7 f6d8,1,0
sp001010,7R/8/8/6p1/5bP1/4nn2/4nK2/3kr3 b - - 49 72,e1f1,1,0
sp001797,3B4/4KR2/2Q5/5ppk/8/5P1P/8/2q5 w - - 0 52,f7h7,1,0
sp002447,2kr3r/2p5/1nPp1b1p/5Pp1/1PP3B1/K7/7P/3q4 b - - 3 29,d1a4,1,0
sp003093,Q7/8/1PB2pk1/5p2/1P1N1P2/5K1R/8/7R w - - 1 42,a8g8,1,0
sp002270,7K/8/pp2kn2/5p1P/3p1P2/PP1P4/8/R5r1 b - - 1 30,g1g8,1,0
sp001848,8/6N1/2p2p1k/q4P1p/2p2K1P/2n2P2/8/7r b - - 3 44,a5e5,1,0
sp002719,4k3/1p2P1p1/5p2/2p3P1/2P2P2/rNK5/5P2/3q3r b - - 0 25,a3b3,1,0
sp002746,7R/8/2k1p2r/4p1K1/3qP2P/8/4Bq2/1q6 b - - 30 61,f2h4 f2f4,1,0
sp002342,3N2R1/3P4/p7/Pb6/5b2/2kB1Pp1/4K3/1r6 b - - 3 40,b5d3,1,0
sp000284,2QQ4/8/8/4n3/P3p1p1/2K1k1b1/8/1q4r1 b - - 9 53,g1c1,1,0
sp003168,8/6k1/5pP1/r1p2P1K/2P2P1P/8/3q4/4r3 b - - 0 39,d2e2 d2d1,1,0
sp001116,8/8/p1p5/P1p2P2/2P2k2/2P5/7r/5Kbr b - - 3 46,g1d4 g1e3,1,0
sp000872,7R/3Q1p2/5P2/4P3/5P2/2k2p1p/K7/2q5 b - - 1 45,c1b2,1,0
sp002923,2B5/7P/1n3p2/5p2/4r3/2kp1pK1/4q3/8 b - - 0 58,e2g2,1,0
sp002786,8/8/2Q5/3B1k2/5P2/6K1/8/7q w - - 4 50,c6e6,1,0
sp001757,b3k3/8/2P3p1/6N1/4p1P1/2n1K1b1/8/rq5r b - - 7 42,b1d3,1,0
sp000156,Q3R3/8/2K2p2/5P2/8/r1p5/2B4Q/k5b1 w - - 2 49,a8a3,1,0
sp002226,R2Q4/6k1/2Q5/4Kp1p/2p4P/2P1p3/5b2/8 w - - 21 63,d8g8 d8e7 d8d7 d8c7 a8a7,1,0
sp001560,8/7r/7k/6p1/5bP1/2p1r3/3qn3/K7 b - - 5 52,d2b2,1,0
sp001182,2Q5/3Pkpb1/3p4/1P1np3/P3P3/2PK4/8/6br w - - 1 35,d7d8q,1,0
sp003175,Q7/8/r4p1k/2p2P2/2P2PK1/4q3/8/4r3 w - - 3 46,a8h8,1,0
sp002193,1R6/4kB2/4PN2/2p1PK2/8/1N6/1P6/q7 w - - 10 50,b8e8 f6g8 f6d5,1,0
sp000340,4Q2r/1p1n2B1/3k2P1/3n1p2/4p3/1qP2b1P/1b1K1P2/7r b - - 0 25,b3d1 b2c1 h1d1,1,0
sp000732,r2qk3/ppp2pp1/1n3n2/4p3/4P1P1/R1PP1N2/2QKBPP1/7r b q - 1 15,b6c4,1,0
sp001256,8/1B6/2P3k1/1p3p2/1P3P2/1P5K/8/4qn2 b - - 7 43,e1g3,1,0
sp001941,5r1N/8/p7/P2p2k1/1P3pp1/8/7K/b4q2 b - - 0 36,f8h8 g4g3,1,0
sp000271,3Q2R1/1R5K/3p4/3P4/7n/2P5/8/7k w - - 41 79,d8h4,1,0
sp001760,QQ3B2/3k4/2p5/7r/4pPKp/7P/2n3P1/8 w - - 1 41,b8c8 b8d6,1,0
sp002338,3N3R/3P4/p1P5/P7/R4bB1/2k2Pp1/2b1K3/1r6 b - - 8 37,c2d3,1,0
sp000427,4R1K1/7r/5q2/8/8/8/5k2/8 b - - 27 102,h7h8 f6h8 f6g7 f6f7,1,0
sp000769,1R6/p1pk4/2p2Q2/5K1p/5P1P/2P4R/8/8 w - - 1 39,b8d8 f6d8 f6e6 h3d3,1,0
sp000552,4Q3/1p4p1/1n5p/1bp5/2k2P1P/PpP5/1K4P1/7R w - - 0 29,e8e4,1,0
sp000841,BR5R/8/1PNkN1p1/1P2p3/4K3/6p1/6P1/2bq4 b - - 1 52,d1d5 d1e2,1,0
sp001398,6R1/6P1/1n3p2/5P2/4K3/2p5/5q2/1k1r2r1 b - - 2 66,g1g4 g1e1 d1d4,1,0
sp000072,1Q6/8/6K1/5p2/4p1k1/2n2p2/r4P2/r7 w - - 1 42,b8g3,1,0
sp001873,7R/1pk5/pnp4p/4rp2/1KP5/PP3P1P/4Bb2/8 b - - 0 33,f2e1,1,0
sp001130,4R2R/6k1/Pn3pP1/5PP1/8/1P1p4/1K6/8 w - - 0 42,h8g8 h8h7 e8g8,1,0
sp001989,5r2/2b2ppk/7p/3n4/5p1P/1bP5/1P1K4/q7 b - - 6 32,a1d1,1,0
sp002049,R1B3k1/4R3/2p5/P4P1p/5b1P/2P3p1/1p4P1/1K1b4 w - - 0 37,c8e6,1,0
sp001844,2Q5/k1p1K3/p1P5/P4B2/2P4p/5p2/3r4/r5r1 w - - 0 50,c8b7,1,0
sp002289,8/8/6pp/4Pk2/pP1p1P2/1n1K1BBP/6P1/5r2 w - - 1 35,f3g4,1,0
sp002097,1Q6/4Bk2/2K5/2p1bB2/8/3P2p1/8/3b4 w - - 8 44,b8f8,1,0
sp003190,7R/6p1/4k1P1/1pP1Pp2/1P3P1p/2P4K/8/3R4 w - - 0 34,h8e8,1,0
sp002851,7r/5K2/7q/7P/qp6/2k5/8/5b2 b - - 1 46,a4e8 a4d7 a4a7,1,0
sp001612,8/R3NB2/2Q5/8/8/2n1p3/1pKb4/5k2 b - - 17 69,b2b1q,1,0
sp001960,6r1/8/pp6/5PP1/4BK2/2P4k/1PNp4/5R2 w - - 0 40,f1h1,1,0
sp002961,6R1/8/8/3Q1K2/2p5/2P5/6r1/4b1k1 w - - 2 46,d5g2,1,0
sp001637,7K/8/8/3q3N/5b2/1b6/8/6k1 b - - 55 126,d5g8,1,0
sp001063,2B1Q3/p1p5/2pk4/R4Pp1/6n1/8/3N2p1/6K1 w - - 0 37,e8f8 e8d8 e8d7 e8e6 d2e4 d2c4,1,0
sp002361,6K1/8/1B3P1p/5P1P/2p5/1Q6/8/2k5 w - - 0 59,b6e3,1,0
sp000969,R3R3/1B1k4/PK6/P1P2P2/8/8/8/2r3b1 w - - 1 42,a8d8 b7c6,1,0
sp002888,1Q6/6p1/k2p4/4p3/4P3/2P1K1p1/2QN4/6r1 w - - 1 36,c2a4 c2a2,1,0
sp001288,5Q2/8/7P/1kp2K2/1P2Q3/1P3p1P/5P2/3r4 w - - 2 42,e4b7,1,0
sp000293,2Q5/2b1Q3/P7/8/8/2K1pnp1/5k2/1q4r1 b - - 1 58,g1c1,1,0
sp000708,3Q4/5B2/2N2p2/1P3p2/5P2/2k1K3/2q5/6r1 b - - 9 50,g1g3,1,0
sp000755,4k3/4P3/4K1P1/p4p2/1p1N4/2n5/6B1/7r w - - 0 37,g2c6,1,0
sp000231,1R6/8/8/5p2/4p3/2bk1p2/3prP2/1K6 b - - 1 59,d2d1q d2d1r,1,0
sp001032,4B1B1/5Q2/3k1K2/3P2P1/8/8/8/7q w - - 1 47,f7e7,1,0
sp003010,8/2K2B2/2P5/7q/8/2Q5/8/1r1k4 w - - 0 103,f7h5,1,0
sp001209,8/6p1/3b2P1/4kp2/1p2pp2/3b4/5K2/r6r b - - 3 45,h1h2 a1a2,1,0
sp001570,8/5P2/8/6k1/5bp1/2p1r3/3qn3/1K6 b - - 0 58,d2b2,1,0
sp000842,8/4K3/4Q3/8/8/8/8/6rk w - - 6 67,e6h3,1,0
sp001476,7r/1k6/p2p2p1/Pp1Pn1N1/1P2PK2/8/2q2b2/7r b - - 0 38,h8h4 c2d2 c2c1 h1h4,1,0
sp000698,7Q/5p2/1k3P2/2pK2P1/q5P1/8/6P1/5r2 b - - 5 37,a4d4,1,0
sp001947,3B4/8/3k4/1P3p2/p4P2/P5K1/8/R6Q w - - 7 45,h1c6,1,0
sp002561,1k1r3r/4bpp1/3p1n1p/2p1p3/2q1PP2/1N3K1P/PP3PB1/2R4R b - - 1 21,c4d3,1,0
sp000947,B1k5/4Bp1p/2p5/2p5/p2Q1P2/P2P3P/1K6/r6R w - - 5 32,d4d8,1,0
sp002229,7Q/8/4kbp1/4p1p1/4K1P1/n1p5/5q2/8 b - - 1 43,f2e2,1,0
sp000944,8/5KQ1/p4p2/P4Bp1/6P1/2pQ4/4n3/2k5 w - - 30 86,d3c2,1,0
sp002834,8/8/2p2Q2/Pp2b3/4kp2/4n2P/4K3/2r4q b - - 0 44,h1h2 h1g2 h1e1 c1c2,1,0
sp002119,Q2B3r/P7/R4b2/2pPkp2/2P5/4K3/6b1/7q w - - 2 31,d8c7 d8f6 a8b8 a6e6,1,0
sp000806,B6R/P7/P4p1p/3PpP1P/3bK3/1b4k1/8/7R b - - 0 39,b3c2,1,0
sp003112,Q5R1/6b1/1B1k2K1/3B4/2P2P2/5Pp1/8/n7 w - - 7 50,a8d8,1,0
sp001518,1r3Q2/7k/p4p1p/2p1p3/4P2N/2qP4/4BP1P/b2K3R b - - 6 25,b8b1,1,0
sp002349,3B2R1/3n4/2p5/2PB1P2/5kp1/3K2p1/r5P1/b7 b - - 1 36,d7e5,1,0
sp002495,3R4/2B5/P1Q5/5K1k/5P2/8/4n3/4b1b1 w - - 4 50,d8h8,1,0
sp000296,6R1/1p6/1Pr5/K1p4p/5q2/6p1/8/3b3k b - - 3 51,f4b4 f4a4,1,0
sp000100,7R/8/2N1k3/1p6/1p2KP2/1P6/4b3/3q4 b - - 1 42,d1d3,1,0
sp001095,r2B1r1R/1p6/1np2n2/4p1NB/2PpP3/P2Pk3/6R1/1qb1K3 b - - 1 30,c1d2,1,0
sp000219,q6r/8/8/r6P/2Pp1b2/1P1pk1p1/6P1/6K1 b - - 0 38,a5a1,1,0
sp001283,8/6R1/2p2P2/5K1k/8/p7/P7/6r1 w - - 3 49,g7h7,1,0
sp000801,7N/p1p3Q1/P1Nk2P1/1Kb1pBP1/8/8/8/7r w - - 1 48,g7d7 g7e5,1,0
sp002750,6RK/8/2k1p3/4p3/4P2P/8/3qBq2/q7 b - - 8 67,d2h6,1,0
sp002221,8/1p6/4kbp1/P3p1p1/4K1P1/2P5/1p3q2/7r b - - 0 37,f2e2 b2b1q b2b1b,1,0
sp002681,r2BQ3/1p1n4/2p4k/5P1p/pP2Bp2/P6P/3N4/2KR2R1 w - - 2 28,e8h8 e8g6,1,0
sp000566,k1B5/1q3QK1/8/2p3P1/2P5/8/8/8 w - - 2 53,f7b7,1,0
sp000486,8/8/p7/P4p2/2n4p/1bp2BkP/1p1p4/1Kb5 b - - 3 55,c4a3 c3c2,1,0
sp000972,r6r/2p2Bp1/p4n2/3P4/1k3pp1/4b2P/PP4PK/R6R b - - 1 23,g4g3,1,0
sp002530,8/4K3/8/8/r7/2p1k3/5q2/3r4 b - - 39 117,a4e4,1,0
sp002501,6Q1/4bB2/2Np2p1/5kN1/P4pn1/2K5/1P4P1/6r1 w - - 0 31,g8g6,1,0
sp000045,1q2k3/4P3/2NP1PK1/5B2/8/2b5/8/8 w - - 5 59,f6f7 d6d7,1,0
sp003151,B5r1/K1k5/P2p3R/4p3/3pP3/5Pp1/3N1b2/R7 b - - 0 37,d4d3,1,0
sp000762,2K5/3Q4/8/8/5b2/8/3r1b2/q2k4 b - - 12 84,a1a8,1,0
sp001079,2KB1RR1/3P4/5N2/8/5k2/8/8/b6Q w - - 33 108,h1e4,1,0
sp002420,8/3R4/2K5/8/p7/2p5/2B4Q/4k3 w - - 2 68,d7d1,1,0
sp000517,6B1/1k6/2p5/Kp4P1/1P1rp3/P4p2/5P2/3q3r b - - 0 36,d1a4,1,0
sp000142,1k6/4Q3/p1p5/N1p3P1/P7/2P4P/1K6/6rb w - - 3 31,e7b7,1,0
sp001191,6R1/8/4k2P/4p3/4P1K1/8/8/1q5q b - - 4 57,b1g1,1,0
sp002956,4k2N/8/2qp3p/5p2/4b1n1/P5pP/1PP5/2KR4 b - - 0 24,c6c2,1,0
sp000986,4Q2b/3R1B2/1pk5/p1p5/P4p2/1K1P4/3R4/8 w - - 3 39,e8c8 e8e6 f7d5,1,0
sp003005,2BQQ3/R7/5p1k/4p3/2P1P3/2P2K2/8/8 w - - 11 58,d8f6 d8d2,1,0
sp002054,R1B3k1/P3R3/2p5/5P1p/5b1P/2P3p1/1p4P1/1K1b4 w - - 1 39,c8e6,1,0
sp001886,1R6/5K2/3p2P1/3P4/8/8/7R/5k2 w - - 3 102,b8b1,1,0
sp002577,8/5p2/2Nb1n1p/4p1p1/4P1P1/1Pk1K2P/2q2P2/7R b - - 3 32,c2e4 c2d3,1,0
sp000782,8/p1p2QpP/P1pk2P1/4pB2/2P5/2K3P1/3N1b2/7r w - - 5 38,f7f8 d2e4,1,0
sp002117,8/8/1nPb2p1/P2P2k1/4p1p1/1KP5/8/5q2 b - - 0 33,f1b1,1,0
sp000504,8/8/1P6/p4p2/7p/1bp4P/1p4B1/1Kbn2k1 b - - 1 67,c3c2,1,0
sp002047,r2B1r1k/1p1bb1pB/p1np1p2/4p3/6P1/1QN2p2/PPP2PP1/R3K2R w KQ - 0 16,h7g8 h7g6 h7f5 h7e4 h7d3,1,0
sp002395,q4Q2/3P4/p7/P6n/5bk1/1bP3p1/1Pp3P1/6K1 b - - 0 36,c2c1q c2c1r,1,0
sp001617,8/8/p1p2P2/P7/2p2b2/1bP3k1/1P3p2/7K b - - 0 55,f2f1q f2f1r,1,0
sp002539,1r6/8/1np2p2/5P2/5K1k/3P1B2/3N4/2b1r3 b - - 1 35,c1d2,1,0
sp001349,3Q4/8/4P2P/8/4P3/2P5/3K1b2/qk3q2 b - - 1 56,a1b2 a1a2,1,0
sp002668,5r2/3n1p2/5npk/4b3/1KP1Pp1P/8/8/q6q b - - 1 28,f8b8 h1b1,1,0
sp002514,6Q1/5Bb1/2NK1kp1/1PQ5/5Pn1/8/8/7r w - - 0 47,c5g5,1,0
sp002203,1Q3K2/3P3q/2B5/5P2/5P2/1b6/2k5/8 b - - 5 67,h7f7,1,0
sp003120,1Q4RK/8/1B3k2/2PB4/5P2/5np1/8/8 w - - 6 64,b8f8,1,0
sp000820,B1kN3R/1R6/2N2bp1/1P1pp3/1P6/6p1/6P1/4K2n w - - 7 38,c6a7,1,0
sp001093,r4rk1/2qnbpB1/p1p2n1Q/3pp3/4P3/P1PB4/1P3PPP/RN2K2R w KQ - 0 15,h6h8,1,0
sp000444,1R6/2N5/p1PP4/P2r4/5k2/5p1K/8/7b b - - 0 42,d5h5,1,0
sp002198,7R/P5k1/8/5K2/8/8/8/2q4Q w - - 0 60,h1h7,1,0
sp002721,4k3/4P1p1/1p4P1/2p2p2/2P2P2/rNK2P2/8/3q3r b - - 0 27,a3b3,1,0
sp001544,2k4r/8/ppKQ1p1p/5P2/8/1N1n1N1P/2B5/8 w - - 1 35,d6c7,1,0
sp003114,7K/r7/8/8/8/8/4kq2/8 b - - 37 103,f2f8,1,0
sp001642,7K/4q3/8/8/5b2/1b4N1/8/6k1 b - - 65 131,f4e5,1,0
sp000682,7R/8/5PP1/1p6/2p5/Pp1k4/2b5/b1K3R1 b - - 5 49,b3b2,1,0
sp002036,r3R3/1pq5/p1p3k1/7p/5b1K/P1P4P/8/8 b - - 0 36,f4g5 f4g3,1,0
sp001164,Q1Q5/P3b2k/2pp1p1p/5P1K/5P1P/2P2P2/5R2/7r w - - 11 46,c8h8 c8g8,1,0
sp002219,3Q4/R7/2QK2k1/5p1p/2p4P/2P1p3/8/6b1 w - - 13 59,d8g5 d6e5 d6d5 d6c5,1,0
sp000858,8/3B2kp/p2p1p2/5p2/5P2/1P2K2P/P7/b2q3Q b - - 1 32,a1d4,1,0
sp003064,7R/3b4/2Np4/p4r2/4Kp2/PNP1p1k1/RP3bB1/3q4 b - - 2 40,d1d5 d6d5,1,0
sp000778,8/p1p2QpP/2p3P1/P1k1p3/2P5/2K2BP1/3N1b2/6r1 w - - 3 35,f7f8 f7e7 d2e4,1,0
sp001380,5K1k/8/6B1/6N1/1p1b4/p6P/P7/8 w - - 7 39,g5f7,1,0
sp002908,1R2Q3/8/8/4PK2/5P1k/5Pp1/6B1/8 w - - 13 50,e8h8,1,0
sp002824,4K1R1/8/5q2/8/5p2/8/4bk2/5n2 b - - 17 105,e2b5,1,0
sp002271,5Q2/2q5/B1p3k1/4pp2/4P3/P1P5/1PQ5/R3K2R w KQ - 0 30,c2g2,1,0
sp001862,3R1NR1/4R3/4P3/p4B2/P5p1/3p4/6p1/2k1K3 b - - 1 51,g2g1q,1,0
sp000230,R7/8/8/4pp2/8/2bk1p2/3prP2/1K6 b - - 27 58,d2d1q d2d1r,1,0
sp000097,5r2/4b3/r2p1npP/2pP4/Pp3P2/1PP1KN2/R7/7k w - - 0 30,a2h2,1,0
sp001813,6r1/2p1K2P/2P5/5p2/8/1b2p3/8/1q1q3k b - - 0 48,d1d8 d1d6,1,0
sp002485,Q6r/2rkb1p1/p2p3p/4p3/6n1/PP3B2/3N1PP1/R3K2R w KQ - 3 23,f3g4,1,0
sp001045,QQ6/6k1/3p4/3R1PN1/2P1pbK1/8/2B3P1/1q6 w - - 2 42,b8h8 b8f8,1,0
sp000663,8/8/6k1/2p2p1p/2P2P1P/5K2/r7/1q6 b - - 5 37,b1d3 b1b3,1,0
sp003223,4Q3/3Q4/1N1q1pPk/5P2/2K2P1p/8/8/6r1 w - - 10 55,e8h8 d7h7,1,0
sp002192,R7/3NkB2/4P3/2p1PK2/8/1N6/1P4q1/8 w - - 6 48,a8e8,1,0
sp000305,6R1/1p6/1P6/1Kp5/8/6pp/5q2/r2b3k b - - 9 61,d1e2,1,0
sp000353,6B1/1p6/8/5p2/4pk2/1qnQ1b1P/1b1K1P2/7r b - - 1 31,b3d1 b2c1 h1d1,1,0
sp003129,7r/K4p2/P4P2/5k2/1q3b1P/8/8/8 b - - 0 38,f4e3 b4b8,1,0
sp002670,r7/3K3k/p5pp/1p6/P4b1P/1np2q2/RP6/3br3 b - - 1 35,f3b7 f3d5 b3c5,1,0
sp001407,7k/5K2/5PPp/Pb6/1P3p2/2P5/8/b6R w - - 1 36,h1h6,1,0
sp000012,4k2r/3n1pp1/2p2n2/N3P3/P7/3P1p1P/1q6/3RK2R b Kk - 0 26,b2e2,1,0
sp001196,6K1/8/4k2q/4p3/4P1R1/8/8/1q6 b - - 1 66,b1b8,1,0
sp002007,2kr2R1/1pp2Bp1/p3N3/4p1N1/1K2P1n1/2PP1nq1/2Q5/4R3 w - - 6 27,g8d8,1,0
sp001905,7R/2bQ4/5p2/4k2p/1p3p1P/2nK1P2/8/8 w - - 0 45,h8e8,1,0
sp001994,8/2b5/6kp/5p2/5p2/1bPK4/8/q3r3 b - - 5 39,a1d1,1,0
sp003208,8/4K3/3P2Q1/7p/7P/4p3/4k3/7Q w - - 18 78,g6c2,1,0
sp003192,3R3R/4k1p1/6P1/1pP1Pp2/1P3P1p/2P4K/8/8 w - - 2 35,h8e8,1,0
sp001158,Q7/PQ2b2k/2pp1p1p/5P1K/5P1P/2P2P2/5R2/1r6 w - - 3 42,b7e7,1,0
sp000745,1k1K4/6q1/8/5p2/5P2/7r/8/8 b - - 5 55,h3h8,1,0
sp000949,6R1/8/3PPK2/7k/7n/6p1/5N2/7r w - - 8 55,g8h8,1,0
sp002431,1K5R/8/1N1n4/3Q4/1p3pk1/1P4p1/6P1/6r1 w - - 7 43,d5h5,1,0
sp000336,2kr4/1p3pb1/p1p2n2/8/P4p2/R1PP1ppP/1q4P1/4K2R b K - 1 22,b2e2 b2c1,1,0
sp000463,B6r/5k2/p4p2/P4P1p/8/1bp4P/1p1p4/1Kbn4 b - - 1 41,c3c2,1,0
sp001673,7R/3Nk1P1/5p2/3Q1P2/4KP2/2p2p2/8/8 w - - 9 49,d5e6,1,0
sp002814,7K/8/2p5/8/5q2/1bn5/8/1r5k b - - 53 95,f4h6,1,0
sp002488,3R4/P1B5/P7/5K1k/5P2/8/4nbp1/8 w - - 0 47,d8h8,1,0
sp003214,1r6/1P6/1P6/2P5/5k2/2q3p1/4K3/7r b - - 0 58,b8e8 c3e3 c3c2 h1e1,1,0
sp002377,QQR4r/3k4/7p/5qp1/4pp2/P6P/6pK/r7 b - - 0 35,g2g1q,1,0
sp001773,1Q6/5k2/2Q5/6P1/5PK1/7P/8/B6r w - - 3 54,b8e8 c6e8 c6f6,1,0
sp000493,4K3/8/3q4/5n1p/5P1P/8/3p2r1/1k6 b - - 53 82,d6e7,1,0
sp000464,N5R1/8/p2P4/P7/2b2k2/7K/3r4/5r2 b - - 3 49,f1h1,1,0
sp002053,r2B1r1k/1p1b2p1/p1np4/3QpB2/6Pb/2N2p2/PPP2PP1/R3K2R w KQ - 1 18,h1h4,1,0
sp002348,3N4/3P4/p7/P2b1B2/5P2/2k3b1/4K3/1r6 b - - 0 44,b1e1,1,0
sp001390,8/5R2/2Pk2PR/5p2/3K1p2/2P2p2/5P2/8 w - - 9 43,g6g7,1,0
sp001582,6k1/1N6/1nr2p1p/5P2/2p1p1P1/6bP/r4q2/3K1b2 b - - 1 40,f2d2 f2c2 f2e1 a2a1,1,0
sp002129,8/8/7p/3n1P1p/7P/6K1/pr6/bk1q4 b - - 0 61,d1g4 d1d3 d1b3,1,0
sp000049,b7/7K/8/5p2/5b2/4k3/3q4/6r1 b - - 2 63,d2h2,1,0
sp000673,8/3R2p1/4P3/4k1p1/1p4P1/1np1K1P1/4p3/3q4 b - - 1 44,e2e1q,1,0
sp001280,8/7K/2p5/2P2p2/5p2/5P2/4r3/5krn b - - 5 106,e2h2,1,0
sp002696,3BQ3/1K6/7k/2P2P1p/p4p1P/P1n5/2B5/6r1 w - - 3 42,e8h8,1,0
sp002592,4R3/3Q4/7k/4PP1p/7P/2n5/2K5/8 w - - 2 52,e8h8 e8e6,1,0
sp003225,4Q3/8/1N2QpPk/1K3P2/5P1p/8/3q4/6r1 w - - 14 57,e8h8,1,0
sp000326,6R1/6p1/p1B4k/P4K2/5b2/4p3/8/8 w - - 4 51,g8h8,1,0
sp002831,7Q/8/p1p5/4bk2/1P2qp2/P3n2P/4K3/2Rr4 b - - 4 40,e4g2,1,0
sp002505,r3kb1r/1p1n2p1/p4n1p/2p5/5P2/P1PK3P/1q4P1/3b3R b kq - 0 21,b2e2,1,0
sp000301,4R3/1p6/1P6/K1p4p/5qr1/6p1/8/3b3k b - - 9 54,f4b4 f4a4,1,0
sp001426,r1B2Q1R/5p2/p1p3k1/8/8/P1Pn1p2/1PKN1P2/2R1q3 w - - 1 27,f8h6,1,0
sp001123,6KQ/2q5/8/8/5b2/p7/P7/3r1k2 b - - 25 86,d1d8,1,0
sp002088,2B5/4K3/2Np2Q1/3P4/3P4/8/7Q/3k4 w - - 55 78,g6g1 g6b1,1,0
sp001657,B7/8/p7/P1n4p/7P/1b5K/5k2/4b1b1 b - - 2 60,b3e6,1,0
sp000772,2K5/8/8/8/5b2/8/3r1b2/q2k4 b - - 37 106,a1a8 a1a6,1,0
sp002541,4R3/5p2/5Pp1/1P4Pk/4KP2/7B/3b4/8 w - - 1 43,e8h8,1,0
sp000076,1Q5r/3k1p2/1q1b1n2/3Pp3/4P3/5KpP/8/8 b - - 0 32,b6f2,1,0
sp000588,1R1B4/8/r1P1N2p/1b1k1p2/5P1P/2p3p1/8/4K3 b - - 8 39,a6a1,1,0
sp002400,3K4/7q/8/8/8/4p3/3p2r1/3k4 b - - 11 93,g2g8,1,0
sp002031,1Q4R1/4k3/4P3/1p4K1/2b2P1p/2P3p1/8/8 w - - 2 50,g8e8,1,0
sp002673,r7/3K3k/p5pp/8/P4b1P/1np2q2/6R1/3br3 b - - 1 37,f3b7 f3d5 b3c5,1,0
sp003229,4Q3/6P1/1N2Qp1k/5P2/1K3P1p/8/8/2r4q w - - 3 61,e8h8 e8g6,1,0
sp000966,R3R3/1B1k4/PK6/P1P2p2/4P3/8/8/5rb1 w - - 1 41,a8d8 b7c6,1,0
sp000202,7R/8/2Q5/5k2/2p2P1p/2P4P/1K6/3b4 w - - 24 62,h8f8,1,0
sp000735,2q1k2r/4P1p1/3R1P2/rpp5/2P2P2/PP5P/2Q5/2K4R w k - 0 24,c2g6,1,0
sp001692,7R/2k5/1n6/2K2p2/2b2pp1/7P/R7/8 w - - 0 37,a2a7,1,0
sp002102,5Q2/8/P6p/5P2/k4b2/2Kp3P/1P6/3q3r w - - 3 45,f8b4,1,0
sp000197,4k2r/4bp2/3p1P1p/8/8/P1P4P/1PQ3pK/R1R1q3 b k - 0 23,g2g1q,1,0
sp001057,2B1Q3/ppp5/3k4/5Ppp/3N2n1/1N6/6P1/R5K1 w - g6 0 33,e8e6,1,0
sp001702,r3kb2/1p1n1pp1/p1p2P2/6p1/6P1/P1PQ1NPr/1P3PB1/2KR1N2 w q - 1 22,d3d7,1,0
sp000057,3k4/8/R1Q3K1/5B2/8/2P3P1/8/8 w - - 0 43,c6d7,1,0
sp000538,6k1/6b1/pn3pPp/1b3p2/3q1p1P/PP6/1RP1r3/2K5 b - - 1 29,d4g1 e2e1,1,0
sp000824,2QR1b1r/4k1p1/5p2/2p1p3/p1P2p2/P1P2p1P/1K6/7R w - - 0 31,c8d7,1,0
sp001097,1K1RQ3/2QB4/8/4P3/7p/1N3Q1P/1P6/4k3 w - - 15 64,c7a5 c7c3 c7c1,1,0
sp000106,r3k2r/1pp2p2/p4P1p/6p1/3P1bP1/P1P2N1P/2Q1bK2/q7 b kq - 0 22,a1f1,1,0
sp002550,8/1pb5/1np3qk/2K5/P4P1P/2P5/8/6r1 b - - 0 33,g6d6,1,0
sp002263,1R6/8/1Q3K1k/7p/2p4P/2P5/5b2/7r w - - 16 84,b8h8,1,0
sp002496,1Q5b/4N1k1/2K2p2/5PP1/3p1P1p/7P/8/3n4 w - - 0 39,b8g8,1,0
sp001424,6BQ/5N2/1nrb2k1/4p3/1p2P2K/1PnP4/8/2rq4 w - - 1 45,h8h6,1,0
sp001528,8/4P3/2B2B1p/5K1k/4N3/3p4/2n5/8 w - - 23 72,c6e8 e4g3 e7e8q e7e8b,1,0
sp003242,Q3B2b/2k5/2P1K3/3P4/4p3/5p2/5P2/1R4b1 w - - 3 46,a8b8 b1b7 d5d6,1,0
sp003030,5r2/8/1pp1B1k1/6P1/1p3p1Q/5P2/2K5/r7 w - - 1 38,h4h6,1,0
sp001986,5r2/5ppk/5n1p/4b3/5p2/1bPK3P/1P6/7q b - - 1 28,h1d1,1,0
sp001928,6R1/8/1Br2k2/1P6/4PP2/8/5K2/1q5q b - - 0 55,b1e1,1,0
sp002125,r2Bk2r/1p4Q1/pn6/5p2/P6P/1PP2p2/1K2b3/4r2R w kq - 0 28,g7e7,1,0
sp002599,4r3/7k/p1p4p/1p3p1P/1P3b2/2n2P2/P3q3/K7 b - - 0 35,e2a2,1,0
sp002880,6BR/8/4P1P1/8/5b2/1k6/2p5/K7 b - - 1 59,f4e5 c2c1q c2c1r,1,0
sp001983,1Q4R1/5k2/5p2/5K1p/7P/2pn2b1/8/7Q w - - 0 48,b8f8 b8e8,1,0
sp002971,QR1Q3R/6k1/8/2pP1Pp1/4K1P1/1N6/8/b7 w - - 1 50,d8f8 d8e7 b8b7 a8b7 a8a7,1,0
sp000044,3k4/4N3/2K2QP1/3B1P2/8/8/8/8 w - - 7 59,f6f8,1,0
sp000719,2k5/3R4/p1N5/P1P2B2/5PK1/4p3/5bp1/8 w - - 2 41,d7h7 d7g7 d7f7 d7e7 d7a7,1,0
sp000054,2r4r/3nN1pp/1p1Q4/1p6/8/P1P4P/4kP1P/R5K1 w - - 7 24,d6d1,1,0
sp000253,3QR3/8/1Pk3p1/r1p5/2K2p2/2P3p1/8/5n2 w - - 4 40,d8c7,1,0
sp002881,3K4/4N3/2q5/8/8/2b5/8/7k b - - 38 102,c3a5,1,0
sp001640,7r/3n3k/p5p1/3q1pP1/1p5P/2p1K3/P4P1R/b2b4 b - - 3 28,d5e4 d5d2,1,0
sp000132,2kr3r/pp3pp1/2p2b2/6p1/2P5/P1PP1K2/2Q1B1Pq/R1R5 b - - 5 21,h2f4,1,0
sp001742,8/8/6p1/6P1/2p2k1K/2p5/8/rq6 b - - 33 86,b1h1,1,0
sp001788,7R/3n4/2k2p2/2p2p2/2P2P1P/2K5/1r2b3/q7 b - - 9 38,a1a3 a1c1,1,0
sp002536,7K/2B5/2P2P2/8/5q2/1b6/8/5k2 b - - 4 74,f4h6,1,0
sp001627,8/7K/8/8/2B2Pr1/2n5/5k2/1r6 b - - 6 54,b1h1,1,0
sp002753,1R1B1k2/5p1p/2p5/3p4/3Q4/2P5/1P1KB1b1/1r5n w - - 0 20,d8f6 d8g5 d8h4 d4h8,1,0
sp000371,r4Bk1/ppp2p1p/2nq1Q2/4p3/4P3/3P2P1/3N1PBP/b3K2R w K - 2 16,f6g7,1,0
sp002734,K7/P1b3R1/3r4/5p2/8/8/4Q1p1/3r2k1 w - - 6 66,e2g2,1,0
sp000930,K7/6Q1/8/5p2/8/8/7Q/3k4 w - - 9 90,g7g1 g7a1,1,0
sp001153,8/P7/2p5/5p2/1p2pq2/2P1p1k1/4K3/7r b - - 0 47,f4f3 f4f2,1,0
sp000635,KR6/3N4/2B2P2/8/8/8/7Q/4k3 w - - 51 117,b8b1,1,0
sp001377,8/8/8/1Pr4N/4Kb2/2p5/5q2/7k b - - 3 60,f2e3,1,0
sp000524,1Q6/2p2B2/2P5/2K5/5n2/8/6R1/3k4 w - - 34 85,b8b1,1,0
sp003172,7r/2N1k3/pp1p2Kp/8/P7/1nqP2pP/2P5/b2q4 b - - 0 33,c3f6,1,0
sp003027,8/8/2P5/P4p2/5K2/7k/1PQ5/5R2 w - - 0 39,f1h1,1,0
sp001238,R3R3/5k2/8/4QB2/2p2P1p/2P4P/7K/8 w - - 5 43,e8f8 e8e7 a8a7 e5e7,1,0
sp002232,2K5/1P5k/2P4p/5p1P/5b2/2n1q3/P3q3/8 b - - 0 42,e3e8,1,0
sp001847,8/1p4k1/5p1p/P4K2/1P3P2/2n2P1P/8/3q3r b - - 0 37,d1d7,1,0
sp000111,7r/1kp2pQ1/7p/6p1/2P2bP1/5N1P/5K2/q6r b - - 3 30,a1f1,1,0
sp002376,8/8/8/3B3p/5k1P/6bK/5q2/1r6 b - - 44 103,f2h2,1,0
sp003186,K7/P7/3kn2r/5p1p/2PN1P1P/5P2/8/1q6 b - - 2 39,h6h8 e6c7,1,0
sp000733,r2qk3/ppp2pp1/1n6/4p3/4P1n1/R1PP1NP1/2QKBP2/7r b q - 0 16,b6c4,1,0
sp002620,KQ5q/8/2P5/1B3p2/5b2/8/3p4/3q1rk1 b - - 3 57,h8b8,1,0
sp001457,r7/1p6/PB1p4/8/2P2kp1/1P4p1/4q3/2KN3r b - - 4 36,h1d1,1,0
sp001628,3R4/1p6/pn6/K4p2/6P1/PP1p3P/4kb2/q7 b - - 4 44,a1a3,1,0
sp002709,4K3/7r/8/8/8/8/5k2/1r6 b - - 39 141,b1b8,1,0
sp002399,5KR1/6P1/5k2/5p1p/7P/8/3r3B/3b4 b - - 2 49,d2d8,1,0
sp002170,1Q6/8/2kP2K1/2p2p2/2P2B2/8/8/8 w - - 1 59,b8c7 b8b5,1,0
sp001817,8/8/6kp/4b3/1P2p2P/8/5Kp1/4r3 b - - 1 48,g2g1q,1,0
sp002409,1Q6/8/k1pp4/P4p2/5P1P/2P1bKP1/3q4/R6r b - - 5 40,d2f2,1,0
sp001930,8/2R5/K7/5p1p/5p1P/4bP2/5k2/1q6 b - - 5 71,b1b6,1,0
sp001432,r1B2Q1R/8/p1p3k1/5p2/8/P1P2N2/1PK2P2/2n1q3 w - - 0 30,h8h6 c8f5,1,0
sp000128,8/8/7p/3P4/7P/2q1k1K1/8/7r b - - 0 44,c3g7,1,0
sp001322,2B1Q1R1/K2R4/8/8/8/8/8/5k2 w - - 62 115,d7f7,1,0
sp000848,5K2/3Q4/8/8/8/8/8/6rk w - - 16 72,d7h3,1,0
sp002184,R7/4b3/4k3/4p3/p2pP3/P2K1p2/5q2/6b1 b - - 33 71,f2e2,1,0
sp002618,3Rn1k1/5ppp/1Q6/p3p3/1P2P3/5N1P/1P2BPP1/4K2R w K - 0 22,d8e8,1,0
sp003183,K7/8/2k1n2r/P4p1p/2P2P1P/5P2/4N3/1q6 b - - 0 36,b1b7,1,0
sp002090,7r/4bpp1/3p1n1p/1kq1P3/3p1P2/PK5P/1P4P1/3r4 b - - 0 31,c5c4,1,0
sp002085,2B5/4K3/2Np2Q1/3P4/3P4/8/7Q/4k3 w - - 47 74,g6g1 g6b1,1,0
sp001761,1Q6/4k3/2Q5/3r4/4pPKp/7P/6P1/B7 w - - 1 46,b8e8 c6e8,1,0
sp002924,Q7/3k4/2pP4/2P2p2/2Q1p3/6p1/5p1p/7K w - - 0 43,c4f7,1,0
sp003227,4Q3/8/1N2QpPk/5P2/5P1p/1K6/3q4/2r5 w - - 18 59,e8h8,1,0
sp000047,rn2kb1r/ppp2ppp/5B2/8/4P3/2p2b2/PP3PPP/RN1QKB1R w KQkq - 0 9,d1d8,1,0
sp003074,R7/R1b5/4B3/1Pp2p2/6p1/2P1K3/8/5q1k b - - 5 43,c7f4,1,0
sp002679,r2BQ3/1p6/1np4k/5P1p/pP2Bp2/P6P/3N4/R3K1R1 w Q - 0 27,e8h8 e8g6,1,0
sp000244,3R4/p7/R7/2N2k1p/5p2/5PpP/6B1/6K1 w - - 0 40,d8d5,1,0
sp001902,8/8/8/5p2/3q1p2/2p5/1bK1k3/8 b - - 5 59,d4d1,1,0
sp001884,rn2k2r/1p2Bpb1/pQp4p/8/2P1PP2/P2p4/1P1N3P/2KR3b w kq - 0 18,b6d8,1,0
sp003238,1R2B3/P1k5/2P1Kb2/3P4/4p3/5p2/5P2/6b1 w - - 0 44,d5d6,1,0
sp002652,r4r2/1p2b1pk/p1np3p/2p5/5P1P/PNPPKP2/RP6/3b3q b - - 0 21,h1e1,1,0
sp000688,8/8/5PP1/8/2p5/ppbk4/2b4R/2K3R1 b - - 3 52,c3b2 b3b2,1,0
sp002653,r4r2/1p4pk/p1np1b1p/2p5/5P1P/PNPPKP2/1P6/R2b3q b - - 2 22,h1e1,1,0
sp001168,1Q6/8/8/8/4p3/2p1pp2/5q2/3K3k b - - 1 59,f2d2,1,0
sp000722,2k5/3R4/p1N5/P1P2BK1/5P2/4p3/5b2/6b1 w - - 0 42,d7h7 d7g7 d7f7 d7e7 d7a7,1,0
sp001245,8/5P2/2pk2p1/6P1/2npK3/2q2Bp1/8/8 b - - 0 51,c3e3,1,0
sp000876,7R/3Q1p2/5P2/4P3/5P2/K1k2p1p/8/7q w - - 4 47,h8c8,1,0
sp000213,7K/7P/8/p4p2/P1q5/8/8/1k1q4 b - - 0 49,d1d4,1,0
sp002641,R7/8/8/1p2K2p/1p4kP/1Pn2p2/5P2/7R w - - 0 44,a8g8,1,0
sp001587,3R4/8/p7/P4pq1/5k2/7K/3p4/2bb4 b - - 1 58,g5g3,1,0
sp001665,7K/8/8/3q1p2/1p5P/1bn1k1p1/8/7r b - - 17 56,d5g8,1,0
sp000006,B6Q/2q1B3/p1p2p1p/5k2/3p1P2/5P1P/2PN4/Q3K2R w K - 0 23,h8f6,1,0
sp000704,2k5/3R4/p1N5/P4Bp1/5p2/2P1p1p1/6P1/7K w - - 0 34,d7h7 d7g7 d7f7 d7e7 d7a7,1,0
sp003296,8/6p1/6P1/6K1/3q4/4k3/2Bn1q2/8 b - - 7 71,d4h4,1,0
sp001681,8/4K3/p7/4P2p/1p3P2/k6P/2Q4R/5r2 w - - 2 46,c2a2,1,0
sp003245,K3Q3/3Q4/5p1k/5P2/5P1p/1Q6/8/2rq4 w - - 5 74,e8h8 e8g6,1,0
sp001936,5r2/6b1/p6k/P2p3P/1P3pp1/8/7K/5q2 b - - 0 33,g4g3,1,0
sp000118,R2Q4/1B6/4k3/1p3p1p/8/2P2NPP/5P1K/5R2 w - - 0 31,b7d5,1,0
sp001139,4R3/6k1/PnK2pP1/5PP1/8/1P6/8/7R w - - 7 49,h1h7,1,0
sp001581,5r2/6p1/pnp2n1k/8/P6P/1NP1pq2/1P6/3RKB2 b - - 0 25,f3f2,1,0
sp000976,R3R3/3k4/PK6/P1P2P2/8/8/2Br4/6b1 w - - 9 46,a8d8 c2a4,1,0
sp000277,8/1p4pr/1Pp3P1/K6p/8/5k2/8/1q1b2R1 b - - 0 37,b1b5,1,0
sp001342,2Q1Q3/8/2pk4/3nb3/5p2/2nK4/8/4r3 w - - 1 52,c8c6,1,0
sp000684,8/8/5PP1/8/1pp5/Pp1k4/2b4R/b1K3R1 b - - 1 50,b3b2,1,0
sp001454,r7/1p6/1B1p4/P5p1/2P2k2/1P4p1/4q3/2KN3r b - - 0 33,h1d1,1,0
sp002096,1Q6/4Bk2/5b2/2pK1B2/8/3P2p1/8/3b4 w - - 6 43,b8f8,1,0
sp002470,3Q4/8/2B3pp/p4p1k/5p2/1PP4P/1K1N1b2/3R3R w - - 0 31,c6f3,1,0
sp000940,8/4b2k/P1B5/4pn1K/4p1P1/8/8/R7 b - - 0 40,f5g7 f5g3,1,0
sp001664,4Q3/7K/8/8/7n/8/6rr/6k1 w - - 53 91,e8e1,1,0
sp000489,8/3n4/p7/P4p2/7p/1bp3kP/1p1p4/1Kb4B b - - 7 57,c3c2,1,0
sp002446,4r2R/6k1/6p1/6P1/5P2/2PK4/1P3b2/r3q3 b - - 5 34,e1e2,1,0
sp000936,4k3/6p1/qn4P1/8/p4b2/P1P1Np2/2K5/7q b - - 3 31,a6e2,1,0
sp002187,R7/3NkB2/2p1P3/4PK2/7p/1N6/1P6/8 w - - 0 41,a8e8,1,0
sp001328,r2B3R/pppB1kp1/8/4p3/4P1p1/2P2N2/2Q2PP1/b3K3 w - - 0 18,f3e5,1,0
sp000396,4k2r/4B3/1np2p1p/2p2Q2/1P2KP2/r6P/P7/R5q1 b k - 0 27,a3e3 g1d4 g1e3 g1g2,1,0
sp002896,r1B4r/p1k3p1/1np2P2/5p2/5p2/R1P4P/7K/5q2 b - - 0 24,h8h3,1,0
sp002103,1Q6/3K4/8/5P2/kq3b1p/2Qp3P/1P6/7r w - - 4 57,b8b4 c3b4,1,0
sp000648,8/8/6q1/5P2/3k4/2n2P2/3K4/7r b - - 0 44,g6g2,1,0
sp002752,6RK/8/8/8/2pn2p1/2p3p1/3q4/5k2 b - - 3 65,d2h6,1,0
sp003177,7r/4k3/p2p2Kp/P6N/1p3q2/1n1P2pP/2P5/b2q4 b - - 2 37,f4f7 f4g5,1,0
sp001050,3Q4/5pR1/4PP1P/1k6/2p5/K1P5/8/1q6 b - - 0 46,b1b3 b1a1,1,0
sp002516,r2Bk3/1p2r3/pN4P1/3p4/3P1P2/P2nQP1P/7K/R7 w q - 1 27,e3e7,1,0
sp000363,r3k2r/1pQ2p1p/p4B2/3P2K1/4bP2/RN6/1P5q/8 w kq - 3 28,c7e7,1,0
sp002475,8/4K1R1/8/7p/3Q3P/8/3r4/7k w - - 3 105,d4g1,1,0
sp002970,2k5/6R1/1pp5/p7/P4pP1/Kn6/2q5/6q1 b - g3 0 44,g1c5 g1c1 g1a1,1,0
sp000080,5K2/6B1/8/8/4q3/8/4r3/6k1 b - - 49 148,e4e8,1,0
sp002736,B2Q2B1/8/7k/5P2/1p1P1P1p/1N5P/1K6/R6R w - - 1 39,d8g5,1,0
sp001132,4R3/6k1/Pn3pP1/5PP1/8/1PK5/7R/3q4 w - - 0 44,h2h7,1,0
sp000920,N7/5k2/5n1p/3P1K2/1p3P1P/2b5/R7/3q4 b - - 12 41,d1h5 d1d5 d1g4 d1d3,1,0
sp001550,r6r/3nb3/pp1pkn2/2p1p3/4P1pP/P1PP1N2/4BP2/1R2K2R w K - 0 22,f3g5,1,0
sp000318,B4K2/7q/8/8/5k2/4p3/8/7q b - - 3 72,h1a8,1,0
sp000935,3KQ3/8/p3Qp2/P4Bp1/6P1/2p5/4n3/4k3 w - - 4 73,e6e2,1,0
sp001060,2B1Q3/p1p5/2pk4/5Pp1/6np/1N4P1/8/R5K1 w - - 0 35,e8e6 a1d1,1,0
sp000531,7k/8/6Kp/7P/1p3P2/8/8/4q3 b - - 1 48,e1e6,1,0
sp002664,8/2p5/3B3P/5p1k/5P2/6Kb/8/7q b - - 1 80,h1g2,1,0
sp000520,1Q6/8/2NPK3/5Q2/8/8/2Q5/7k w - - 27 77,b8b1 f5f1,1,0
sp001452,r1B5/6Q1/2N5/5p2/P7/2P5/3Knk2/1q5q b - - 1 44,h1e1 h1d1 h1c1 b1d1,1,0
sp003097,RQ6/3k1p2/5n2/3P2b1/1pP4r/5pK1/4b3/8 w - - 0 35,b8d8 a8a7,1,0
sp001815,6k1/3Q4/3qP1K1/2N2B2/p5P1/P7/8/R7 w - - 1 43,d7g7,1,0
sp003078,B6r/4R3/1p1k1p2/5Pp1/p4p2/2pP3P/7K/1Q6 w - - 0 42,b1b4,1,0
sp001739,8/8/6p1/6P1/2p2k1K/2p5/4q3/r7 b - - 29 84,e2h5 e2g4 e2h2 a1h1,1,0
sp003142,8/3n4/2p2p2/2P2p1k/5p2/1b3Kp1/rb6/q6r b - - 27 51,a1f1,1,0
sp002677,5r2/2bn1p2/5n2/8/K1PqPp2/5qk1/8/8 b - - 11 35,d4c4,1,0
sp001737,8/8/6p1/6P1/2p2k1K/r1p5/4q3/8 b - - 25 82,e2h5 e2g4 e2h2,1,0
sp000358,8/1p6/8/5p2/2B2k2/2np1P1P/3Kb3/b6r b - - 0 34,c3b1 h1d1,1,0
sp002954,8/8/7b/5K1k/2pQ4/n5p1/6P1/7r w - - 3 67,d4g4,1,0
sp003297,8/4KQQ1/5Q2/8/5p2/5P2/7k/8 w - - 31 89,f7h5 f6h6 f6h4,1,0
sp000170,4K3/7r/8/8/8/8/3p4/rk1n4 b - - 15 114,a1a8,1,0
sp001666,4Q3/7K/8/8/7n/8/6rr/6k1 w - - 57 93,e8e1,1,0
sp002074,2Q1R3/3n4/5pP1/1K1k1p1p/5P2/2P5/8/8 w - - 0 41,c8d7 c8c6,1,0
sp001639,7r/3n3k/p1q3p1/5pP1/1p5P/2pK4/P4P1R/b2b4 b - - 1 27,c6e4,1,0
sp002918,2B5/8/1n3p2/5p2/4r2P/2QpkpK1/4q3/8 b - - 6 52,e2g2,1,0
sp000370,7r/2kn4/p6p/R3P3/4p1P1/8/PPP2qb1/2K5 b - - 0 30,f2e1,1,0
sp000794,7N/p1p2Qp1/P1Nk2P1/4pB2/2P3P1/2K5/5b2/r7 w - - 1 43,f7d5,1,0
sp002916,2B5/8/1n3p2/5p2/1Q2r2P/3pkpK1/4q3/8 b - - 2 50,e2g2,1,0
sp001429,r1B2Q2/8/p1p2pk1/8/8/P1P2N2/1PK2P1R/2n1q3 w - - 0 29,f8g8 h2h6,1,0
sp001525,8/4P3/2B2B1p/1N3K1k/8/3p4/2n5/8 w - - 19 70,c6e8 c6f3 e7e8q e7e8b,1,0
sp001416,5K1k/8/5PP1/7p/bP3p2/2b5/8/7R w - - 0 41,h1h5,1,0
sp001137,r6Q/8/p1p5/5p2/P3pq2/4p1k1/1PP5/3K4 b - - 0 39,f4f1,1,0
sp001687,2K5/8/2B2p2/5p2/5k1P/5P2/2r5/1q1q2R1 b - - 2 47,c2c6,1,0
sp002275,5KR1/8/8/8/3B4/8/4q3/5k2 w - - 14 156,g8g1,1,0
sp003103,R5Q1/8/2k2p2/2P3b1/1p5r/2n2pK1/4b3/8 b - - 3 39,c3e4,1,0
sp001688,N7/8/8/4p3/4P1p1/2k3p1/5bK1/7r b - - 5 40,h1g1,1,0
sp001495,1Q6/3k4/2p2P2/3B1K2/5P2/8/3q4/r6r w - - 7 47,d5e6,1,0
sp000096,6k1/8/1P4K1/2N5/4Rb2/2p5/5p2/r7 w - - 1 52,e4e8,1,0
sp003182,4B3/2b5/8/8/2k2q2/2p2p2/2K5/q7 b - - 1 53,f4f5 f4e4 f4h2 f4d2 f4c1 a1c1,1,0
sp001565,1K4R1/p1p3Q1/P1pN1N2/4kP2/6n1/2P3Pq/8/6r1 w - - 3 47,g7e7,1,0
sp002421,5Q1R/8/8/8/5p2/1k3p2/2p2b2/K7 b - - 1 56,f2d4 c2c1q c2c1r,1,0
sp001315,r7/8/7P/p4p2/P7/1N1pk1K1/8/5Q1R w - - 0 37,f1f3 f1e1,1,0
sp002723,4R3/8/2k1p2r/4p1K1/4P2P/8/1q2Bq2/q7 b - - 6 49,f2h4 f2f4,1,0
sp000985,1Q5R/2Q5/3p1bk1/2p3p1/6K1/2P2p1P/1P3P2/4R3 w - - 1 32,b8e8 c7h7,1,0
sp000275,8/5p2/2p2P2/5B2/1pPNK3/2q5/5k2/7r b - - 3 50,c3e3,1,0
sp001775,1Q6/4k3/2Q3r1/8/5P1K/7P/8/B7 w - - 0 57,b8e8 c6e8,1,0
sp002257,K7/7k/7p/5p1P/P2q4/6b1/4n3/3q4 b - - 2 57,d1h1,1,0
sp000123,8/8/2p4p/8/2P1kNpP/2q5/6K1/7r b - - 0 41,c3f3,1,0
sp001907,7r/1kp5/p3P2p/5p2/2P2p2/7P/6pK/3r4 b - - 0 29,g2g1q,1,0
sp000627,r4n1R/8/1p6/2p2p2/p2k1Pp1/2n1ppP1/4p3/4K3 b - - 1 36,f3f2,1,0
sp002976,8/3Q4/8/5K2/2p5/2P1b3/7R/5kr1 w - - 20 55,d7d1,1,0
sp003270,8/8/2p4P/r7/1pPpp3/3n2k1/5q2/1K6 b - - 0 44,f2b2 f2a2,1,0
sp001220,6K1/6b1/5p1k/2p2Pp1/2p2p2/2P5/3r4/7q b - - 1 90,h1d5,1,0
sp000292,R7/1p6/1Pp4r/K6p/4q3/6p1/8/3b3k b - - 3 47,e4a4 e4e1,1,0
sp003156,5r2/6k1/r4pPp/2p1bP2/2P1p2P/P3K3/5P2/1q3R2 b - - 2 29,b1d3,1,0
sp003213,1K6/4B3/2P5/2P5/8/8/7k/5Q2 w - - 37 109,e7d6,1,0
sp000564,3r4/6bK/3P1PP1/8/1p6/1qk5/p7/r7 b - - 0 45,b3g8,1,0
sp002356,8/6K1/2N1P3/5Q2/8/8/7R/3k4 w - - 21 68,f5f1 f5b1,1,0
sp001567,1K2R3/p1p3Q1/P1pk1N2/5P2/6n1/2P3Pq/8/6r1 w - - 0 48,g7f8 g7e7,1,0
sp000257,r6r/1pp1bp2/p1q2n2/4p3/4P3/PNPP1K1k/1P6/5RR1 w - - 0 27,g1h1,1,0
sp000805,B6R/P7/P4p1p/3PpP2/3bK1kP/1b6/8/7R b - - 0 38,b3c2,1,0
sp001781,3Q4/8/2k3K1/6Q1/8/7P/8/r7 w - - 4 76,g5d5,1,0
sp002164,1Q4Q1/3k4/3P2K1/2p2p2/2P2B2/8/8/1r6 w - - 2 55,g8e8 g8c8 b8e8 b8c8 b8c7,1,0
sp002748,5K2/7q/8/8/2P5/5Q2/5b2/3r1k2 b - - 0 116,d1d8,1,0
sp001724,8/8/6p1/6P1/r1p2k1K/2p5/3q4/8 b - - 5 72,d2h2,1,0
sp000645,6B1/2K5/8/4p3/1q2P3/2n5/5q2/3r1k2 b - - 3 61,f2c5,1,0
sp003134,7r/1K3p2/P2q1P2/7P/5bk1/8/8/8 b - - 2 40,d6c7,1,0
sp003176,7r/4k3/p2p1NKp/P3q3/1p6/1n1P2pP/2P5/b2q4 b - - 0 36,e5f6 e5g5,1,0
sp002558,6RK/5B2/7P/1p6/1p6/1P4p1/5k2/7q b - - 1 45,h1h6,1,0
sp003045,2B2r2/5p2/3p1npp/4P1k1/3p2P1/rPp4P/5q2/2K4R b - - 0 26,a3a1,1,0
sp000227,RR4B1/8/8/2p5/2P2k2/5n1K/8/6r1 b - - 31 78,g1g3,1,0
sp001470,1Q6/3K4/1BPP4/8/8/3Q4/8/1r5k w - - 14 80,d3h3,1,0
sp000391,2k5/1pq3RK/p1p5/7P/2P2p2/8/1b6/r4n2 b - - 5 46,c7g7,1,0
sp000143,1k6/4Q3/p1p3P1/N1p5/P7/2P4P/1K6/r6b w - - 1 32,e7b7,1,0
sp002965,2k5/1p4R1/p1p5/8/1K3p2/Pn6/2q3P1/3q4 b - - 2 41,d1d4,1,0
sp001898,6Q1/8/5P2/4q2p/2p4P/5K2/2B4B/k1b3r1 b - - 5 63,e5e3,1,0
sp000712,8/3Q1B2/2N2p2/1P3p2/5P2/2k1K3/2q5/7r w - - 12 52,d7d4,1,0
sp001772,b7/5k1K/8/6p1/5qP1/4p3/8/r7 b - - 2 59,f4h2 a1h1,1,0
sp002262,8/2b5/1n4p1/6p1/4pkP1/2p4K/8/1q6 b - - 11 61,b1h1,1,0
sp002464,R7/3R4/1p2P3/1P5p/7P/4k2K/3q4/6r1 b - - 13 67,d2g2,1,0
sp000086,8/3QK3/8/4k1r1/3p1b2/3p1Pp1/6P1/3b4 w - - 6 51,d7e6 d7b5,1,0
sp000278,6RK/3Q4/3p4/3P4/8/2P5/7k/1R3n2 w - - 49 83,d7h7,1,0
sp002827,2BR3r/3n4/3P4/1p3p2/2k3p1/5pK1/p4P2/b7 b - - 1 36,a1e5,1,0
sp000971,R3R3/3k4/PK6/P1P2P2/8/8/6B1/3r2b1 w - - 3 43,a8d8 g2c6,1,0
sp000816,Q2N4/2p3P1/1pNb4/1K1k1BP1/4p3/8/8/6r1 w - - 1 61,a8a2 f5e6 g7g8q g7g8b,1,0
sp000050,3Bk1K1/8/3R4/3B4/5P2/1n3q2/8/8 w - - 2 64,d5f7,1,0
sp001684,1Q3RK1/3R4/8/8/5P2/8/8/2k5 w - - 1 85,f8c8,1,0
sp001834,8/8/8/8/5bk1/2b4p/4p3/6K1 b - - 4 74,e2e1q,1,0
sp003193,8/2b5/8/4q2B/3k1q2/2p2p2/8/3K4 b - - 19 62,e5e2 f4d2,1,0
sp002393,q4r2/3P2P1/p7/P3b2n/6k1/1bP3p1/1Pp3P1/6K1 b - - 0 35,c2c1q c2c1r,1,0
sp002206,BQ1Q1K2/1q6/8/5P2/5P2/1b6/2k5/8 b - - 0 69,b7f7,1,0
sp000260,8/k7/1pP2p2/pK3p1N/P1P2r2/6q1/6B1/8 b - - 1 46,g3b3,1,0
sp002729,3Q2B1/8/7k/5P1p/1p3P2/1N1P3P/1K4B1/R6R w - - 2 36,d8f8 d8f6 d8g5,1,0
sp002438,5K2/5P2/7k/2p4p/2P4P/r7/8/4q3 b - - 0 57,a3a8,1,0
sp000727,1q5R/8/5N2/2p2p2/2Kp4/2nP4/8/5kr1 b - - 5 78,b8b5 b8b4,1,0
sp000953,3Q4/8/8/5K2/8/4pQ2/5q2/5k2 w - - 7 53,d8d1,1,0
sp001194,R7/8/8/p4K1k/P3N1p1/2P2pp1/1P6/8 w - - 0 40,a8h8,1,0
sp000079,8/8/6k1/2p2p2/qP3b1P/3K1p2/5P2/4r3 b - - 0 37,a4b3,1,0
sp002691,3Q4/8/1Bp5/5p1k/5P2/7K/8/3b2q1 b - - 30 103,d1g4,1,0
sp002260,1R6/8/5K1k/Q6p/2p4P/2P5/5b2/3r4 w - - 14 83,b8h8,1,0
sp001428,r1B2Q1R/5p2/p1p3k1/8/8/P1P2N2/1PK2P2/2n1q3 w - - 0 28,h8h6 f8h6,1,0
sp003117,8/8/4B3/5p1p/7P/5k1K/8/3q4 b - - 1 70,d1h1,1,0
sp001379,8/4R3/p1k2n2/3p1B1p/p2P1P2/2PQ2nP/7K/8 w - - 0 37,d3a6,1,0
sp001988,2Q5/4N3/3p3r/3P3k/8/5nK1/8/8 w - - 15 55,c8g4,1,0
sp001302,3Rr2k/8/8/6p1/q3ppP1/P1K2p2/2P5/1q6 b - - 3 33,b1c2,1,0
sp001589,6BK/3B1B2/8/8/8/5b2/4k3/1qr1q3 b - - 1 71,e1c3,1,0
sp003210,8/4K3/3P2Q1/7p/7P/4p3/5k2/7Q w - - 24 81,g6g2,1,0
sp000792,2B1k3/1Q6/2N5/5Pp1/4p1P1/8/2K5/b6r w - - 7 37,b7e7,1,0
sp000815,4b3/8/8/5p2/5Pk1/2p1K3/8/r2q4 b - - 14 61,d1d2,1,0
sp002502,8/8/8/5p1p/5k1P/2bR1qpK/8/3br3 b - - 27 55,f3h1 f3f1 e1h1,1,0
sp002684,1k6/R4K2/1B5R/8/5P2/2P5/8/8 w - - 11 61,h6h8,1,0
sp002025,QQ4R1/4k3/2p1P1K1/3b3p/5P2/2P3p1/8/8 w - - 0 47,g8e8,1,0
sp002033,1Q4R1/4k3/4P1K1/8/1pb2P1p/2P3p1/8/8 w - - 0 51,g8e8,1,0
sp000023,5r2/5p2/p1p2P2/P4KP1/5P2/1Nb3k1/4b3/8 b - - 10 36,e2d3,1,0
sp001009,7R/8/8/6p1/3n1bP1/4n3/3knK2/4r3 b - - 45 70,f4g3 e1f1,1,0
sp000062,3Q1Nk1/6P1/5P2/8/r7/2P5/8/2b1K3 w - - 1 37,d8d5,1,0
sp003052,5R2/2n5/4B1p1/1P3pP1/3pp3/r1p3k1/5q2/2K5 b - - 2 35,a3a1,1,0
sp003138,7r/PK3p2/5P2/4q2P/5bk1/8/8/8 b - - 0 41,e5b5,1,0
sp002893,7Q/2q1k3/2p5/r2p1p1p/3N4/P1P4K/1P3bP1/R4R2 b - - 2 26,c7g3,1,0
sp002291,8/8/3kP2p/pp5P/2p5/2P1K3/8/3q1r2 b - - 1 39,d1d3,1,0
sp000730,1k5r/5B2/2pN4/p1p2p2/qPK2P1P/3P4/8/8 b - - 0 36,a4b4 a4c2,1,0
sp001585,4R3/8/p4p2/P5q1/5k2/7K/3p4/2bb4 b - - 9 57,g5g3,1,0
sp001552,7r/8/7k/6p1/2p2bP1/4r3/2K1n3/q7 b - - 1 45,e3c3 a1c1,1,0
sp001806,1R6/8/5p2/2pk1p2/2n2P1P/2K5/4q3/3b4 b - - 2 59,e2f3 e2e3 e2d2 e2c2,1,0
sp002504,3R4/8/8/5p1p/5k1P/5qpK/8/b2br3 b - - 29 56,f3h1 f3f1 e1h1,1,0
sp000518,K7/2b2Q2/5P2/5B1P/8/8/8/5qk1 b - - 0 73,f1a6,1,0
sp002120,Q2B3r/P7/3R1b2/2pPkp2/2P1b3/4K3/8/7q w - - 4 32,d6e6,1,0
sp000809,3N4/p1p1Q3/P1N3P1/1K1kpBP1/3b4/8/8/r7 w - - 15 55,e7d7 e7e6 c6b4,1,0
sp001300,8/4K1Q1/4Q3/8/8/1Npk1p2/5P2/r7 w - - 8 67,g7h7 g7g6,1,0
sp000874,1Q5Q/5k2/2Bp1b2/p3pP2/4Kpn1/1P6/6P1/7r w - - 0 34,h8f8 b8f8 b8e8,1,0
sp000134,2kr3r/pp3pp1/2p5/6p1/2PP4/P2P1K2/2Q1B1Pq/R1R5 b - - 0 22,h2f4,1,0
sp000903,1Q6/P7/2k2ppp/2p2B2/2P2b2/1Kp2NP1/5P2/4r3 w - - 0 36,a7a8q a7a8b,1,0
sp000337,r3r3/4bpk1/p4n1p/3Pp3/8/2P2P1P/PKP2PBR/3q4 b - - 0 24,e8b8 a8b8,1,0
sp000386,2k5/1pq5/p1p4K/4b2P/r1PP1p2/8/2R5/5n2 b - - 0 42,c7g7,1,0
sp000206,8/rp2K3/p7/2pk1p2/P4Q1p/2PP2p1/2N3P1/8 w - - 6 37,f4d6,1,0
sp002604,Q6R/3nk3/1p1r1p2/R1pP2p1/2P3p1/5pP1/1P3P2/4K3 w - - 0 25,h8h7 a8e8,1,0
sp001660,7K/2q5/8/8/5b2/1b6/8/6k1 b - - 5 144,f4e5,1,0
sp002426,8/4Q1p1/1p6/p2k1P2/P2P1P2/1PK2pP1/8/8 w - - 0 37,e7e6,1,0
sp002363,Q7/8/2p1k1K1/1P2PN2/p4p2/P7/6B1/6r1 w - - 0 46,a8e8,1,0
sp002717,3BQR2/2K5/2P4k/7p/p4p1P/P7/2B1n3/r7 w - - 15 62,e8g6,1,0
sp002778,Q5B1/8/8/5k2/5P1K/2p5/6q1/8 b - - 2 43,g2g4 g2h2,1,0
sp000921,N7/5k2/5n1p/3P1K2/1p1b1P1P/8/2R5/3q4 b - - 14 42,d1h5 d1g4 d1d3 d1c2,1,0
sp001462,K1B5/2k2n2/8/8/1q6/2p2p2/5b2/8 b - - 7 54,b4b8,1,0
sp003147,4k1K1/8/8/5n2/1B6/7p/3r4/q7 b - - 5 58,a1g7,1,0
sp002209,r6Q/1p4p1/1n2kb2/2p1p1p1/p3K1P1/P1P2N2/1P1N1q2/R7 b - - 1 29,f2e2,1,0
sp000918,3k4/1p6/pN3PB1/P1K5/2p3Q1/8/8/r6r w - - 9 47,g4c8 g4d7,1,0
sp001174,4KQ2/5Qbk/7p/7P/5b2/8/8/3q1r2 w - - 5 62,f8g8 f8g7 f7g8 f7g7 f7g6 f7f5,1,0
sp002987,QR6/2k5/1NB2pr1/5Q2/4Kb2/2P5/8/5n2 w - - 1 43,f5d7 f5f4,1,0
sp000861,1q5R/8/4P2p/5p2/2p2P2/2n5/2K3k1/qr6 b - - 1 42,b8b2 a1b2,1,0
sp002766,6R1/7K/4p3/4p3/4P2P/8/1k3q2/q5q1 b - - 57 97,f2h4,1,0
sp002473,8/4K1R1/8/7p/7P/2Q5/8/3r3k w - - 1 104,c3h3,1,0
sp002156,7R/4k3/5b2/4p3/p2pP3/P2K1p2/5q2/6b1 b - - 5 57,f2e2,1,0
sp000496,B7/8/p7/P2n1p2/7p/1bp4P/1p4k1/1Kbn4 b - - 7 61,c3c2,1,0
sp001827,r2B3Q/p4p1p/2pk4/2n2P2/8/P4K1P/2QN2P1/R6R w - - 1 21,h8d4,1,0
sp001171,3Q1K2/5P1k/7p/7P/5b2/8/8/3q1rb1 b - - 5 56,d1d8,1,0
sp000511,8/K7/2kb4/4p3/1p2P1p1/6p1/3r2P1/8 b - - 1 43,d2a2,1,0
sp001506,q7/4k3/3p1npp/4p3/4P1P1/1PP4P/1KQN4/3r3R b - - 0 27,a8a1,1,0
sp001497,q3k2r/5pp1/p7/4P3/3p4/P3n2P/3NB1P1/R1R3K1 b k - 2 22,a8g2,1,0
sp002109,r2Bk2r/ppQ2pp1/1n5p/8/8/P1Pp3P/1P1Nb1P1/2K1R2R w kq - 1 20,c7e7,1,0
sp001018,r1B1k2r/2p1qpp1/pn5p/1b2Q3/1B1P4/2P5/PP1N1PPP/R3K2R w KQkq - 0 16,e5e7,1,0
sp001434,r1B2Q1R/8/p1p5/5pk1/3N4/P1P2P2/1PK1n3/4q3 w - - 1 32,f8h6 f8f5,1,0
sp002159,1Q1Q4/3R4/3Pk1K1/2p2p2/2P5/6B1/8/r7 w - - 13 53,d8e8 d8e7 d7e7,1,0
sp000726,2k5/3R4/p1N2K2/P1P2B2/5P2/8/4pb2/6b1 w - - 0 43,d7h7 d7g7 d7f7 d7e7 d7a7,1,0
sp001293,rn2k2r/ppp1Bppp/8/8/4p1b1/2P4P/Pb1QpPP1/R3K2R w KQkq - 0 13,d2d8,1,0
sp000399,2k1K3/1pq3bP/p1p5/2P5/5p2/8/8/r4n2 b - - 0 52,c7d7 a1e1,1,0
sp002442,6K1/3R4/7k/2p4p/2P4P/8/4q3/1r6 b - - 10 64,e2e8,1,0
sp000325,R1B1k3/5p2/2p2P1p/5K2/5P2/2P1b2P/8/4r3 w - - 0 33,c8e6,1,0
sp002099,1Q6/4B1k1/2K5/2p2B2/5b2/3P2p1/8/3b4 w - - 12 46,b8f8,1,0
sp000742,q7/2K5/8/2P5/5kp1/2b5/3rb3/8 b - - 0 51,c3a5,1,0
sp002842,r3BQ2/1pp3p1/p1nb4/4k3/6P1/3PK3/P5P1/7r w - - 1 28,f8f5,1,0
sp002028,4k2r/1pp2p2/r1n2P2/6p1/3p2P1/P4P1q/1PPN4/R4RK1 b k - 0 17,h3g3 h3h2,1,0
sp000468,N5R1/8/p2P4/P7/2b2k2/7K/3r4/3r4 b - - 7 51,d1h1,1,0
sp001557,7R/2bn2P1/8/1bp2p2/1p3k2/1Pn1pp2/7r/4K1R1 b - - 3 41,f3f2,1,0
sp001647,1Q6/1R6/5PK1/2kP1P1p/p4P2/2P3P1/3N4/8 w - - 0 51,b7b5,1,0
sp001636,8/7K/2q5/7N/5b2/1b6/8/6k1 b - - 53 125,c6h6,1,0
sp001258,1Q6/3K4/5k1p/5p1P/5P2/8/8/2q5 w - - 3 63,b8f8,1,0
sp002403,1Q6/8/k1pp4/p4p2/1P3P1P/2P3P1/3p2K1/R1b4r w - - 0 37,a1a5,1,0
sp000844,K2N4/Q1p2B2/2Nk2P1/5B2/5b2/4p3/8/1r6 w - - 22 79,a7d4,1,0
sp001869,2k4r/1pq5/pnp4p/4rp2/1KPpP2b/PP3P1P/4BP2/3R3R b - - 1 27,a6a5,1,0
sp003041,8/7K/1n6/8/8/2p5/4kq2/6r1 b - - 61 147,f2h4 f2h2,1,0
sp000075,8/8/5P2/8/4QN2/2P5/2B2b2/1K4k1 w - - 17 77,e4g2,1,0
sp000951,5Q1K/3k4/5n2/3BP3/8/3p2B1/1b6/6r1 w - - 6 56,e5e6,1,0
sp000740,r3k2r/1p1nbpp1/p4P2/8/2N1Qp2/2P5/4K2P/q4B1R w kq - 1 21,e4e7,1,0
sp002823,r6r/8/4P3/4k3/1p1p2p1/3K1pPp/8/q7 b - - 1 44,a1c3,1,0
sp001154,Q7/8/2p5/5p2/4pq2/2p1p1k1/4K3/7r b - - 0 48,f4f3 f4f2,1,0
sp001601,8/3R4/4K3/b7/8/2p5/7R/5k2 w - - 17 68,d7d1,1,0
sp001892,6R1/6Q1/2Nk1b2/1P1P4/2K5/2P5/3q4/7r b - - 1 43,d2c3,1,0
sp001437,r1B2Q2/8/p1p5/5pk1/3N4/P1P2P2/1PK1n2R/5q2 w - - 3 33,f8h6 f8f5,1,0
sp001354,4k3/1r1n1pp1/1p6/6p1/3PPpP1/2n4r/5K1P/7q b - - 0 25,h3f3 h3h2,1,0
sp001607,3qk2r/1Bpn1pp1/5n1B/3P4/4p3/2P2b2/1b3PPP/r2QK2R b Kk - 1 15,a1d1,1,0
sp000319,q7/5K2/7q/8/5k2/4p3/8/8 b - - 1 74,a8f8,1,0
sp001048,7k/8/5p2/2pr1P2/1p2KP2/8/4p3/3q4 b - - 1 52,d1d3 e2e1q e2e1r,1,0
sp001537,5Q2/8/8/4k2K/1P1q4/4b2R/8/6q1 b - - 2 54,d4g4 g1g5 g1g4,1,0
sp002100,1Q6/4B3/7k/2pK1B2/5b2/3P2p1/8/3b4 w - - 14 47,b8h8,1,0
sp001731,8/8/6p1/6P1/2p2k1K/2p5/4q3/r7 b - - 17 78,e2h5 e2g4 e2h2 a1h1,1,0
sp002877,8/8/8/5p2/5b2/3K1n2/5q2/3k3r b - - 70 120,f2d4 f2c2,1,0
sp001622,5K2/8/5N2/8/5b2/1b2q3/8/6k1 b - - 25 111,f4h6,1,0
sp002634,5R2/2bQ4/5pkp/5p2/5p1P/2P1p3/1K6/8 w - - 4 48,d7f7,1,0
sp003087,8/8/5p2/5P2/Qp2K3/r5p1/3k4/q7 b - - 8 62,a1e5,1,0
sp001446,r4k2/1p6/p2p2p1/8/7B/PPP3p1/4q3/2KN3r b - - 1 27,h1d1,1,0
sp000390,2k5/1pq3R1/p1p4K/7P/2P2p2/2b5/8/r4n2 b - - 3 45,c7g7,1,0
sp000701,8/8/5PP1/4k3/8/1pp5/p1b5/b1K3RR b - - 7 58,a1b2,1,0
sp000652,1Q6/2p5/3k2P1/5P2/p7/1N5P/2Br2QK/4r1r1 b - - 1 53,d2g2 g1g2,1,0
sp001136,r7/7P/p1p5/5p2/P3pqk1/4p3/1PP5/3K4 b - - 1 38,f4f1,1,0
sp001080,3r3r/5pp1/ppk2q1p/2n1p3/2P3P1/PQ2Kp2/1P3PP1/R4B1R b - - 3 19,f6f4,1,0
sp001102,2Q5/5rp1/pp3n2/1k4N1/6b1/PNP5/1PQ3P1/R3Knr1 w Q - 1 26,a3a4,1,0
sp000529,8/6k1/p4n1p/2P2K2/1P3P2/2P5/7P/3q4 b - - 0 36,d1d5,1,0
sp000575,1k4K1/5QP1/8/2p5/2P5/8/8/4q2B w - - 13 62,f7b7,1,0
sp002208,r7/1p4p1/1n2kb2/p1p1p1p1/4K1P1/P1P2N2/1P1N1q2/R6Q b - - 1 28,f2e2,1,0
sp003061,r3k3/pB6/2p2Qnp/4p3/8/5P1P/PPPN4/2KR3b w - - 4 21,b7c6,1,0
sp001961,7Q/4R3/5rk1/5p1p/5Pp1/1b4K1/3r4/7q w - - 17 54,h8h7 h8g7 e7g7,1,0
sp000878,7Q/8/4kp2/2K2p2/5P1p/1p5P/8/8 w - - 0 51,h8e8,1,0
sp000028,Q7/5k2/2N2P2/3PPK2/8/1p4p1/2B5/1q2b3 w - - 0 41,e5e6,1,0
sp002958,1R1Q3R/P4k2/5b2/2p1pPp1/2P1K1P1/1N6/8/5b2 w - - 6 44,d8f8,1,0
sp002855,7r/4K3/8/7P/1p4q1/1qk5/8/5b2 b - - 7 49,g4e6 b3e6,1,0
sp000545,1kB5/5QR1/7K/2p1P3/2P5/R6P/6P1/5q2 w - - 1 35,f7c7 f7b7,1,0
sp000891,4K3/8/6P1/2p5/8/1q6/1r6/1k1q1rb1 b - - 0 75,b3e6 b3e3 b2e2,1,0
sp001546,1k5r/3Q4/1pK2p1p/p4P2/3N4/1N1n3P/2B5/8 w - - 0 37,d7b7,1,0
sp003020,1Q5R/8/6r1/8/4K3/1NP1p2p/1P3bk1/7R w - - 3 50,b8h2,1,0
sp002876,8/8/8/5p2/5b2/3K1n2/5q2/3k3r b - - 66 118,f2d4 f2c2,1,0
sp001113,7r/2P5/pB5p/P1P5/8/1b2pp2/6k1/b3K3 b - - 0 37,a1c3,1,0
sp002461,7r/1kq3b1/p6p/3K3P/4Bpn1/p1pP4/2r5/8 b - - 0 33,c7c6,1,0
sp003126,7r/K4p2/P4P2/1q3k2/5b2/7P/8/8 b - - 2 37,b5b8 f4e3,1,0
sp001033,4B1B1/5Q2/3k1KP1/3P4/8/8/8/6q1 w - - 1 48,f7e7,1,0
sp002511,r3k2r/1p1n2p1/p4n1p/2p3P1/5K2/P1P4P/1q6/3b3R b kq - 0 25,b2f2,1,0
sp000226,rq6/2p4R/pnp3B1/8/4pn2/P1P3kP/1P4p1/2R3K1 b - - 5 29,f4e2,1,0
sp002312,3R4/8/5k1p/7P/1pp1K3/8/3q4/5r2 b - - 7 46,f1f4,1,0
sp002389,QQ5R/8/8/5k1p/4pp2/2b4K/8/r2q4 b - - 0 48,d1h1,1,0
sp002799,3r3r/2b2B2/1np2K1k/P3p1N1/4P3/2P5/8/n4R2 w - - 1 33,f1h1,1,0
sp001350,2R5/2p5/2K2P2/8/8/5p2/6p1/3q2rk w - - 0 45,c8h8,1,0
sp003007,7Q/8/3p3p/1P3p2/4qP1P/5k1K/8/4r3 b - - 2 50,e1h1,1,0
sp000348,3Q4/8/P4p1k/5B1p/R3KP1P/2p2N2/5R2/8 w - - 2 41,d8h8 d8f8 d8f6,1,0
sp001085,rn2kb1r/1pp2ppp/p4B2/8/4P1b1/2p2N2/PP3PPP/RN1QKB1R w KQkq - 0 9,d1d8,1,0
sp002849,r6k/pp4p1/5n2/8/4BN2/P3KP2/RP1N2q1/3r4 b - - 2 27,g2d2,1,0
sp002408,5K2/P6q/2P5/8/8/8/3r4/6kr b - - 0 94,d2d8,1,0
sp001946,Q4r2/8/8/1p4k1/3p1pp1/2b5/7K/5q2 b - - 0 40,g4g3,1,0
sp003285,3Q4/3PbB2/2QpNk2/1K2pN2/4P3/1P3n2/8/4r3 w - - 7 56,d8e7,1,0
sp000869,3Q4/1P3kb1/p1Bp4/4pP2/4Kpn1/1P6/6P1/7r w - - 3 32,c6d5,1,0
sp001918,5R2/3k2p1/2r3Pp/p3K3/4PP1P/P1p5/8/3q4 b - - 0 41,c6c5,1,0
sp001125,4R3/6k1/1n3pP1/1P3Pb1/3p1P2/1P6/1K6/r6R w - - 3 39,h1h7,1,0
sp002059,r2k1n1Q/ppp1bp2/7p/1B4B1/4p3/P4b2/1PP2PPP/RN2K2R w KQ - 1 12,h8f8,1,0
sp000385,2k5/1pq5/p1p4K/r3b2P/P2P1p2/2P5/2R5/5n2 b - - 0 41,c7g7,1,0
sp001254,2B5/8/2P3k1/1p3p2/1P3P1K/1P6/3q4/5n2 b - - 3 41,d2h2,1,0
sp002000,B3k3/3nP3/2N2p2/5Np1/6P1/2P5/p1K2PP1/8 w - - 0 38,f5d6,1,0
sp000528,K7/8/4NP2/4q3/5b2/8/8/6k1 b - - 3 87,e5b8,1,0
sp001595,5rk1/6p1/5pP1/3P1P2/4PbPP/K7/1r6/3q3R b - - 0 34,d1b3,1,0
sp001358,4k3/1r1n2p1/1p1P4/5pp1/4PpP1/2n4r/5K1P/7q b - - 0 27,h3f3 h3h2,1,0
sp002108,r2Bk2r/ppQ2pp1/7p/8/n7/P1Pp4/1P1Nb1PP/2K1R2R w kq - 1 19,c7e7,1,0
sp001361,8/2p3p1/2p5/4PK1k/P4p2/2P3p1/2p5/4R3 w - - 1 38,e1h1,1,0
sp002853,7r/4K3/7q/7P/1p6/1qk5/8/5b2 b - - 3 47,h6e6 b3e6,1,0
sp001864,2rBk2r/1p1n1p1p/p1p2p2/8/1Q2PP2/P1P1b3/1P1N3P/2KR3b w k - 0 18,b4e7,1,0
sp002912,2B4Q/8/1n3p2/5p2/1r5P/1q1pkpK1/4q3/8 b - - 3 47,e2g2,1,0
sp001478,7r/1k6/p5p1/Pp1Pp1N1/1P4K1/5n2/2q2b2/7r b - - 1 40,f3h2 c2f5,1,0
sp001943,5r1b/8/p7/PP1p2k1/5pp1/8/7K/5q2 b - - 0 37,g4g3,1,0
sp000020,Q3R2r/6p1/1p4P1/2pP1p1p/b4k2/2p2N1P/5K2/7R w - - 2 32,a8b8,1,0
sp001904,3QBK2/7q/8/8/5b2/8/3r4/5k2 b - - 14 120,f4h6,1,0
sp000700,7Q/5p2/1k1K1P2/2p3P1/6P1/1q6/6P1/5r2 b - - 7 38,b3e6,1,0
sp002850,5Q1r/7q/5K1p/q6P/1p6/2k5/8/5b2 b - - 0 44,a5f5,1,0
sp003101,6Q1/3k1p2/8/2P3b1/Rp5r/2n2pK1/4b3/8 b - - 3 37,c3e4,1,0
sp002946,2r4B/3n1Q2/p4n2/3p4/2k1qP1P/PNPb4/1P1K4/2R5 b - - 3 33,e4e2,1,0
sp001165,Q2Q4/P3b2k/2pp1p1p/5P1K/5P1P/2P2P2/5R2/6r1 w - - 13 47,d8h8,1,0
sp002448,2kr3r/2p5/1nPp3p/5Pp1/1PP3B1/K6P/8/b2q4 b - - 0 30,d1a4,1,0
sp001615,r4r2/1pqn2p1/p7/5kN1/4p3/P2p2P1/RPP2b1P/3K3R b - - 1 26,c7c2,1,0
sp000003,4kb1r/5pp1/2qp1Q1p/4p3/4P3/P1P5/1r1N1PPP/2KR3R b k - 0 16,c6c3,1,0
sp000349,3Q4/8/P4p1k/R4B1p/4KP1P/5N2/2p2R2/8 w - - 0 42,d8h8 d8f8 d8f6,1,0
sp002321,8/8/4P3/1P4k1/8/1nqB1K1P/3r4/8 b - - 0 50,c3d3,1,0
sp002754,2r4r/2k2pR1/2p1PP2/p7/8/6pP/1p4P1/7K b - - 0 37,b2b1q b2b1r,1,0
sp002856,4r2k/1p6/1n5K/1P3q2/3pp3/2pp4/5b2/r7 b - - 0 46,e8e6 f2e3 a1h1,1,0
sp001604,8/8/k1K2p2/4pPP1/1p2B3/1N1P4/8/7R w - - 1 33,h1a1,1,0
sp001014,3kB3/8/p7/2pP1Qp1/1p3PP1/P7/1P6/2K5 w - - 0 32,f5d7,1,0
sp000662,8/8/6k1/2p2p1p/2P2P1P/6K1/1r6/1q6 b - - 3 36,b1d3,1,0
sp000601,Br6/2qn4/p2k1p2/5P2/P2p1p2/2bP4/2K5/1r6 b - - 1 32,b8b2,1,0
sp001282,8/8/2p2P1k/5K2/8/p5R1/P7/6r1 w - - 1 48,g3h3,1,0
sp003260,4B3/6p1/1P4P1/5K1p/3k4/8/6q1/7n b - - 0 47,g2g4,1,0
sp000744,3q4/6p1/rnp2n2/8/1P1kpK2/P4pP1/1P5P/2R4R w - - 4 25,h1d1,1,0
sp000706,2k5/3R4/p1N5/P1P2B2/6p1/4ppp1/6P1/7K w - - 0 36,d7h7 d7g7 d7f7 d7e7 d7a7,1,0
sp001951,3Q4/8/7p/4k3/6K1/2P1b1p1/3R4/8 w - - 4 43,d8e7,1,0
sp002538,4k2r/1pp1P1b1/pn4q1/8/5P2/P1P5/1K3P1P/7r b k - 0 23,g6b1,1,0
sp001157,7Q/8/8/2p2p2/4p3/2p1p1k1/5q2/3K4 b - - 1 52,f2d2,1,0
sp002394,1q1B1KR1/6P1/6k1/5p1p/7P/8/3r4/3b4 b - - 9 45,b8d8,1,0
sp002711,4kb1r/1p1n1ppp/r2p1B2/4p3/3PP3/PN3b2/1P3PPP/2RQK2R w Kk - 0 14,c1c8,1,0
sp002424,8/4Q1p1/1p6/p2k1P2/P2P2p1/1PK2PP1/3N3n/8 w - - 0 35,e7d7 e7e6,1,0
sp000019,8/1p5k/1pp2b1p/5K2/2P3PP/8/8/4r2r b - - 0 31,h1f1,1,0
sp001680,6nr/3n2b1/p4p1p/2pPk1p1/4P3/P2BB3/1P1N2PP/R3K2R w KQ - 0 21,d2c4,1,0
sp001531,8/5P2/1p6/6q1/5k2/p1P1b2K/8/7R b - - 0 42,g5g3,1,0
sp002789,r6r/2kn1p2/p1p2PP1/1P6/1P1K4/P6P/3bb3/R6R b - - 0 24,h8h4,1,0
sp000678,8/1p6/5PP1/8/2p5/Pp1k4/2b4R/b1K3R1 b - - 3 46,b3b2,1,0
sp002183,6R1/8/3bk3/4p3/p2pP3/P2K1p2/5q2/6b1 b - - 31 70,f2e2,1,0
sp001843,7R/6pp/p1Np1b2/1k1P1p2/1P6/1P5P/6pK/R7 w - - 2 30,h8b8,1,0
sp002372,8/8/2B5/7p/5b1P/7K/3k1q2/1r6 b - - 38 100,f2g3 f2h2,1,0
sp002072,7R/R7/1B3k2/2p5/1pP2PK1/8/8/8 w - - 3 44,h8h6,1,0
sp000333,1RB1k3/5p2/2p2P2/2P3Kp/5P1P/8/3br3/8 w - - 5 42,c8e6 c8f5 c8g4 c8h3,1,0
sp000724,3Q3r/5B2/2N2p2/1P3p2/5P2/2k1K3/2q5/8 w - - 20 56,d8f6 d8d4,1,0
sp001794,7R/3n4/4kp2/2pq1p2/2P2P1P/2K5/4b3/1r6 b - - 27 47,d5d3,1,0
sp001396,2K3R1/8/8/5p2/4kb2/5p2/3q1P2/3r4 b - - 11 56,d2d7,1,0
sp001092,r4rk1/2qnbpB1/p1pp1n2/4p3/4P3/P1PB3Q/1P3PPP/RN2K2R w KQ - 1 14,h3h8,1,0
sp001475,2k4r/1p6/p2p2p1/3Pp1N1/P3Pnn1/5KP1/1Pq2b2/7r b - - 0 33,g4h2 c2e2 c2d1,1,0
sp002866,4K3/7r/8/5p2/5q2/2n5/4k3/b7 b - - 10 90,f4b8,1,0
sp001201,3QR3/8/2p5/8/5p2/1K6/6k1/q3q3 b - - 1 54,e1c3,1,0
sp000497,8/8/p1B5/P2n1p2/7p/1bp4P/1p6/1Kbn3k b - - 9 62,c3c2,1,0
sp001894,7R/6b1/2Nk4/1P1P4/2K5/2P5/3q4/6r1 b - - 1 45,d2c3,1,0
sp002392,5Q2/8/1n5r/4Kp2/8/1qP2pk1/8/q7 b - - 2 43,b3d5,1,0
sp001984,1Q4R1/4k3/5p2/3Q1K1p/7P/2pn2b1/8/8 w - - 2 49,g8e8 g8g7 b8f8 b8e8 b8d8 d5e6,1,0
sp001649,B7/8/p7/P6p/5p1P/1b5K/5k2/3nb1b1 b - - 1 56,b3e6,1,0
sp000675,4K3/8/8/2b2P2/6q1/p5p1/3rk3/8 b - - 0 61,g4g8 g4h5,1,0
sp002011,1Q6/2p2B2/2pk4/8/1p1P1P1K/8/8/r7 w - - 1 42,b8d8,1,0
sp001160,QQ6/P3b2k/2pp1p1p/5P1K/5P1P/2P2P2/5R2/3r4 w - - 5 43,b8h8 b8g8,1,0
sp003076,8/8/8/5p2/Q4P2/4p1KP/3q4/5k2 b - - 17 62,d2f2,1,0
sp000428,B7/P7/2P4p/7P/4Q3/6K1/8/6k1 w - - 5 53,e4g2 e4e1 e4b1,1,0
sp000514,1Q6/8/2NPK3/5Q2/3Q4/8/8/7k w - - 17 72,f5h3,1,0
sp003294,8/6p1/6P1/5BK1/8/4k3/3n1q2/7q b - - 1 68,f2h4 f2f4 h1h4,1,0
sp002663,q4r2/3n1ppk/5n2/4b3/2P1Pp1P/1K6/8/7q b - - 0 25,h1b1,1,0
sp002167,R7/6b1/4k3/4p3/p2pP3/P2K1p2/5q2/6b1 b - - 15 62,f2e2,1,0
sp000791,7N/p1p2Qp1/P1Nk2P1/4pB2/2P5/2K3P1/5b2/6r1 w - - 1 42,f7d5,1,0
sp000697,4KQ2/8/8/8/1q4q1/2b3p1/3rk3/8 b - - 2 74,g4d7,1,0
sp002574,7R/8/2B5/5p2/2P5/4k1KP/1r6/2q5 b - - 2 46,c1e1,1,0
sp001084,2KB1RR1/3P4/5N2/4k3/5b2/8/8/7Q w - - 45 114,h1d5,1,0
sp001562,1K4R1/p1p5/P1pN1NQ1/4kP2/6n1/2P3P1/8/5qr1 w - - 1 46,d6f7,1,0
sp002086,2B5/4K3/2Np2Q1/3P4/3P4/8/7Q/3k4 w - - 51 76,g6g1 g6b1,1,0
sp001561,8/2r5/7k/6p1/5bP1/2p1r3/3qn3/1K6 b - - 7 53,d2b2,1,0
sp002145,6R1/4b3/4k3/4p3/p2pP3/P2K1pp1/5q2/8 b - - 11 52,f2e2,1,0
sp000594,3B4/8/2P4p/2N2p2/5P1P/2p1k1p1/8/rR2K3 b - - 4 47,a1b1,1,0
sp001903,2K5/3R4/p7/2b5/6p1/8/7Q/k7 w - - 3 58,d7d1,1,0
sp003026,r2q2k1/1p4Bp/p4p2/8/2P2P2/2p1n3/1P4PP/4K2R b K - 1 23,d8d2,1,0
sp001440,6Q1/2p3b1/n5K1/2PPk2p/4pp2/P1P5/1B4P1/5R2 w - - 1 31,g8e6 c3c4,1,0
sp001192,8/6b1/2BQ4/5kp1/6p1/2PK1pP1/5P2/8 w - - 4 43,c6d7 c6e4,1,0
sp003224,4Q3/3Q4/1N3pPk/1K3P2/5P1p/8/8/3q2r1 w - - 12 56,e8h8 d7h7,1,0
sp002494,2R4Q/3kb1p1/3p3p/p3p3/4B3/PP6/3N2P1/4K2n w - - 0 27,e4f5,1,0
sp002657,r4r2/7k/pp1p1bpp/2p5/4KP1P/PnPP1P2/RP6/3b3q b - - 1 26,h1f3,1,0
sp000071,rn1qkb1r/pp3ppp/B1p2P2/6B1/4P3/P4b2/1PP2PPP/RN2K2R b KQkq - 1 10,d8d1,1,0
sp002040,R1B3k1/4R3/2p4p/5P2/p4b1P/P1P3p1/1P4P1/1K1b4 w - - 5 34,c8e6,1,0
sp001516,8/N3P3/2B2B1p/5K1k/8/3p4/2n5/8 w - - 11 66,c6e8 c6f3 e7e8q e7e8b,1,0
sp001119,Br6/2b5/8/8/6r1/3K2k1/5q2/8 b - - 9 88,b8b3,1,0
sp002540,4R3/5p2/5Ppk/1P6/4KPP1/7B/3b4/8 w - - 1 42,e8h8,1,0
sp000210,8/1pb3p1/1Np2pP1/8/5kP1/2P5/r1B2K2/1q4r1 b - - 2 35,a2c2 b1f1 b1e1,1,0
sp002032,2Q5/5R1p/1pp3kr/3Pb3/P7/1NP4P/1P6/2K4R w - - 0 32,c8f5,1,0
sp002671,r7/3K3k/p5pp/8/Pp3b1P/1nP2q2/R7/3br3 b - - 0 36,f3b7 f3d5 b3c5,1,0
sp001654,5Q2/8/8/5pk1/1p6/p1p3K1/P3q3/b2b3r b - - 0 39,e2f3 e2h2,1,0
sp000492,8/3n4/p1B5/P4p2/7p/1bp3kP/1p6/1Kbn4 b - - 1 58,c3c2,1,0
sp002386,8/8/2B5/7p/5k1P/6bK/1r6/8 b - - 18 116,b2h2,1,0
sp001868,2k4r/1pq5/pnp2p1p/4r3/1KPpP2b/PP1B1P1P/5P2/3R3R b - - 3 26,a6a5,1,0
sp002148,R7/8/4kb2/4p3/p2pP3/P2K1pp1/5q2/8 b - - 13 53,f2e2,1,0
sp001075,1K4R1/3R4/8/8/1Qp5/2P5/k7/8 w - - 11 73,d7a7,1,0
sp000144,8/2q5/1k1p1N1R/pp4P1/3pBPP1/2P5/P2K4/4r3 b - - 0 29,c7c3,1,0
sp001921,2Q5/7K/1NP5/5p2/8/8/6r1/q4k2 b - - 4 74,a1g7,1,0
sp001181,2Q5/3Pkpb1/3p1n2/4p3/PP2P3/2PK4/8/6br w - - 1 34,d7d8q,1,0
sp001273,7K/8/2p5/2P2p2/5p2/5P2/4r2p/5kr1 b - - 3 103,h2h1q h2h1r,1,0
sp002974,2k5/6R1/6P1/1p6/p4p2/Kn6/2q5/6q1 b - - 0 47,g1c5,1,0
sp001609,7R/8/k1K2pP1/4pP2/1p2B3/1N1P4/8/8 w - - 3 35,h8a8,1,0
sp002017,Q5K1/2p1k3/2P5/5P2/1p6/q4pp1/8/8 w - - 1 53,a8f8,1,0
sp001106,5KR1/8/8/5P2/7p/7P/2p4Q/5k2 w - - 0 74,g8g1,1,0
sp002901,2R4r/1p1nk1pp/p4pP1/1B6/1P1Q4/P4N2/1P4P1/4K2R w K - 0 21,d4d7,1,0
sp001658,8/6K1/3q4/8/5b2/1b6/8/6k1 b - - 1 142,d6h6,1,0
sp002140,7R/4b3/4k3/4p3/p2pP3/P2K1pp1/5q2/8 b - - 3 48,f2e2,1,0
sp001458,r6r/1P6/1B1p4/8/2P2kp1/1P4p1/4q3/2KN4 b - - 0 37,a8a1,1,0
sp000968,R7/2q2Bp1/ppkb4/2p5/2K2p2/P1QP4/8/3R4 b - - 3 29,c7f7,1,0
sp001877,8/8/2P4K/8/n1B5/8/3k3p/6r1 b - - 6 58,h2h1q h2h1r,1,0
sp000618,r4n1R/1pk5/p7/2p2p2/5Pp1/2n1ppP1/4p3/4K3 b - - 3 30,f3f2,1,0
sp001200,7Q/5p2/5P2/4PKP1/8/3p4/1P3bk1/3q3n b - - 3 50,d1f3,1,0
sp001468,8/8/1n1b4/4p3/3pPk2/3K1P2/8/q7 b - - 13 58,a1d1,1,0
sp003191,4B3/2b5/8/8/3kqq2/2p2p2/8/3K4 b - - 17 61,f4d2 e4e2 e4b1 c3c2,1,0
sp002034,5Q2/3BK3/1n4k1/7p/1p5P/1b6/r7/6b1 w - - 1 60,d7f5,1,0
sp000149,1Q2R3/8/P4p2/5Pr1/4K3/2p3p1/2B5/k7 w - - 1 44,b8b1,1,0
sp000112,RQ6/3RK3/2P5/5B2/5P2/p4Pp1/8/2k1b3 w - - 2 43,b8b1,1,0
sp002555,7r/5Qp1/k1K1P1P1/p7/P4P2/8/8/r7 w - - 4 52,f7b7,1,0
sp002775,6B1/8/2Q5/P4k2/5P2/2p3K1/8/3q4 w - - 4 40,g8h7 c6e6,1,0
sp002455,3RR3/4R3/1p2P3/1P5p/7P/4k2K/3q4/6r1 b - - 12 59,d2g2,1,0
sp000165,Q3R3/8/2K2p2/5P2/4Q3/r1p5/2B2b2/k7 w - - 10 53,a8a3,1,0
sp000615,r2Bkn2/1p6/p7/2p2pp1/5P2/2n1ppP1/4p3/4K2R b q - 1 27,f3f2,1,0
sp001874,8/5p2/3R1P2/4p3/4P3/1N3K2/5P2/5k2 w - - 1 50,d6d1,1,0
sp000425,8/8/p1r4p/P6P/4p3/2p3k1/K7/1r1q4 b - - 13 53,d1b3 b1a1,1,0
sp001750,r6r/1p4b1/pn4P1/1P6/8/2P2qkP/RP4P1/2R3K1 b - - 0 27,f3g2,1,0
sp002605,3N4/8/5P1p/1P4p1/5pP1/2n2K1P/3k4/q7 b - - 2 47,a1f1,1,0
sp002368,7Q/8/2P1k1K1/5N2/p4p2/P7/6B1/6r1 w - - 2 48,h8e8 h8f6,1,0
sp000692,8/8/5PP1/8/2p5/1p1k4/p1b4R/b1K3R1 b - - 1 54,b3b2,1,0
sp002133,r2B3Q/1p6/pn5P/P4p2/4k3/1PP2p2/1K2b3/4r2R w - - 1 32,h8d4,1,0
sp001011,1R6/k3N1b1/1n3p2/1P3p2/5P2/2K5/8/3b2b1 w - - 1 43,e7c6,1,0
sp000723,3Q4/5B2/2N2p2/1P3p2/5P2/2k1K3/2q5/7r b - - 19 55,h1h3,1,0
sp000973,R3R3/3k4/PK6/P1P2P2/8/5B2/3r4/6b1 w - - 5 44,a8d8 f3c6,1,0
sp001352,4k3/1r1n1pp1/1p6/3n2p1/4PpP1/3P3r/5K1P/7q b - - 1 24,h3h2,1,0
sp000327,R1B1k3/5p2/2p2P2/5K1p/5P1P/2P1b3/8/4r3 w - - 0 34,c8e6,1,0
sp002364,B7/8/8/7p/5b1P/7K/5q2/1r3k2 b - - 28 95,f2g3 f2h2,1,0
sp000567,8/8/4b3/Q4p2/8/3K4/5pr1/5k2 w - - 0 56,a5a1,1,0
sp002051,r2kr3/ppqn1Pp1/2p2PB1/6p1/8/b1P5/P1P2PPP/R3K2R w KQ - 0 17,f7e8q f7e8r,1,0
sp000013,B6Q/4B3/2p2p1p/p4k2/3p1P2/5P1P/2qN3K/5R2 w - - 0 27,h8f6,1,0
sp002195,4K3/7r/8/5p2/8/2q5/4k1r1/8 b - - 40 78,c3h8 c3c8 g2g8,1,0
sp001599,2R5/8/p7/P6b/8/6k1/3p1p2/5K2 b - - 3 76,d2d1q d2d1r,1,0
sp001675,7K/8/8/8/5b2/1b6/8/1q4k1 b - - 41 162,f4e5,1,0
sp000503,6K1/3R4/4P3/5B1p/1B5P/8/8/2k5 w - - 23 90,b4a3,1,0
sp000172,2r5/1pp2p2/5Pk1/6P1/p4pK1/R1PP1N2/2Q5/4r2R w - - 3 32,h1h6,1,0
sp001896,7R/2k3b1/2N5/1P1P4/2K5/2P5/3q4/r7 b - - 5 47,d2c3,1,0
sp001081,5K2/5Q2/8/p2q4/P7/2Q1p3/5q2/3k4 b - - 27 76,d5f7 f2f7,1,0
sp001677,8/7K/7P/8/1p6/1bn2p2/3q1k2/6br b - - 5 65,d2h6,1,0
sp002776,r4rk1/2p3p1/2Pp3p/2n2P2/8/P4p1P/7K/Q5R1 w - - 2 23,a1g7,1,0
sp001568,8/8/7k/5Pp1/5b2/2p1r3/3qn3/1K6 b - - 0 56,d2b2,1,0
sp002519,rn2kb1r/pp3ppp/2p2B2/8/3QP3/5b2/PPP2PPP/RN2KB1R w KQkq - 0 9,d4d8,1,0
sp001347,4Q3/3P1pQ1/2P2P2/5K2/8/8/7Q/5k2 w - - 7 83,e8e2 g7g2 g7g1 h2f4 h2g2 h2e2 h2g1,1,0
sp002559,1K6/3P4/2N2k1P/8/8/3Q4/5b2/1Q6 w - - 19 58,d3g6 d3f5,1,0
sp001278,4R3/8/2p2P1k/5K2/7r/p5p1/P7/8 w - - 0 45,e8h8,1,0
sp003289,2QQ4/3PbB2/2KpNk2/4pN2/1P2P3/5n2/8/6r1 w - - 1 59,d8e7,1,0
sp002580,7Q/3Nk1p1/ppBb4/1P1P4/4K1p1/2P2pP1/5P2/5r2 w - - 0 38,h8f8,1,0
sp002365,8/6K1/2N1P3/5Q2/8/8/7R/3k4 w - - 29 72,f5f1 f5b1,1,0
sp001839,8/8/8/8/5b2/2b3kp/4p3/6K1 b - - 12 78,e2e1q e2e1r,1,0
sp000887,6Q1/8/2B2b1k/4pP2/4K1n1/1p6/8/7r w - - 2 41,g8g6,1,0
sp000557,k1B5/5QR1/4P1K1/2p3P1/2P5/8/8/6q1 w - - 1 45,f7b7 f7a7,1,0
sp001732,8/4bp2/2k2nP1/4p1K1/8/PPP5/2Q5/7r b - - 1 35,h1h5,1,0
sp001413,5K1k/P7/5PP1/7p/1P3p2/1bP5/8/b6R w - - 0 39,h1h5,1,0
sp002708,1Q6/8/2r3p1/6Pk/5b2/1KP1p3/3p4/6R1 w - - 1 42,b8h8,1,0
sp002765,6RK/8/4p3/q3p3/4P2P/8/1k3q2/6q1 b - - 55 96,f2h4,1,0
sp001339,Q7/4K3/1p6/1kp2p2/5P1p/P1P4P/3N2r1/7R w - - 0 36,h1b1 c3c4 a3a4,1,0
sp000925,3B2Q1/4N1R1/5k2/2p2p1p/2n2P1P/5K1R/8/4q1r1 w - - 14 49,g8f7 e7d5,1,0
sp003049,2B2R2/8/5pp1/3np1P1/3p4/rPp3k1/5q2/2K5 b - - 0 32,a3a1,1,0
sp000185,4k3/2p1Ppp1/2KP4/3n1Q2/2R2P2/P1P5/1P6/5rq1 w - - 3 30,f5c8 f5d7,1,0
sp000990,6R1/8/8/6p1/5bP1/2n2K2/2nk4/r2n4 b - - 3 49,c2e1,1,0
sp002583,2r5/7K/8/PP1n1k2/4p2P/2b2p2/5P2/1R6 b - - 0 40,c8h8,1,0
sp000252,r4r2/1pp1bp2/p1q2n2/4p3/4P3/PNPP1K1k/1PQ5/5RR1 w - - 0 24,g1h1,1,0
sp002012,6k1/1p4p1/2p3P1/p4P2/8/N4B1P/1PP5/2KR4 w - - 0 26,d1d8,1,0
sp000091,7R/8/p1qp2p1/1pp1p3/2k1B1n1/P1P5/1PQK1PP1/8 w - - 1 30,b2b3,1,0
sp002174,1Q6/8/2kP1BK1/2p2p2/2P5/8/8/8 w - - 5 61,b8c7,1,0
sp002798,4K3/8/1p2Q3/1P6/8/8/8/6rk w - - 21 104,e6h3,1,0
sp000239,8/8/7p/2p3p1/R1P2kP1/5p1K/8/1q6 b - - 1 34,b1h1,1,0
sp001460,8/8/1B1p4/8/1PP2kp1/6p1/4q3/2KN3r b - - 0 40,h1d1,1,0
sp000070,5r2/7k/2p4P/5p1K/1q6/2p5/8/r7 b - - 2 34,b4g4,1,0
sp001249,8/8/1np1k1pQ/6P1/3pK3/2q2Bp1/8/8 b - - 2 53,c3e3,1,0
sp000665,3Q4/8/P5P1/2p2K1k/8/1bP3b1/8/1R6 w - - 1 40,d8h8 d8g5,1,0
sp001410,Q7/3P4/2B2pPk/5P2/5PK1/6P1/8/r7 w - - 1 45,a8h8 a8f8,1,0
sp003085,3R2K1/3Q1B2/5q2/8/5P2/2k5/8/8 w - - 8 68,d7d2,1,0
sp000926,3B4/4N1R1/5k2/2p2p1p/2Q2P1q/5K1R/8/6r1 w - - 0 50,g7f7 c4f7,1,0
sp002515,6k1/8/1PBp1QK1/5P2/7P/1pP1pp2/1P1n4/R7 w - - 0 37,f6d8 f6g7 c6d5 a1a8,1,0
sp001406,1Q6/4K3/2p3k1/4R1Pp/5P2/2P2P2/p7/2b3r1 w - - 0 42,b8g8,1,0
sp002245,4Q3/8/7k/5K1p/2p4P/2P5/R3rb2/8 w - - 2 77,e8h8 e8g6,1,0
sp001291,K1B2RR1/3R4/1Q6/8/8/8/4k3/5q2 w - - 4 79,b6e6,1,0
sp002651,r4rk1/1p2b1p1/p1np3p/2p5/5P2/PNPPKP1P/RP6/3b3q b - - 3 20,h1e1,1,0
sp000855,BQR3R1/4K3/1P6/8/3k2p1/4p1p1/6P1/2b5 w - - 0 63,g8d8 b8d6,1,0
sp000243,1K2R2R/3P2k1/8/5Q2/3b1p2/1NP2P2/8/8 w - - 17 52,h8h7 e8g8,1,0
sp002369,8/8/8/3B3p/5b1P/7K/5q2/1r1k4 b - - 32 97,f2g3 f2h2,1,0
sp001195,R7/8/5N2/p4K2/P5pk/2P2pp1/1P6/8 w - - 2 41,a8h8,1,0
sp001297,q4rk1/3R3R/8/6p1/4ppP1/Ppn2p2/1KP5/8 w - - 0 28,d7g7,1,0
sp003234,4Q3/3Q2P1/KNq2p1k/5P2/5P1p/8/8/2r5 w - - 13 66,e8h8 e8g6 g7g8n,1,0
sp002973,QR5R/3Q4/5k2/2pP1Pp1/4K1P1/1N6/8/b7 w - - 3 51,h8f8 h8h6 b8f8 b8b6 a8c6 a8a6 a8a1,1,0
sp002216,3Q4/5k2/R1Q5/4Kp1p/2p4P/2P1p3/5b2/8 w - - 9 57,c6d7 c6c7 c6b7 c6g6 c6f6 a6a7,1,0
sp002996,2B4b/8/2N5/7p/P3kp2/1p4pP/4n1K1/2r5 b - - 0 44,c1g1 f4f3,1,0
sp000323,R1B1k3/5p2/2p2P1p/5K2/3p1P2/2b4P/2P5/5R2 w - - 1 28,c8e6,1,0
sp001286,5Q2/6Q1/2p4P/1k3K2/1P6/1P3p1P/5P2/r7 w - - 11 40,g7b7,1,0
sp001970,3R4/8/5k2/5p1p/3q1Pp1/1b4K1/3r4/8 b - - 7 58,d4f2,1,0
sp002027,1Q4R1/4k3/4P1K1/1p1b4/5P1p/2P3p1/8/8 w - - 0 49,g8e8,1,0
sp002315,7R/8/5k1p/7P/1p2K3/2p5/3q4/5r2 b - - 1 47,f1f4,1,0
sp003246,Q3B3/2k5/2P1Kb2/3P4/4p3/5p2/5P2/1R4b1 w - - 7 48,a8b8 b1b7 d5d6,1,0
sp000052,7K/8/2P5/1P6/3N2QP/8/3r4/4k3 w - - 27 65,g4g1,1,0
sp001265,3Q4/p7/2p2pkp/R7/5P2/5K1P/1P1p4/5R2 w - - 2 39,d8g8,1,0
sp002295,8/4P3/7p/pp2k2P/2p5/2P1K3/8/3q1r2 b - - 0 40,f1f3 d1d3 d1e1,1,0
sp002004,B3k3/3nP3/2N2p2/5N2/5pP1/2P5/2K3P1/q7 w - - 0 40,f5d6,1,0
sp002822,r6r/8/4P3/4k2p/1p1p2p1/3K1pP1/8/q7 b - - 5 42,a1c3,1,0
sp002157,1Q1Q4/3R4/3Pk3/2p2pK1/2P5/6B1/8/6r1 w - - 11 52,d8e8 d8e7 d7e7,1,0
sp000107,r3k2r/1pp2p2/p4P1p/1b1P2p1/5bP1/P1P2N1P/2Q2K2/q7 b kq - 0 23,a1f1,1,0
sp000443,6r1/1pqnbp2/p1pp4/4p2n/4P1kP/P1PP1NP1/1PQ1BP1K/2R2R2 w - - 1 20,f3g5 f3e5 f3d4 f3d2 f3g1 f3e1,1,0
sp003174,7r/4k3/p2p1NKp/8/Pp6/1nqP2pP/2P5/b2q4 b - - 1 35,c3f6,1,0
sp003029,7K/8/8/3n4/8/2p5/4kq2/6r1 b - - 41 137,f2h4 f2h2,1,0
sp001448,r7/1p4k1/3p2p1/B7/8/PPP3p1/4q3/2KN3r b - - 0 29,h1d1,1,0
sp002211,7r/1p4p1/1n2kb2/2p1p1p1/p3K1P1/PNP2N2/1P3q2/R7 b - - 1 30,f2e2,1,0
sp000958,r2q3r/2p2Bp1/p1k2n2/4p1p1/2P5/5K2/PP1b1PPP/R6R b - - 1 17,d8d3,1,0
sp002897,r1B4r/p1k5/1np2p2/5p2/R4p2/2P4P/7K/5q2 b - - 1 25,h8h3,1,0
sp000964,r6r/2p2Bp1/p4n2/1k1Pp3/6p1/6KP/PP1b1PP1/R6R b - - 0 20,d2f4,1,0
sp002252,8/K6k/2q4p/5p1P/8/P5b1/4n3/3q4 b - - 1 55,d1d7 d1d4 d1a4 d1g1,1,0
sp002608,3K4/5r2/8/2p5/2P2k2/8/3nb3/1r6 b - - 1 90,b1b8,1,0
sp000846,KQ1N4/2p2B2/2Nk2P1/5B2/5b2/4p3/8/7r w - - 26 81,b8b4,1,0
sp000556,rn1q1b1r/ppp2Bp1/3k1n1p/4N1B1/3Pp1Q1/8/PPP2PPP/RN2K2R w KQ - 0 9,g4e6,1,0
sp000314,7R/1p6/1P6/K7/3q4/2p5/6p1/3b2k1 b - - 3 72,d4c5 d4a4,1,0
sp002091,7r/4bpp1/5n1p/1kq1P3/3p4/PK5P/1P4P1/3r4 b - - 0 32,c5c4,1,0
sp000725,7R/8/5N2/2p2p2/2Kp4/2nP4/5k2/1q4r1 b - - 1 76,b1b5 b1b4,1,0
sp000636,1Q6/2pkr3/8/1p3pP1/5QP1/RN1r3P/7K/4r2B w - - 5 43,b3c5,1,0
sp001621,K5R1/8/3N4/4qB2/5k2/5p2/5P2/8 w - - 10 69,g8g4,1,0
sp002886,5b1r/k5p1/p1Qp3q/N4p2/p5p1/2P4P/4b1P1/R3K2R w KQ - 2 28,c6b7,1,0
sp000104,r3k2r/1pp2p2/p4P1p/4b1p1/6P1/P1PP3P/2QNb1q1/R3K2R b KQkq - 2 19,e5g3,1,0
sp001504,q7/4k3/3p1npp/4p3/4P3/1PP4P/1KQN2P1/r2R3R b - - 4 26,a8a3 a8a2,1,0
sp001344,8/3P1pQ1/2P2P1P/5K2/8/3Q4/5k2/8 w - - 39 76,g7g3,1,0
sp003286,4B3/8/1n3p1R/5Pk1/p1r2pp1/PNp5/K7/7R w - - 0 36,h6h5 h1h5,1,0
sp000064,B4K2/3R3r/8/8/5P2/2q5/8/2k5 b - - 12 70,c3h8,1,0
sp000563,k1B5/q4QR1/6K1/2p3P1/2P5/8/8/8 w - - 0 50,f7a7,1,0
sp000702,7R/8/5PP1/8/3k4/1pp5/p1b5/b1K3R1 b - - 9 59,a1b2,1,0
sp001175,3rkb1r/p4ppp/5n2/1p2p3/8/PNP2b2/1P3PPP/4K2R b Kk - 0 15,d8d1,1,0
sp001968,8/6r1/1p4P1/5P2/p2NB2K/2P5/1P1p3k/5R2 w - - 2 44,f1h1,1,0
sp001529,2B5/8/K1P2n2/7R/4pkp1/2P2pp1/5P2/8 w - - 1 33,h5f5,1,0
sp002725,3Q4/1B4Pk/7p/5P2/1p3P2/1N1P3P/1K6/3R3R w - - 4 33,d8h8 g7g8q,1,0
sp001341,2K5/7q/8/4r3/5p2/4p3/5b2/k7 b - - 3 73,e5e8,1,0
sp001260,8/1B6/2P3k1/1p3p2/1P3P2/1P5K/8/4qn2 b - - 11 45,e1g3,1,0
sp002123,Q2B3r/P2R4/5b2/2pPkp2/2P5/4Kb2/8/7q w - - 6 33,d8c7 a8b8,1,0
sp000266,r4r2/1p1N3k/p1pp2pp/3np3/2K1P3/3P3P/PPP2q1R/R4n2 b - - 5 25,f1d2,1,0
sp003039,8/8/4B3/2p3k1/1p2Kp2/5P2/8/q7 b - - 1 46,a1d4,1,0
sp000908,1R5R/3PQ3/p1k2p2/P1p2Bp1/4K1Pn/8/3N4/8 w - - 9 41,h8c8 d7d8n,1,0
sp001156,8/8/2p5/5p2/4p3/2p1p1k1/5q2/3K3Q b - - 2 51,f2d2,1,0
sp002633,5R2/2b5/5pkp/3Q1p2/5p1P/2P1p3/1K6/8 w - - 0 46,d5f7,1,0
sp001471,1Q6/3K4/1BPP4/5Q2/8/8/8/1r5k w - - 18 82,f5h3,1,0
sp002796,3r3r/5B1k/1npb1K2/4p1p1/P3P3/2P2N2/8/n4R2 w - - 0 31,f1h1,1,0
sp002427,3K4/7r/1B6/8/3p1k2/8/4p3/r7 b - - 3 51,a1a8,1,0
sp002277,2k5/1p6/p1p4p/4P3/2p1K3/P1P4P/8/3q1r2 b - - 2 31,d1d3,1,0
sp000499,8/8/pn6/P4p2/7p/1bp4P/1p6/1Kbn2kB b - - 13 64,c3c2,1,0
sp002346,3B2R1/3n2p1/2p5/2P2P2/5k2/3K1Bp1/r5P1/b7 b - - 3 34,d7e5,1,0
sp001755,b3k3/8/1nP3p1/6N1/4p1P1/4K1b1/8/rq5r b - - 3 40,b1d3,1,0
sp002111,r2Bk2r/ppQ3p1/1n5p/5pP1/8/P1Pp3P/1P1Nb3/2K1R2R w kq - 0 22,c7e7,1,0
sp002732,6R1/8/2k1p2r/4p1K1/4P2P/3B4/5q2/qq6 b - - 18 55,f2h4 f2f4,1,0
sp002385,1Q5R/4k3/P7/7p/4pp2/2b4K/8/r2q4 b - - 0 46,d1h1,1,0
sp002333,B7/8/4P3/1P6/5k1K/1n5P/3r4/q7 b - - 20 60,a1h8,1,0
sp000894,2b5/rp4pP/1n4P1/p4pk1/2p2p2/4r3/PPP1p1q1/2K5 b - - 0 32,e2e1q e2e1r,1,0
sp001019,1R6/k3N3/5P2/1P3p2/8/2n5/3K4/3b2b1 w - - 1 47,e7c6,1,0
sp002872,3B1N2/8/2p4p/1p4p1/1P1p1kP1/r2RnP1R/2P2b2/1K6 w - - 0 31,f8g6 d8c7,1,0
sp000707,7r/1b6/kP6/1p4p1/2P2bP1/5p2/2B2P2/3K4 b - - 0 36,h8h1,1,0
sp000406,2k1K2Q/2q3b1/pPp5/8/5p2/4n3/8/r7 b - - 0 54,c7d7,1,0
sp000487,B7/8/pn6/P4p2/7p/1bp3kP/1p1p4/1Kb5 b - - 5 56,c3c2,1,0
sp000068,q3k3/3n2b1/3p2P1/5p2/r3p3/PPP1Kp2/5P2/r7 b - - 1 26,g7h6,1,0
sp000950,5Q1K/3k4/8/3BP3/4n2B/3p4/1b6/6r1 w - - 4 55,f8d8,1,0
sp001117,7r/8/pB5p/P1P5/8/1bb1pp2/3Q4/4K1k1 b - - 4 40,c3d2 e3d2,1,0
sp001070,2KB1RR1/3P4/2Q2N2/8/5k2/8/8/6b1 w - - 23 103,c6e4,1,0
sp002197,Q6R/P5k1/8/5K2/8/8/2p5/8 w - - 0 59,a8g8 a8f8,1,0
sp002483,3QK1R1/6q1/8/8/8/8/3n4/k2q2r1 b - - 0 92,d1h5,1,0
sp002106,r2Bk2r/ppQ2pp1/1n5p/8/8/2Pp4/PP1Nb1PP/2K1R2R w kq - 2 18,c7e7,1,0
sp001810,4q2k/3n2p1/p1p2nP1/3p4/3p1b2/8/PPPNb3/R3K3 b Q - 0 23,f4g3,1,0
sp001216,2rk4/1p3p2/p1p2P2/4q3/2R2p2/P5pP/6P1/7K b - - 1 30,e5e1,1,0
sp000825,3N2B1/2p5/1QNk2P1/1K3B2/4pb2/8/8/7r w - - 1 66,d8b7 b6c5 b6d4,1,0
sp002217,8/1p6/4kbp1/3np1p1/P3K1P1/1p6/1P3q2/7r b - - 0 35,f2e3 f2e2,1,0
sp001170,5K2/5P1k/7p/7P/8/6b1/8/3q1rbQ b - - 1 54,d1d8,1,0
sp000440,B3k2r/6b1/p2p1p1p/P4P2/8/1bp4P/1p6/1K1n4 b - - 1 33,c3c2,1,0
sp001782,8/3n1p2/1P3P1r/2p2k2/r6P/6p1/6P1/6K1 b - - 0 33,a4a1,1,0
sp001310,R7/3kB3/5p1p/1Pp2K2/3p1P2/5N2/8/Q7 w - - 1 31,a1a7,1,0
sp003037,7K/8/1n6/8/8/2p5/4kqr1/8 b - - 59 146,f2h4,1,0
sp001143,8/4b2k/2pp1p1p/r4P1K/5P1P/PPP2P2/1QRr1q2/8 b - - 0 30,f2f3,1,0
sp000525,1Q6/8/2NPK3/5Q2/3Q4/6k1/8/8 w - - 37 82,d4f2,1,0
sp002350,8/8/8/7p/1r3b1P/8/2B1k1K1/3q4 b - - 6 84,d1f1,1,0
sp002324,3B2Q1/3n2b1/2k4p/1pp5/2P5/r1P2P1P/1K3P2/7R w - - 0 25,g8d5,1,0
sp001023,4K3/3R1B2/4Q3/8/5b2/2k5/8/7q w - - 39 77,e6b3,1,0
sp003095,1Q6/3k1p2/5n2/3P2br/1pP4P/5pK1/4b3/R7 w - - 3 34,a1a7,1,0
sp003034,6R1/4K3/8/1q6/8/4p3/7Q/5k2 w - - 13 96,g8g1,1,0
sp001616,r4r2/1pqn2p1/p7/6N1/4p1k1/P2p2P1/RPPK1b1P/7R b - - 3 27,c7c2,1,0
sp001749,3R1KR1/8/8/4q3/6r1/6p1/4k3/8 b - - 25 76,g4f4,1,0
sp000316,2K5/7q/8/8/8/4pnp1/5k2/r7 b - - 19 94,a1a8,1,0
sp001805,7r/1k6/2p5/KP1n1P2/4B3/3Pb1pP/3N4/7r b - - 2 34,h8a8 h1a1,1,0
sp002968,QR1Q3R/6k1/5b2/2pbpPp1/2P3P1/1N1K4/8/8 w - - 7 48,d8f8,1,0
sp001696,7Q/2k5/1n6/2K2p2/2b2p2/2q5/8/8 b - - 0 44,b6d7 b6a4,1,0
sp000630,r4R2/8/1p6/2p2p2/4kPp1/p1n1ppP1/4p3/4K3 b - - 0 38,f3f2,1,0
sp003272,1K1Q4/5Q2/5p1k/5P2/5P2/8/8/6rq w - - 0 93,d8h8,1,0
sp000988,4Q3/3R1B2/1pk5/p1p1b3/P1K2p2/3P4/2R5/8 w - - 7 41,f7d5,1,0
sp002387,1Q5R/P7/5k2/7p/4pp2/2b4K/8/r2q4 b - - 0 47,d1h1,1,0
sp002299,6Q1/2p3b1/2P2p2/5pkp/2PN4/P5K1/3r4/2r5 w - - 6 36,g8g7,1,0
sp000484,8/8/p2n1p2/P7/7p/1bp3kP/1p1p4/1Kb4B b - - 5 53,c3c2,1,0
sp001803,1R6/8/1n2kp2/2p2p2/2P2P1P/2K5/4q3/1r1b4 b - - 47 57,b6a4 e2e3 e2c2 b1b3 b1c1,1,0
sp001887,3Q4/p1p2ppq/2N5/6p1/5kP1/P4P2/P2K2P1/R4Br1 w - - 1 23,d8c7,1,0
sp002714,3BQR2/2K5/2P4k/7p/p4p1P/P7/2B1n3/7r w - - 11 60,e8g6,1,0
sp001689,N7/8/8/4p3/4P1p1/2k3p1/5bK1/7r b - - 9 42,h1g1,1,0
sp000195,5R2/8/2Q5/7k/2p2P1p/1bP4P/1K6/8 w - - 6 53,f8h8 f8f5,1,0
sp001795,6R1/3n4/4kp2/2p2p2/2P2P1P/2K5/4b3/1r1q4 b - - 29 48,d1d3 d1c1 b1b3,1,0
sp002029,R7/8/2B2p2/5K2/5P1k/1n4p1/6P1/8 w - - 29 54,a8h8,1,0
sp002371,8/8/8/7p/5b1P/4k2K/5q2/1r5B b - - 36 99,f2g3 f2h2 b1h1,1,0
sp000038,8/4B3/4K2k/5Q1p/5P1P/1n6/8/7r w - - 5 52,e7f8,1,0
sp000297,5N2/1p1n4/2pp4/K6p/1P5P/6k1/3pq3/8 b - - 0 48,e2a6 e2b5,1,0
sp002261,K7/7k/P6p/5p1P/8/6b1/1q2n3/3q4 b - - 0 59,b2b8,1,0
sp001253,1K6/8/2q5/2P5/8/4k3/4n3/r6Q b - - 6 84,a1a8,1,0
sp002937,5Q2/4q1R1/2K5/5B2/2p5/2P5/8/1q3r1k b - - 8 55,b1b7,1,0
sp000983,4Q3/3R1B2/1pk5/p1p1b3/2K2p2/P2P4/3R4/8 w - - 1 37,f7d5,1,0
sp001409,7k/5K2/P4PPp/8/bP3p2/2P5/8/b6R w - - 1 37,h1h6,1,0
sp001975,6R1/8/5k2/5p1p/5P2/1b4K1/3r4/7q b - - 6 65,h5h4,1,0
sp002323,1Q4Q1/2p3b1/2P2pk1/2P2N2/5K2/7p/3r4/r7 w - - 9 50,b8e8,1,0
sp001576,r4b2/6pk/pnp2nNp/4p3/4q3/1NP4P/PP2B1P1/R1BbK2R b KQ - 1 18,e4e2,1,0
sp002118,r2Bk2r/ppQ3p1/1n6/5p2/P6P/2Pp1p2/1P2b3/2K1R2R w kq - 0 25,c7e7,1,0
sp002984,1Q6/4K1R1/8/2p2p1k/7P/1bP5/8/1r6 w - - 1 46,b8h8,1,0
sp003221,8/8/3PB2K/1P3p2/8/1nq5/4k3/6r1 b - - 9 57,c3h8 c3h3,1,0
sp001030,8/8/RQ4p1/1P4k1/4p3/3pP1K1/8/b7 w - - 19 55,b6g6,1,0
sp000826,8/p1k1Pp1p/2pp1B2/2p2P2/2P1QP1P/P1P4K/6r1/5q2 b - - 2 29,f1h1,1,0
sp000770,8/8/4B3/1p5p/4p2P/2k3p1/5rP1/1K2Qq2 b - - 6 45,f1e1,1,0
sp001417,r6r/1K3B2/p1pq1b1p/4k3/P1Pp4/5p1P/5P2/2R4R b - - 0 35,h8b8,1,0
sp003179,7r/4k3/p2p2Kp/P6N/1p3q2/1n1P2pP/2Pq4/8 b - - 2 39,f4f7 f4g5,1,0
sp000859,B1Q5/4kpb1/pP1p4/4p1p1/4P1n1/2NK1b2/1P3PP1/R5r1 w - - 0 22,c3d5,1,0
sp003185,K7/P3k3/4n2r/5p1p/2P2P1P/5P2/4N3/1q6 b - - 0 38,h6h8 e6c7,1,0
sp001511,1n2k2r/1p3ppp/2p2P2/3p4/rQ1NP3/8/PPP2PPK/RN1b1R2 w k - 1 14,b4e7,1,0
sp000779,8/4Q3/1pp5/P1P2p2/1p6/2PK2p1/5k2/2R5 w - - 0 50,e7e2,1,0
sp000182,8/8/8/2p5/2P5/4pK2/7R/5k2 w - - 1 52,h2h1,1,0
sp002139,r2BR1Q1/1p6/pP5P/5p2/b4k2/1PP2p2/1K6/8 w - - 3 36,g8g5 d8c7,1,0
sp000119,1R4B1/6Q1/2Np2K1/3P1P2/p2P4/P7/7R/3k4 w - - 11 60,b8b1,1,0
sp002917,2B5/8/1n3p2/4rp2/1Q5P/3pkpK1/4q3/8 w - - 3 51,b4f4,1,0
sp001332,7r/1p3p2/p1p5/P2P1k2/7P/3P2KR/6P1/2b2r2 b - - 0 33,c1f4,1,0
sp001867,r4r2/1p5B/p1qb1k1p/4p1p1/6P1/P1P1n2P/7K/2R5 b - - 2 30,c6g2,1,0
sp002196,7Q/4K3/3P4/5P2/5P2/1B3N2/3p4/2kb4 w - - 1 56,h8a1,1,0
sp001323,3K4/7r/2P5/4k3/4pp2/6p1/8/1q6 b - - 2 53,b1b8,1,0
sp001307,r7/p7/6p1/5p2/3p1k1P/Pb3P2/3N1K2/Q6R w - - 1 28,a1d4,1,0
sp000351,3Q4/P7/5p1k/R4B1p/4KP1P/5N2/5R2/2q5 w - - 0 43,d8h8 d8f8 d8f6,1,0
sp000420,2r5/8/p6p/P6P/4p1k1/K1p5/8/1r1q4 b - - 7 50,d1b3,1,0
sp001391,2K3R1/8/5k2/5p2/5b2/5p2/3q1P2/3r4 b - - 3 52,d2d7,1,0
sp000790,2B1k3/8/2N2b2/5Pp1/4p1P1/1Q6/2K5/7r w - - 5 36,b3g8,1,0
sp001859,6Q1/1P1K4/5k1p/5p1P/1q3P2/2n2P2/8/7r w - - 3 49,g8g6,1,0
sp002845,2kr4/1q1nbpp1/B1pp1n2/4p1p1/1Q2P1P1/PN3N2/1PP2PP1/2KR3r w - - 1 16,b4b7,1,0
sp002285,8/8/1ppkP2p/p6P/P1p1K3/2P5/8/3q1r2 b - - 0 37,d1d3,1,0
sp002949,2kr2R1/pp3pp1/2p2n2/n5p1/6P1/3p4/P1PK1PPQ/q7 b - - 1 24,a5c4,1,0
sp000910,1R5R/3PQ3/p1k2p2/P1p2Bp1/4K1P1/5n2/8/8 w - - 0 42,h8c8 d7d8n,1,0
sp001753,4k3/2b5/1n4p1/4p1N1/2P3P1/r7/3K2b1/1q5r b - - 1 35,b1d3 b1b2 b1a2 b1d1,1,0
sp000261,8/k7/1pP2N2/pK3p2/P1P2r2/8/6q1/8 b - - 0 47,g2b2,1,0
sp000576,7k/1pq3p1/p1p1N1B1/5PK1/P7/R1P2NP1/1PQ5/r6r b - - 4 34,c7g3,1,0
sp002586,6Q1/p5b1/3p1p2/p3pP2/k3P2P/2P5/PP6/1K5R w - - 0 30,g8e8 g8c4 g8b3,1,0
sp002837,8/P3Q3/2p5/8/1p3b2/3knp1P/5K2/2r4q b - - 0 48,e3d1 h1g2 h1f1 c1c2 c1f1,1,0
sp002381,1Q5R/4k3/1b6/7p/4pp2/P6K/8/r2q4 b - - 3 43,d1h1,1,0
sp001433,6Q1/2p3b1/np1k4/2NP2Kp/1P2pp2/P1P5/1B4P1/5R2 w - - 0 29,g8e6,1,0
sp000668,5K2/7r/5P2/8/8/2p5/3r1qr1/1k6 b - - 15 80,d2d8,1,0
sp000216,b4N2/8/3p4/1p6/p4p2/P6P/1P4r1/R3bk1K b - - 3 35,g2f2 g2e2 g2d2 g2c2 g2b2,1,0
sp000180,B4rk1/4bp1n/2Pp3Q/4p3/2P1P1P1/2K2P2/3N2P1/3R3R w - - 3 26,h6h7,1,0
sp002808,B7/8/5pP1/5p2/n7/Rbp1k3/8/1rb1K1R1 b - - 17 47,c1a3 c1d2 c1b2,1,0
sp001090,1K4R1/3R4/8/8/2p5/2P5/7Q/1k6 w - - 59 97,g8g1 d7d1,1,0
sp001382,8/8/2p2pP1/5P2/5K2/5p2/3n4/qk4rR b - - 5 46,a1e5 a1d4,1,0
sp000883,2b2r2/rp1n2pk/p1q5/5p2/2p2p1P/6PR/PPP1p3/2K5 b - - 3 25,e2e1q,1,0
sp002950,2kr2R1/pp3pp1/2p5/n5p1/6P1/2np4/P1PK1PPQ/q7 b - - 5 26,a5c4,1,0
sp001044,6B1/5QP1/1q1kBK2/3P4/8/8/8/8 w - - 13 55,f7e7,1,0
sp002008,6R1/8/P4pPb/5P2/8/k1K1p3/2P5/7R w - - 1 33,h1a1,1,0
sp001863,1Q4R1/8/R2p2P1/3P4/5k1K/8/3b4/6q1 b - - 8 52,g1g4 g1h2 g1h1,1,0
sp001764,1Q6/5k2/2Q5/8/5PKp/4p2P/6P1/B7 w - - 2 48,b8e8 c6e8 c6f6,1,0
sp003292,2Q4Q/3Pbk2/2KpN3/1P2pN2/4P3/5n2/8/r7 w - - 0 61,c8g8,1,0
sp002115,r2Bk2r/ppQ3p1/1n6/5p2/P5p1/2Pp1N1P/1P2b3/2K1R2R w kq - 0 24,c7e7,1,0
sp000221,q6r/8/8/1P5P/2Pp1b2/r2pk1p1/6P1/6K1 b - - 0 40,a3a1,1,0
sp003269,7k/4N2P/5K2/1p4N1/1P6/1P4p1/8/r7 w - - 9 46,e7g6,1,0
sp001686,R7/2b5/2p3P1/8/5k2/2P5/p2r3p/q4b1K b - - 1 51,f1a6 f1b5 f1c4 f1h3 f1d3,1,0
sp001447,r2B4/1p4k1/p2p2p1/8/8/PPP3p1/4q3/2KN3r b - - 3 28,h1d1,1,0
sp001166,8/8/8/1Q6/2p1p3/4pp2/5q2/3K3k b - - 1 58,f2d2,1,0
sp002098,1Q6/4Bk2/8/2pK1B2/5b2/3P2p1/8/3b4 w - - 10 45,b8f8,1,0
sp003066,2B5/4K3/7k/3P1P2/1p4QP/1bn1p3/8/q7 w - - 10 41,g4g6,1,0
sp001219,4k3/2p5/p1P2P2/K7/2P2Pp1/P1n2P2/8/b2q3r b - - 0 28,d1a4,1,0
sp000955,R3R3/1B6/PK1k4/5p2/2P2b2/P4p2/5Pp1/8 w - - 0 36,a8d8,1,0
sp000711,r2q3r/1b1k2p1/pBpb1p1p/5p2/5P2/P2B1NP1/RP5P/4R1K1 w - - 1 21,d3f5,1,0
sp000234,r7/5kpR/p2p1b2/3P1P2/8/Pn3p2/1Pq2PP1/R3K3 b - - 0 24,c2e2,1,0
sp001490,Q7/4N3/3n4/5p2/P1P3p1/6pk/5q2/7K w - - 3 46,a8h8,1,0
sp003198,8/4K3/6Q1/3P1p1p/Q6P/8/1k6/4R3 w - - 2 60,g6g7 g6f6,1,0
sp002526,r6r/2pB4/p1P2pPp/2K1k3/R7/2P5/P2Q4/7q w - - 3 32,d2f4 d2d4,1,0
sp000959,6R1/1p6/pnp5/4kp2/8/1P2K2P/6r1/5q2 b - - 1 37,b6d5 f1e2 f5f4,1,0
sp000137,R2QR3/8/B1N5/8/5k2/2P3pK/8/8 w - - 0 43,d8f6,1,0
sp001591,1r2k2r/6p1/p4pP1/2p2P2/4Pb2/2P2N1P/K5P1/3q3R b k - 1 28,d1a4,1,0
sp000204,q7/2k1B3/p6p/5p2/5K2/2q5/P6P/8 b - - 5 32,a8e4 a8f3,1,0
sp000837,r7/6p1/p2p2Q1/2pk2Pr/8/1PP2P1P/1K6/7R w - - 1 27,g6e4,1,0
sp001800,8/8/7p/p4K2/P7/1P6/2Q5/R3b2k w - - 6 46,a1e1,1,0
sp000804,4b3/8/8/5pk1/3p4/2pK1P2/q7/r7 b - - 5 52,a1d1,1,0
sp002828,rn2kb1r/pp3ppp/2Pp4/4p3/4P1b1/P4q2/1PP2PPP/RN1QKB1R b KQkq - 0 8,f3d1,1,0
sp001596,5rk1/6p1/5pP1/3P1PP1/4Pb1P/K7/8/1r1q3R b - - 0 35,f8a8 d1b3,1,0
sp002016,6B1/3QNQP1/3nP3/8/8/1k6/p7/KB2q3 b - - 3 62,e1e5 e1c3 e1b1 a2b1q a2b1r,1,0
sp001751,r3k3/1p4p1/pn4P1/8/3b3P/1P2p3/P1Kp1q2/4Rb1R b - - 1 31,d2e1q d2e1r,1,0
sp001593,2B5/2p1B3/2p3kp/PPK5/7P/5p2/5P2/4q3 b - - 0 33,e1c3,1,0
sp001431,K1B5/6R1/8/8/8/8/3p3Q/b4k2 w - - 10 113,g7g1,1,0
sp001820,8/8/6kp/1P6/4pb1P/8/5Kp1/4r3 b - - 0 49,g2g1q,1,0
sp002579,2r5/5k1K/8/1P1n4/4p2P/P1b2p2/5P2/1R6 b - - 4 38,c8h8,1,0
sp000856,Q7/3B1pkp/p2p4/5p2/5P2/1P2K2P/P7/b2q4 b - - 8 31,a1d4,1,0
sp000530,1Q6/8/3P4/p1n1P3/P5KP/2R5/3k4/R7 w - - 5 46,b8b2,1,0
sp001295,q4rk1/3R3R/8/6p1/p3ppP1/PNn2p2/2P5/2K5 w - - 0 27,d7g7,1,0
sp002147,8/2n5/2b2pkp/5p2/2P2P1P/8/5K2/rq6 b - - 1 37,b1e1,1,0
sp000605,6QK/3P1Q2/2PP4/8/8/8/R7/7k w - - 57 111,g8g2 f7h7 f7h5 f7d5 f7f3 f7f1,1,0
sp001833,r2B3Q/3k4/5P1p/p1p1QP2/4K2P/P7/3N4/R6R w - - 2 28,e5c7 e5e6,1,0
sp000607,8/5Q1K/8/8/8/8/7Q/3k4 w - - 3 75,f7f1,1,0
sp001783,7k/P5p1/6P1/3B2N1/p2nP1P1/R7/5K2/1b6 w - - 1 38,a3h3 a7a8q a7a8r,1,0
sp002499,6Q1/4bB2/2Np1kp1/5PN1/5pn1/P1K5/1P4P1/6r1 w - - 0 30,g8g6,1,0
sp002751,3Q1K2/1q6/8/8/2P5/8/5b2/3r1k2 b - - 4 118,d1d8,1,0
sp000690,7R/8/5PP1/8/2p5/pp1k4/2b5/b1K3R1 b - - 5 53,a1b2 b3b2,1,0
sp002710,4kbRN/3n4/1p6/2p3p1/5pB1/r1Pqp3/1P4P1/2K5 b - - 1 29,a3a1,1,0
sp003268,8/8/r1p5/P6P/1pPpp3/3n2k1/5q2/1K6 b - - 0 43,f2b2,1,0
sp002747,6R1/8/2k1p2r/4p1K1/4P2P/8/4Bq2/1q1q4 b - - 32 62,f2h4 f2f4,1,0
sp001778,B6r/8/K2n1p2/P4p2/2P2k2/5P1P/3N4/3b2b1 b - - 0 37,h8a8,1,0
sp002429,8/4Q3/1p6/p2k1Pp1/P2P1PP1/1PK2p2/8/8 w - g6 0 38,e7e6,1,0
sp000784,8/p1p2QpP/P1pk2P1/4pB2/2P5/2K2NP1/5b2/6r1 w - - 7 39,f7f8,1,0
sp003035,8/7K/1n6/8/6r1/2p5/4kq2/8 b - - 57 145,f2h4 f2h2,1,0
sp002347,3B2R1/3n4/2p5/2P2Pp1/4Bk2/3K2p1/r5P1/b7 b - - 1 35,d7e5,1,0
sp000577,R7/6b1/p7/P2Pkp2/4p3/1N2Kpp1/4n3/8 b - - 3 47,g7h6,1,0
sp000929,K7/6Q1/8/5p2/8/8/7Q/3k4 w - - 5 88,g7g1 g7a1,1,0
sp002567,6k1/2b2p1p/2Qp1Pp1/4p3/4P2P/K1P2N2/6r1/3R3R w - - 1 27,c6e8,1,0
sp001108,Q4K2/8/3p4/3P4/8/8/3q1kr1/4r3 b - - 1 102,d2f4,1,0
sp000016,8/6pp/4k3/3n1p2/4pB2/P1P2p1P/1PQN1qPK/R3R3 b - - 1 28,f2g2,1,0
sp003019,8/4K3/8/5p2/5P2/2Q5/4k3/1Q6 w - - 61 105,b1e1,1,0
sp003218,Q3Q3/6k1/1N3pP1/5P2/2K2P1p/8/3q4/6r1 w - - 0 50,e8h8 e8f8,1,0
sp001480,7r/8/p1kP2p1/Pp6/1P2p1K1/5n1N/2q2b2/7r b - - 2 42,h8h4,1,0
sp000027,Q7/5k2/2N2P2/3PPK2/1p2B3/6p1/8/1q2b3 w - - 0 40,e5e6,1,0
sp001619,B2B4/1Q2R3/3p1k2/3P4/4K3/2p5/p7/8 w - - 0 49,e7g7 e7e6,1,0
sp002947,8/2rn1Q2/p7/3p4/1Bk2P1P/PNPb4/1P3q2/2RK4 b - - 6 37,f2e2,1,0
sp000273,7r/1p4p1/1Pp3p1/K5P1/7P/5k2/8/1q1b2R1 b - - 1 35,h8a8 b1b5,1,0
sp002158,6R1/8/3k1b2/4p3/p2pP3/P2K1p2/5q2/6b1 b - - 7 58,f2e2,1,0
sp000042,3k4/4N3/2K2QP1/5P2/4B3/8/6q1/8 w - - 9 55,f6f8,1,0
sp001602,1Q6/8/5pP1/5p1K/2P2P2/3k4/8/b5r1 b - - 8 36,g1h1,1,0
sp003063,7R/8/8/5p2/1q2pP2/6KP/Q7/5k2 w - - 5 49,a2f2,1,0
sp002491,Q2R4/2B5/P7/5K1k/5P2/8/4nb2/6b1 w - - 0 48,d8h8,1,0
sp000105,6Q1/5K2/5N1P/1b3P2/5P2/2q5/8/b6k b - - 10 68,c3f6,1,0
sp000884,NK4B1/1Q3B2/3k4/8/7p/1b3n1P/8/8 w - - 13 53,b7c7,1,0
sp000215,2B5/8/7P/5p2/1pN5/7Q/8/1K1k1q2 w - - 0 67,h3f1,1,0
sp002787,r6r/1pkn1p2/p1p2PP1/8/2PK4/PP5P/3bb3/R6R b - - 6 22,h8h4,1,0
sp000585,QQ5r/8/5p1p/R1p5/2k2P2/5p1P/2K5/b4n2 w - - 1 37,a5a4,1,0
sp001230,4k3/4P1p1/1nNp4/6K1/2q5/P1Pb1p2/1B6/2R4r b - - 10 32,c4h4,1,0
sp001819,7q/8/8/7p/5k1K/8/3p4/4r3 b - - 9 62,e1h1,1,0
sp002938,B7/5P2/2p3P1/8/p4k2/2Pn3K/8/q7 b - - 0 44,a1h1,1,0
sp002019,QQ4R1/2p1k3/2p5/4PK1p/1P3P2/6pP/2P5/5b2 w - - 1 41,g8g7 b8e8 b8c7,1,0
sp002774,B2B3r/6pb/p7/4kpP1/3R1p2/1N6/2P5/1K5R w - - 0 33,h1e1,1,0
sp002055,R1B3k1/PR6/8/2p2P1p/5b1P/2P3p1/1p4P1/1K1b4 w - - 0 40,c8e6,1,0
sp002003,6B1/5BK1/8/8/5q2/r1p1b3/3q1k2/8 b - - 11 76,f4h6,1,0
sp002576,2R4K/6P1/8/3q4/8/8/5q2/5k2 b - - 7 86,f2h4 f2h2,1,0
sp000893,7R/4Q3/p1kP1p2/2p2Bp1/P1K3P1/6n1/3N4/1R6 w - - 0 35,h8c8 e7d7 e7c7 f5d7,1,0
sp003062,8/8/R7/3PQ3/5p2/8/5K1k/8 w - - 1 50,a6h6 e5h8 e5h5,1,0
sp001937,5r2/6b1/p6P/P2p2k1/1P3pp1/8/7K/5q2 b - - 0 34,g4g3,1,0
sp001451,r7/1p6/1B1p2p1/4k3/P7/1PP3p1/4q3/2KN3r b - - 0 31,h1d1,1,0
sp001225,3BR2r/1k1n4/2p4p/5p2/2P2K2/p7/1P4q1/7b b - - 1 33,g2f3 g2f2,1,0
sp003266,1K6/5Q2/5p1k/1Q3P2/5P2/7p/8/7r w - - 12 90,f7g6,1,0
sp000572,6RK/4QQ2/2Pp4/3P4/2P5/8/8/7k w - - 3 73,f7h7 f7h5 e7h4,1,0
sp001917,7K/5P2/1NP5/5p2/8/8/4q1r1/5k2 b - - 0 71,e2h5,1,0
sp001644,7r/3n3k/6pP/5pP1/pp3K2/2p2P2/P3q3/b2b4 b - - 0 33,e2e5 e2f3,1,0
sp001563,8/8/2r4k/6p1/5bP1/2p1r3/3qn3/K7 b - - 9 54,d2b2,1,0
sp000494,B7/8/p4n2/P4p2/7p/1bp3kP/1p6/1Kbn4 b - - 3 59,c3c2,1,0
sp000506,B7/8/1P6/5p2/p6p/1bp4P/1p6/1Kbn2k1 b - - 1 68,c3c2,1,0
sp000644,8/8/6B1/8/3k1P2/2n2P2/3K4/1q5r b - - 5 43,h1h2 h1d1 b1d1 b1c1,1,0
sp000565,k1B5/5Q1R/6K1/2p3P1/2P5/8/8/q7 w - - 2 51,f7b7,1,0
sp003009,R1B1Q3/3Q4/5k2/4pP2/2P5/2P2K2/8/8 w - - 1 61,e8d8 e8e7 e8g6 d7e7,1,0
sp002513,Q5nr/4k3/pnBp1b1p/5P2/4p1P1/P1P2p1P/1P1N1P2/R1B1K2R w KQ - 1 21,a8e8,1,0
sp003067,rn5Q/p4Bpp/2pp1k2/7q/8/P1P2p2/1P3Pb1/RN3RK1 b - - 0 20,h5h1,1,0
sp001198,8/8/3P4/2p1qp2/p1P2k2/P2K1p1P/1r2n3/b7 b - - 6 35,e5d6 e5e4 e5d4 e5e3 e5c3 e2c1,1,0
sp001142,R6r/8/1np3qp/8/2P4P/4kB2/8/2b1K3 b - - 3 32,g6g1,1,0
sp001653,1Q3R2/1R6/6K1/2kP1P2/5P2/p1P3p1/3N4/8 w - - 0 54,b7b5,1,0
sp002227,7Q/8/4kbp1/1p2p1p1/4K1P1/n1P5/5q2/7r b - - 1 41,f2e2,1,0
sp001683,Q7/3N2kq/3K1p2/5P2/5P2/5p2/8/8 w - - 2 58,a8f8,1,0
sp002674,r7/3K3k/p5pp/7P/P4b2/1np5/6q1/3br3 b - - 0 38,b3c5 g2b7 g2d5 d1g4,1,0
sp002177,1Q6/4B3/2kP2K1/2p5/2P2p2/8/8/8 w - - 0 62,b8c7 b8b5,1,0
sp000862,2Q5/6b1/pPBp1k2/4pPp1/6n1/2NK1b2/1P3PP1/R5r1 w - - 1 25,c8e6,1,0
sp002878,3R4/8/1nB2bk1/4p1p1/4K1P1/8/8/r2q2r1 b - - 1 44,g1e1 d1e2,1,0
sp002352,8/8/8/5B1p/5b1P/7K/4kq2/1r6 b - - 14 88,f2g3 f2f3 f2h2 f2f1 b1h1,1,0
sp000551,1kB5/5QR1/4P1K1/R1p5/2P5/6P1/8/3q4 w - - 3 42,f7c7 f7b7,1,0
sp002130,R7/8/1k1b4/3Pp3/p2pP3/P2K1pp1/5q2/8 b - - 5 42,f2e2,1,0
sp001159,5K2/8/8/5Q2/8/p7/P7/6rk w - - 27 111,f5h3,1,0
sp002733,B2Q2B1/8/8/5P1k/1p3P1p/1N1P3P/1K6/R6R w - - 2 38,d8g5,1,0
sp001700,8/8/2p3p1/2p3P1/5k2/2q5/7K/3r4 b - - 19 55,c3g3,1,0
sp000279,5R2/1p4p1/1Pp3Pr/K6p/8/8/6k1/1q1b4 b - - 4 39,b1b5,1,0
sp000670,4K3/7q/1b6/8/5P2/p5p1/3rk3/8 b - - 3 57,d2d8,1,0
sp001021,1R6/k3N3/5P2/1Pb2p2/8/2n5/3K4/3b4 w - - 5 49,e7c6,1,0
sp002172,QK5Q/8/5p2/5pk1/2P2p2/5P1R/8/2r5 w - - 1 56,h8g8 h8g7 h8h6 h8h5,1,0
sp000485,B7/8/p2n4/P4p2/7p/1bp3kP/1p1p4/1Kb5 b - - 1 54,c3c2,1,0
sp001393,2K3R1/8/8/5p2/4kb2/5p2/3q1P2/3r4 b - - 7 54,d2d7,1,0
sp002186,6R1/4b3/4k3/4p3/p2pP3/P2K1p2/5q2/6b1 b - - 37 73,f2e2,1,0
sp001252,8/1B6/2P3k1/1p3p2/1P3P1K/1P6/8/3q1n2 b - - 1 40,d1h5 d1g4,1,0
sp001076,5K2/1q3Q2/8/p7/P7/4p3/5q1Q/3k4 b - - 23 74,b7f7 f2f7,1,0
sp002593,4r3/5p1k/p1p2n1p/1p6/5b1P/2P2P2/PP2q3/1K6 b - - 0 31,e2d1,1,0
sp002772,6B1/8/2Q5/5k2/P4P2/2p4K/6p1/5R2 w - - 0 37,g8h7 c6e6,1,0
sp000350,6B1/1p1Q4/8/3n1p2/4pk2/1qB2b1P/1b1K1P2/7r b - - 0 30,b3c3 b3d1 b2c3 b2c1 h1d1,1,0
sp002439,5RK1/8/7k/2p4p/2P4P/8/8/1r2q3 w - - 1 60,f8f6,1,0
sp000803,3N4/p1p3Q1/P1N3P1/1KbkpBP1/8/8/8/6r1 w - - 5 50,g7e5,1,0
sp001161,Q7/8/8/5p2/2p1p3/2p1p2k/5q2/3K4 b - - 3 54,f2d2,1,0
sp003264,1K6/4QQ2/5p1k/5P2/5P2/7p/8/6r1 w - - 8 88,f7h7,1,0
sp002606,r4rk1/1p3pp1/pn3b2/2p1P3/2P5/P1KP3P/6P1/3q3R b - - 0 24,b6a4,1,0
sp000418,2r5/2P5/p6p/P3q2P/4p1k1/K1p5/8/1r6 b - - 6 46,e5a5,1,0
sp002524,5K2/2q5/8/8/8/2p5/2r5/3k3r b - - 9 102,h1h8,1,0
sp001623,6BK/8/5n2/8/5P2/8/5k2/1r4r1 b - - 0 51,g1g8,1,0
sp002383,1Q5R/4k3/8/P6p/3bpp2/7K/8/r2q4 b - - 0 45,d1h1,1,0
sp002155,1Q1Q4/3R4/3Pk3/2p2p2/2P2K2/6B1/8/7r w - - 9 51,d8e7,1,0
sp001632,7K/8/3q4/7N/5b2/1b6/8/6k1 b - - 47 122,d6h6,1,0
sp002811,8/3RK3/8/5Q2/2B5/2p5/3r4/3k2r1 w - - 9 95,f5b1,1,0
sp000002,r3kb1r/1p1nBppp/p2p4/1B2p3/4p3/PP3b1P/2P2PP1/q1Q1K2R b Kkq - 1 14,a1c1,1,0
sp002755,3K4/8/1nq5/8/8/8/8/5k2 b - - 27 109,c6d7,1,0
sp001107,7R/8/7p/5p1P/5b1R/1pp5/3p4/1K2k3 b - - 1 50,d2d1q d2d1r,1,0
sp000495,8/8/p1B5/P2n1p2/7p/1bp3kP/1p6/1Kbn4 b - - 5 60,c3c2,1,0
sp003118,8/3B4/8/5p1p/7P/5k1K/3q4/8 b - - 3 71,d2g2,1,0
sp001148,R7/8/2p2n1p/8/2P4P/4kB2/6q1/2b1K3 b - - 4 35,g2g1,1,0
sp001661,8/6K1/2q5/8/5b2/1b6/8/6k1 b - - 7 145,c6h6,1,0
sp002228,8/8/4kbp1/4p1p1/1p2K1P1/n1P5/5q2/7Q b - - 0 42,f2e2,1,0
sp000952,R7/8/5P2/2N2K2/2P5/1N6/7Q/1k1b2b1 w - - 3 41,a8a1 h2a2,1,0
sp002861,8/3n2bk/p1p2p2/5p1K/6pP/2P2b2/PP6/R7 b - - 0 32,g4g3,1,0
sp000380,Q7/6R1/1B3K1k/7p/5p1P/8/8/7r w - - 1 48,a8h8,1,0
sp001931,6R1/8/K7/5p1p/5p1P/4bP2/5k2/1q6 b - - 9 73,b1b6,1,0
sp001738,8/8/6p1/6P1/2p2k2/2p4K/r3q3/8 b - - 27 83,e2h5 e2g4 e2h2,1,0
sp002614,r2qk2r/ppp2ppp/2P2n2/8/1bP5/5b2/PP1B1PPP/R3KB1R b KQkq - 0 12,d8d2 b4d2,1,0
sp002234,8/3Q4/6k1/7p/2p1K2P/R1P1p3/5b2/8 w - - 5 67,a3a6,1,0
sp003098,rn3rk1/1p4P1/p1p4B/8/8/2PB1P2/1bP1b1PP/R3K2R w KQ - 1 18,g7f8q g7f8r,1,0
sp000469,8/6kr/p4p2/P4P2/2B4p/1bp4P/1p1p4/1Kbn4 b - - 5 44,c3c2,1,0
sp001223,3BR2r/1k1n4/2p4p/p4p2/2P2K2/8/1P4q1/7b b - - 3 31,g2f3 g2f2,1,0
sp000896,7R/4Q3/p1kP1p2/P1p2Bp1/2K3P1/8/3N4/1R3n2 w - - 1 36,h8c8 e7d7 e7c7 f5d7 f5e4 b1b6,1,0
sp000032,BQ1Bk3/6K1/2p5/1P6/4nP2/R6p/8/8 w - - 1 45,a8c6,1,0
sp001893,R7/6Q1/2Nk1b2/1P1P4/2K5/2P5/3q4/6r1 b - - 3 44,d2c3,1,0
sp001840,7R/4bppp/p1Np4/1k1P4/1P6/1P5P/6p1/5RK1 w - - 1 27,h8b8,1,0
sp000008,B6Q/2q1B3/2p2p1p/p4k2/3p1P2/Q4P1P/2PN4/4K2R w K - 0 24,h8f6,1,0
sp001208,8/2R5/2p5/2K5/5p2/8/3qq3/7k b - - 19 66,e2b5,1,0
sp000835,BR1N3R/2k5/2N3p1/1P1Kp3/1P1p4/6p1/6P1/2b5 w - - 4 47,h8h7,1,0
sp001980,6R1/1Pb2k2/2Q2p2/5K1p/6nP/2pP4/8/8 w - - 1 45,c6e8 c6e6,1,0
sp000355,Q2Q4/8/R4p1k/5B1p/4KP1P/5N2/5R2/7q w - - 3 45,d8h8 d8f8 d8f6,1,0
sp001895,8/8/5P2/2p4p/7P/1Q3K2/2B4B/kqb3r1 w - - 0 59,b3b1,1,0
sp001456,6R1/8/8/p4p2/Pp5p/2nk1K1P/8/bq6 b - - 21 56,b1f1,1,0
sp003230,4Q3/6P1/1Nq1Qp1k/K4P2/5P1p/8/8/2r5 w - - 5 62,e8h8 e8g6,1,0
sp002144,8/6pk/q1P2p1p/4pK2/6P1/2n2P1P/P7/b7 b - - 0 28,a6c8,1,0
sp001395,7R/5RP1/2P5/2K1kp2/2P2p2/5p2/5P2/8 w - - 3 47,h8e8,1,0
sp001858,3B1R2/4K3/5P1p/7P/7R/8/2Q5/4k3 w - - 11 78,h4h1,1,0
sp001016,r3k2r/pBp1qpp1/1n5p/1b2Q3/1B1P4/2P5/PP1N1PPP/R3K2R w KQkq - 3 15,e5e7,1,0
sp000716,2k5/3R4/p1N5/P1P2B2/5P2/4p2K/6p1/6b1 w - - 0 40,d7h7 d7g7 d7f7 d7e7 d7a7,1,0
sp001769,b3k3/6K1/8/6p1/5qP1/4p3/7r/r7 b - - 7 57,f4f7,1,0
sp001728,8/8/6p1/6P1/2p2k1K/2p1q3/8/r7 b - - 13 76,e3g3 a1h1,1,0
sp002509,r3k2r/1p1n2p1/p2b1n1p/2p5/5PP1/P1P1K2P/1q6/3b3R b kq - 2 23,b2e2,1,0
sp003248,QR2B3/2k5/2P1K3/3P4/4p3/5p2/5P2/b5b1 w - - 9 49,b8b7 a8b7 a8a7 d5d6,1,0
sp001828,r2B3Q/p6p/2pk1p2/5P2/4n1P1/P1Q2K1P/3N4/R6R w - - 2 23,c3d4,1,0
sp000631,1Q6/2pkr3/8/1p3pP1/5Q2/RN4PP/6BK/3rr3 w - - 1 40,b3c5,1,0
sp003119,r3kb1r/1ppn1pp1/p3Pq1p/6B1/6b1/2P2N2/P4PPP/RN1QKB1R w KQkq - 0 11,d1d7,1,0
sp002287,8/8/2pkP2p/pP5P/2p1K3/2P5/8/3q1r2 b - - 0 38,d1d3,1,0
sp000460,8/1pqkb1p1/pn1p1PP1/2p2P2/8/PNPP4/1PQKp3/R1B4r b - - 2 22,e2e1q,1,0
sp001135,4R3/6k1/Pn3pP1/5PP1/3K4/1P6/8/7R w - - 3 47,h1h7,1,0
sp000445,B6r/5kb1/p4p1p/P2p1P2/8/1bp4P/1p6/1K1n4 b - - 3 35,c3c2,1,0
sp000760,5K2/2b4q/2P5/8/1p3p2/4p1k1/8/r2n4 b - - 3 108,a1a8,1,0
sp000373,8/8/8/5p2/1p3k2/2Q2P2/5K2/6r1 w - - 1 49,c3e3,1,0
sp002683,3BQ3/rp6/1np4k/5P1p/pP2Bp2/P1K4P/3N4/3R2R1 w - - 6 30,e8h8 e8g6,1,0
sp002585,5r2/p4p1k/2p2n1p/1p6/4qb1P/8/PPP2P2/1K6 b - - 0 27,e4h1 e4e1,1,0
sp001523,8/N3P3/2B2B1p/5K1k/8/3p4/8/n7 w - - 17 69,c6e8 c6f3 e7e8q e7e8b,1,0
sp000836,1Q1N4/2p2B2/2Nk2P1/1K3B2/5b2/4p3/8/r7 w - - 8 72,d8b7,1,0
sp001808,2R5/8/5p2/2p2p2/2n2P1P/2K2k2/4q3/3b4 b - - 6 61,e2c2,1,0
sp001314,K1B3R1/3R4/8/8/8/8/7Q/5k2 w - - 46 107,g8g1 d7d1,1,0
sp002610,Bq6/8/5PN1/4P3/1p1k2P1/2p2Pp1/2K5/q6R b - - 1 44,b4b3,1,0
sp000035,8/8/8/2p1p3/1p2Pn2/1Pn5/r7/2K3k1 b - - 9 50,f4d3 f4e2,1,0
sp001674,7R/3N1kP1/2Q2p2/5P2/4KP2/2p2p2/8/8 w - - 11 50,c6f6,1,0
sp001542,r3kb1r/1ppn1pp1/p4q2/6p1/Q7/P1P2p2/1P3PPP/2KR1B1R w kq - 0 13,a4d7,1,0
sp000237,7R/1B1n4/R7/4kp2/1P3p2/6p1/2KN4/6q1 w - - 0 28,d2f3,1,0
sp002168,7R/8/4kb2/4p3/p2pP3/P2K1p2/5q2/6b1 b - - 17 63,f2e2,1,0
sp001513,3r3B/1k1n4/p4p2/2pb4/R1P2K2/2P2P1P/2Q5/7q b - - 0 27,h1f3,1,0
sp001822,1R4R1/5B2/8/1pp2p2/2P5/k1K2pP1/8/8 w - - 0 35,b8a8,1,0
sp001017,1R6/k3N3/5p2/1P1n1pP1/8/8/3K4/3b2b1 w - - 1 46,e7c6,1,0
sp002761,6Q1/5B2/2Q1K3/8/1p1b4/7k/8/7q w - - 2 60,c6h1,1,0
sp001453,r7/1p6/1B1p2p1/P7/5k2/1PP3p1/4q3/2KN3r b - - 0 32,h1d1,1,0
sp001221,2kBR2r/1ppn4/p6p/5p2/2P2K2/5N2/1P4q1/7b b - - 5 27,g2f3,1,0
sp001730,8/8/6p1/6P1/2p2k2/2p4K/8/r3q3 b - - 15 77,e1g3 e1h1,1,0
sp002422,8/4Q1p1/1p6/p1pk1Pp1/P2N2n1/1PP3P1/1K1N1P2/8 w - - 3 32,e7e6,1,0
sp000583,5K2/7r/6b1/5p2/8/8/4k3/3r4 b - - 27 76,d1d8,1,0
sp001708,8/8/2p3p1/6P1/5k2/2p4K/8/r2q4 b - - 1 61,d1h1,1,0
sp002256,5Q2/8/5n1R/1p3p2/6k1/2P1K1p1/8/1q6 w - - 0 43,f8g7,1,0
sp001227,3BR2r/1k1n4/2p4p/5p2/2P2K2/8/6q1/1q5b b - - 1 35,g2f3 g2f2,1,0
sp001722,8/8/r5p1/6P1/2p2k1K/2p5/3q4/8 b - - 1 70,d2h2,1,0
sp000541,1kr5/1B3QR1/7p/2p1PK2/2P5/Rp5P/6P1/8 w - - 0 32,a3a8,1,0
sp000300,7R/1k4q1/ppp5/5P1p/2P5/P1Q2p2/1P1K1P2/8 w - - 2 29,c3g7,1,0
sp000320,6K1/8/7q/8/5k2/4p3/8/q7 b - - 3 75,h6g7 a1g7 a1a2,1,0
sp002840,2kr4/1pp2pp1/p7/5Kp1/2PN1PP1/R4N2/1P5q/3Q2r1 b - - 6 24,h2f4,1,0
sp000085,3Q2B1/5p2/5P2/4P3/8/4K3/3p4/1qk5 w - - 0 63,d8d2,1,0
sp002463,2Q5/K1p5/1n6/1P2kP2/3q1b2/2p5/2Br4/8 w - - 9 50,c8e6,1,0
sp000542,1kr5/1B3QR1/6Kp/2p1P3/2P5/R6P/1p4P1/8 w - - 0 33,a3a8,1,0
sp000190,8/4k1p1/6Q1/1ppQ1Kp1/2P4r/7P/5PP1/1r6 w - - 2 35,g6f7 d5d6,1,0
sp001720,1Q4Q1/8/8/1q3k2/p4P1P/Kn3P1R/8/8 w - - 6 49,g8f7 b8f8,1,0
sp002913,2k2b1Q/1pp5/p4B2/7p/8/2P2B2/P4PPP/3R1RK1 w - - 0 21,h8f8 d1d8,1,0
sp002907,3R3r/1p1n1Qp1/3k1pPp/1p6/1P6/P4N2/1P4P1/4K2R w K - 0 24,f7d7,1,0
sp002563,3K4/1q6/8/8/1p3P2/8/4k3/7r b - - 9 55,h1h8,1,0
sp000970,7R/1p6/1np5/4kp2/8/4K2P/6r1/1q3q2 b - - 1 42,b6d5 b6c4 g2e2 f1f4 f1d3 f1f2 f1e2 b1e4 b1d3 b1b3 b1e1 b1c1 f5f4,1,0
sp000995,r3kb1r/pp3ppp/5B2/2p5/3p4/P7/1PPN1PPP/R2bKB1R w KQkq - 0 12,f1b5,1,0
sp002083,2B5/4K3/2Np2Q1/3P4/3P4/8/7Q/4k3 w - - 43 72,g6g1 g6b1,1,0
sp001294,8/5B2/2P1K1P1/5p1p/3q1k1P/r7/8/8 b - - 6 58,a3e3,1,0
sp000913,5r2/3K4/2r1P2q/p7/2p5/5k2/8/8 b - - 1 48,h6e6,1,0
sp000513,1Q6/8/2NPK3/5Q2/8/8/2Q5/7k w - - 13 70,b8b1 f5f1,1,0
sp003274,R6R/2b5/K5P1/8/3p1k2/2nP2p1/p5P1/1q6 b - - 3 53,b1b6 a2a1q a2a1r,1,0
sp001543,2k4r/8/ppKQ1p1p/5P2/2n1p3/1N1B1N1P/2r5/8 w - - 0 33,d6c7,1,0
sp000641,r3R1R1/8/8/1Pp2P2/5P2/1kqn1p2/8/1K6 b - - 3 40,a8a1 c3c2 c3b2 c3c1 c3a1,1,0
sp001261,QK5R/3R4/5P2/5B2/8/6p1/6P1/2k5 w - - 7 47,a8a3 a8a1,1,0
sp002380,1Q5R/4k3/1b6/7p/4ppq1/P7/7K/r7 b - - 1 42,g4g3,1,0
sp002185,7R/8/3bk3/4p3/p2pP3/P2K1p2/5q2/6b1 b - - 35 72,f2e2,1,0
sp000421,8/3n2b1/1NQ2pK1/8/1kp2P2/6p1/6b1/R7 w - - 5 37,c6c4,1,0
sp003023,8/8/2p2p2/P6k/3p3P/2P2K2/1PQ4b/5R2 w - - 0 35,c2h7,1,0
sp002430,r2q3r/3n2p1/p2P2P1/4k3/P5K1/7P/8/b1R4b b - - 0 35,d8h4,1,0
sp003200,K7/6R1/2Q5/7p/7P/8/8/4rk2 w - - 13 59,c6f3 c6g2,1,0
sp001340,r2B4/8/4k3/2p1p1p1/4P1P1/2p2p2/p4P2/4K2R b - - 1 32,a2a1q a2a1r,1,0
sp002266,8/2b5/6p1/3n2p1/5kP1/2p1p2K/8/1q6 b - - 3 63,b1h1,1,0
sp002658,5K2/7q/7p/7P/1p6/r7/5k2/8 b - - 21 91,a3a8,1,0
sp001199,R7/8/5N2/P4K2/6pk/2p2pp1/8/8 w - - 0 43,a8h8,1,0
sp001939,5r2/7P/p4b2/P2p2k1/1P3pp1/8/7K/5q2 b - - 0 35,g4g3,1,0
sp002857,7r/4K3/7P/8/1p6/1qk5/8/3q1b2 b - - 0 50,d1d8,1,0
sp001484,7Q/8/2B3kp/4p3/4P3/2P1Kp1P/5P2/q2b3q b - - 0 38,a1c3,1,0
sp000853,5K2/7q/8/2N5/1r6/8/8/5k2 b - - 30 103,b4b8,1,0
sp000115,3Q4/1B5p/1p2kn2/5p2/3P4/R4N1P/1P3PPK/5R2 w - - 1 27,f3g5,1,0
sp003188,8/2bB4/8/8/3kqq2/2p2p2/8/3K4 b - - 13 59,f4d2 e4e2 e4b1 c3c2,1,0
sp001058,3k3r/4b3/2BpQ2p/5P2/2K1np2/p1P2P1P/P2B4/7R w - - 5 32,e6d7,1,0
sp001411,1Q6/4K3/2p3k1/4R1Pp/5P2/2q2P2/8/2b3r1 w - - 0 44,b8g8,1,0
sp003290,8/R7/2Bk1p2/3P1K2/8/1N6/8/8 w - - 9 57,a7d7,1,0
sp000461,4k2r/RpQ5/5r1p/4p1p1/3pP1n1/5N2/1P1N1PP1/4K2R w Kk - 0 23,a7a8,1,0
sp001860,1Q4Q1/3K4/3q1k1p/5p1P/5P2/2n2P2/8/7r w - - 1 50,b8d6,1,0
sp000766,Q6R/8/5pk1/5p2/3p1K2/2P5/2b5/8 w - - 0 41,a8g8,1,0
sp000582,3Rq2k/1p4p1/pN4B1/P4PK1/8/1NP3P1/1PQ5/r2r4 w - - 11 46,d8e8,1,0
sp000954,6r1/1p3p2/pnp2P2/4k3/6R1/1P2K2P/6r1/5q2 b - - 3 31,b6d5 f1e2,1,0
sp002478,R7/3R4/1p2P3/1P5p/7P/4k2K/3q4/6r1 b - - 31 76,d2g2,1,0
sp000101,3R4/8/2Np2P1/3P1P2/p1kPK3/P5Q1/8/R7 w - - 7 41,g3d3,1,0
sp001512,rnQqkb1r/1pp2pp1/p4B1p/4p3/4P3/P1PP4/3N1PPP/R3KB1R w KQkq - 3 13,c8d8,1,0
sp002885,7R/3B4/1n3bk1/4p1p1/4K1P1/8/3q4/r5r1 b - - 11 49,d2e2,1,0
sp000030,7R/2b2B2/2k3P1/1p6/8/2P3p1/3p2P1/6K1 b - - 0 43,d2d1q d2d1r,1,0
sp000505,2k1r2r/P1p5/2Pp2P1/3P4/1p3b1p/4pK1P/2B5/4R3 w - - 0 36,a7a8q a7a8r,1,0
sp000839,1Q1N4/2p2B2/2Nk2P1/K4B2/5b2/4p3/8/6r1 w - - 12 74,b8b4,1,0
sp002969,2k5/1p4R1/2p5/p7/P4p2/Kn6/2q3P1/6q1 b - - 1 43,g1c5 g1c1 g1a1,1,0
sp003011,Q7/8/1N1k1K2/3B4/8/2P3bR/8/r7 w - - 11 61,a8c6,1,0
sp000587,1R1B1N2/r7/2P4p/1b1k1p2/5P1P/2p3p1/8/4K3 b - - 6 38,a7a1,1,0
sp003090,4R3/5p2/1Nq2Ppr/K7/2b2k1P/8/8/8 b - - 12 55,c6b5,1,0
sp002603,8/7k/p1p4p/1p3p1P/1P3b2/2K2P2/P7/3qr3 b - - 0 37,f4e5,1,0
sp001499,R7/4P3/1pp1kP1p/4B3/5K2/3P1B2/3N2q1/n7 w - - 2 36,e7e8q,1,0
sp000945,8/3P4/5PP1/2p2K2/1p1k4/rQ2b3/3r4/8 w - - 15 59,d7d8q d7d8r,1,0
sp000041,3B4/8/2B2PK1/1P6/6k1/2R5/7Q/5q2 w - - 5 53,h2g3,1,0
sp000729,6R1/8/5N2/2p2p2/2Kp4/2nP4/1q6/5kr1 b - - 7 79,b2b5 b2b4,1,0
sp001425,7r/K4p2/P4P2/8/8/5p2/3r4/1q5k b - - 0 89,d2d7 b1b8,1,0
sp001415,r6Q/8/3b3p/4pP2/8/P2K1P2/1k6/R6R w - - 0 30,h1b1,1,0
sp000121,rnbqkb1Q/1ppp4/p4npB/8/3Pp3/2P2p2/PP3PPP/RN2KB1R w KQq - 0 9,h8f8,1,0
sp003033,2B2r2/5pp1/3p1nkp/3pp3/4P3/rPP4P/5qP1/2KR3R b - - 0 21,a3a1,1,0
sp002654,r4r2/1p5k/p1np1bpp/2p5/4KP1P/PNPP1P2/1P6/R2b3q b - - 1 23,h1f3,1,0
sp000289,2Q5/2b5/5Q2/P7/4p1p1/2K2n2/5k2/1q4r1 b - - 0 56,g1c1,1,0
sp001444,7R/8/8/p4p2/Pp1k3p/2n2K1P/8/bq6 b - - 3 47,b1f1,1,0
sp000322,6K1/8/7q/8/5k2/2q1p3/8/8 b - - 7 77,h6g7 c3g7 c3c4 c3b3,1,0
sp001035,4B1B1/5QP1/1q1k1K2/3P4/8/8/8/8 w - - 1 49,f7e7,1,0
sp001330,3r4/1p3p2/p1p2n2/5k2/P1P4P/3P2KR/6P1/2b2r2 b - - 2 31,c1f4,1,0
sp002035,2Q5/5R1p/1pP4r/4b1k1/P7/1NP4P/1P6/2K4R w - - 1 33,c8g4,1,0
sp000124,r7/1p3ppk/p1pp4/8/2PK4/P2P2PP/1P4Q1/4q1R1 b - - 0 26,e1e5,1,0
sp001709,3Q1R2/1k6/1Np5/8/8/8/3n4/2qbKBr1 w - - 9 49,f8f7 d8b8,1,0
sp001766,1Q6/5k2/2Q5/6K1/5PPp/4p2P/8/B7 w - - 1 50,b8e8 c6e8 c6d7 c6f6,1,0
sp001830,r3k2r/2p3bp/p1Pp4/5p2/2n4q/P2K1N2/1P3pP1/R1BQ1B1R b kq - 3 20,h4e4,1,0
sp000126,K7/8/4Q3/8/1Q3b2/8/6p1/2kr2r1 w - - 9 69,e6c6 e6c4,1,0
sp000640,N6r/8/7p/1p6/2p2k2/7P/6PK/2q1b3 b - - 1 37,e1g3,1,0
sp002981,K1Q3Q1/8/8/8/5P2/4p3/8/7k w - - 9 81,c8h3,1,0
sp000407,2r5/7k/p6p/P3p3/2P5/2p4P/K7/1r1q3R b - - 0 35,d1b3 b1a1,1,0
sp003235,4Q3/K2Q2P1/1N3p1k/3q1P2/5P1p/8/8/2r5 w - - 15 67,e8h8 e8g6,1,0
sp001703,8/8/2p3p1/6P1/2p2k2/2q5/6K1/3r4 b - - 1 56,c3g3,1,0
sp002797,3r3r/5B2/1npb1K1k/4p1N1/P3P3/2P5/8/n4R2 w - - 1 32,f1h1,1,0
sp000345,r3k2r/1pp2p1p/p4B2/8/3P1P2/R6P/1PQN2q1/4Kb1R b Kkq - 0 17,g2e2,1,0
sp001729,r3k2r/5pp1/p1p2n1p/3q4/2P2P2/P3K1P1/1P5P/3b4 b kq - 0 21,f6g4,1,0
sp002319,8/8/4P3/1P4k1/2Bq4/1n1p1K1P/3r4/8 b - - 3 49,d4f4,1,0
sp001745,8/8/6p1/6P1/2p2k1K/2p5/8/rq6 b - - 37 88,b1h1,1,0
sp000597,1r6/2qnk3/p4p2/3p1P2/P4p2/2bP4/2K1B3/1r6 b - - 0 30,b8b2 c3a5 c3e1,1,0
sp000465,7r/5k2/p4p2/P4P2/7p/1bp4P/1p1p4/1Kbn3B b - - 1 42,c3c2,1,0
sp001251,2r2Q2/1p5k/p6p/2p1PP2/8/R1P2N1P/2Q2PB1/4KR2 w - - 0 24,f5f6,1,0
sp002078,2Q1R3/1K1n4/5pP1/3k1p2/5P2/2P4p/8/8 w - - 0 43,c8c6,1,0
sp001721,8/4B3/p1k5/Q5Q1/2p5/2K5/8/5b2 w - - 3 38,g5d5,1,0
sp002146,7r/8/p2P3p/P3kp2/4p2R/4K3/8/7q b - - 0 37,h1e1,1,0
sp002742,6R1/8/2k1p2r/4p1K1/4P2P/8/q3Bq2/1q6 b - - 26 59,f2h4 f2f4,1,0
sp002570,2k1B3/1p6/p1p4p/8/1P2qp2/P1P4P/3K1b2/R3r2R b - - 0 30,e4e2,1,0
sp003250,KQ2Q3/8/1q2Qp1k/5P2/5P1p/8/8/2r5 w - - 11 77,e8h8 e8g6,1,0
sp000941,1Q4R1/6p1/5bP1/K1k1p3/4P3/1P1P4/8/8 w - - 1 45,b8b6,1,0
sp002807,rnb1k2r/1p3ppp/p1p5/4P1Q1/8/N5PP/PPP2P2/2KR3q w kq - 0 14,g5d8,1,0
sp002343,3N3r/3n4/5p1p/4kP2/p3Pp2/p1KP3P/6B1/R6R w - - 0 30,d8f7,1,0
sp003060,2k5/pp4Q1/1n6/4PP2/2p2p2/R1P2P2/6B1/3K3R w - - 0 26,h1h8,1,0
sp002131,3B4/PQ1R4/3P1b2/2p1kp2/2P5/4K3/8/7r w - - 1 37,b7d5,1,0
sp003131,8/3n4/2p2p2/1bP2p2/5pk1/r5p1/1b1K4/q6r b - - 15 45,h1h2 a1d1 a1c1,1,0
sp001047,2Bk4/ppp3p1/4r3/5P1p/Q3P1n1/1N3N2/6P1/R3R1K1 w - - 1 27,a4d7,1,0
sp001992,5r2/2b5/6kp/5p2/5p2/1bPK4/8/q7 b - - 1 37,a1d1,1,0
sp000164,5K2/7r/8/8/5N2/2p5/8/rk1n4 b - - 49 102,a1a8,1,0
sp000183,4k2r/1pp1b1pp/5P2/8/2P5/P3QN1P/5PP1/1rR1K2R w Kk - 1 20,e3e7,1,0
sp000309,5K2/7q/8/5p2/5k2/8/6r1/8 b - - 17 89,g2g8,1,0
sp002589,5r2/p4p1k/2p2n1p/1p6/5b1P/2P2q2/PP3P2/1K6 b - - 0 28,f3d1,1,0
sp001461,8/8/1B1p4/8/1PP2kp1/6p1/4q3/2K2N1r b - - 4 42,h1f1,1,0
sp001866,4K3/r7/8/8/1p2pp2/2n3k1/8/7r b - - 43 61,h1h8,1,0
sp002960,Q5R1/8/8/5K2/2p5/2P5/6r1/4b2k w - - 0 45,a8g2,1,0
sp001522,R7/8/1k1K1B2/2p2p2/8/2Q4P/8/4r3 w - - 3 39,c3b3 c3b2,1,0
sp001821,1R4R1/5B2/1p6/2p2p2/2P5/k1K2pp1/5P2/8 w - - 1 34,b8a8,1,0
sp001606,r3k2r/8/p1p5/3P2p1/N4n1b/P7/1P4PK/R2b1R2 b kq - 0 24,h4f2,1,0
sp000157,6R1/6P1/3p1NP1/5B2/p1qk1P2/2p5/2K5/q3r3 b - - 0 40,c4b3 c4e2 c4a2 e1e2 e1c1 a1b2 a1a2 a1d1 a1c1 a1b1,1,0
sp000775,8/p1p2QpP/2p3P1/P1k1p3/2P5/2K3P1/3N1bB1/7r w - - 1 34,f7f8 f7e7 d2e4,1,0
sp002838,Q7/4Q3/2p5/5n2/1p3b2/3k1p1P/5K2/2r4q b - - 0 49,f4g3 h1g2 h1f1 c1f1,1,0
sp000498,B7/8/p7/P2n1p2/7p/1bp4P/1p6/1Kbn2k1 b - - 11 63,c3c2,1,0
sp001204,5R2/8/2p5/8/K4p2/2q5/6k1/4q3 b - - 9 61,c3b4 e1e4 e1d1 e1a1,1,0
sp001588,3R4/8/p7/P4p2/5k2/6q1/3p4/2bb3K b - - 5 60,d1f3,1,0
sp000521,K4Q2/8/5P1P/5B2/8/6b1/5k2/5q2 b - - 2 75,f1a6,1,0
sp001214,8/8/8/1b3p1p/R4PpP/1Nb1k1K1/8/q6r b - - 3 54,a1g1,1,0
sp002548,B7/8/1n1P1p2/5P2/4K3/8/6k1/1rbq1r2 b - - 3 47,f1f4 f1e1 b1b4,1,0
sp002864,7K/8/8/8/1p6/1bk5/3q4/8 b - - 6 62,d2h6,1,0
sp001384,7R/8/5pP1/2p2P2/5K2/5p2/3n4/qk4r1 b - - 1 47,a1e5 a1d4,1,0
sp002590,6Q1/6b1/p2p1p2/p3pP2/k3P2P/P1P5/1P6/1K5R w - - 0 31,g8c4,1,0
sp002517,8/5p2/1p1k1P2/1P5p/5P1P/2qB1Kp1/6P1/8 b - - 7 41,c3d3,1,0
sp003092,1K5Q/3P2P1/3P1k2/p4p2/P4p2/1N3Pp1/8/6r1 w - - 1 47,g7g8q,1,0
sp003036,2B2r2/5pp1/3p1nkp/4p3/3pP1P1/rPP4P/5q2/2KR3R b - - 0 22,a3a1,1,0
sp000247,r2QR3/1p6/p1k3p1/2p5/P4p2/1PP3p1/1K6/5n2 w - - 0 35,e8e6,1,0
sp000455,1Q6/3k4/2Nbp3/4P3/5pP1/P1K5/2Q3B1/8 w - - 1 37,b8d8,1,0
sp002009,2kr2R1/1pp2Bp1/p3N3/4p1N1/1K2P1n1/2PP1n2/6q1/4R3 w - - 0 28,g8d8,1,0
sp001571,5Q2/8/8/6k1/5b2/2p1r1p1/3qn3/1K6 b - - 0 59,d2b2,1,0
sp000799,7N/p1p2Qp1/P1Nk2P1/1K2pBP1/2P5/8/5b2/r7 w - - 5 46,f7f8 f7e7 f7d7 f7e6 f7d5,1,0
sp001420,1Q3K2/8/2p3k1/4R1Pq/5P1p/5P2/8/2b3r1 w - - 6 49,b8b1,1,0
sp003057,rn5R/3b4/2pp4/p3pr2/5p2/PNP2Bk1/RPK2b2/4q1N1 w - - 6 33,h8h3,1,0
sp002250,5Q1Q/3n4/2p4R/5p2/1P4k1/2P1K1p1/8/1q6 w - - 1 41,h8g8 h8g7 f8g8 f8g7 h6g6,1,0
sp000432,6K1/2b5/2p5/5n2/5p2/2q1k3/8/7r b - - 11 74,c3g7,1,0
sp001327,r2Q4/1p3p2/p1p2n2/6k1/P1P5/3P2KP/6PR/2b2r2 b - - 8 29,c1f4,1,0
sp002581,4R3/3Q4/1n3q1k/3B1P1p/2P2P1P/8/2K5/q7 b - - 3 46,f6c3,1,0
sp000544,8/3P4/4k1K1/p7/P6P/8/4n3/Q2R4 w - - 0 62,a1f6,1,0
sp002529,1Q3R2/8/5N2/2N2k2/5P1K/8/8/r5q1 b - - 0 48,g1h2,1,0
sp002451,5R2/4R3/1p2P1P1/1P5p/7P/4k2K/3q4/6r1 b - - 4 50,d2g2,1,0
sp000133,Q7/8/5k2/5p1p/2n2b1P/2PK1p2/4r3/6b1 b - - 3 40,c4e5 c4b2,1,0
sp000083,3rkb1r/1p3ppp/p4n2/4N3/4P1b1/PNP1q3/4B1PP/R3K2R b KQk - 0 16,e3e2,1,0
sp002693,8/pk4p1/1n3p2/3rbBp1/6n1/1KP2PP1/2Q5/r7 b - - 0 29,d5b5,1,0
sp001929,r3k2r/1pp1bppp/p7/4P3/8/5P1q/PPPN2bP/R2R2K1 b kq - 0 14,e7c5,1,0
sp003189,8/2b5/8/1B2q3/3k1q2/2p2p2/8/3K4 b - - 15 60,f4d2,1,0
sp000193,4k2r/4bp2/3p1n1p/4p3/5P2/P1P4P/1PQ3pK/R1R1q3 b k - 2 21,g2g1q,1,0
sp001880,rn2k2r/1p3pb1/pQp2B1p/8/2PpP3/P4P2/1P2b1PP/RN2KB1R w KQkq - 1 14,b6d8,1,0
sp001584,r2q1r2/2pn1p2/p4np1/3Pp2k/p3P1pP/P1P1Q1R1/1P4P1/2K2b1R w - - 2 24,e3g5,1,0
sp001910,8/8/5P1K/2N2p2/2P5/8/4k1r1/1q6 b - - 15 64,b1h1,1,0
sp002506,7R/8/8/5p1p/5k1P/5qpK/8/3br3 b - - 0 57,f3h1 f3f1 e1h1,1,0
sp000145,1k6/4Q3/p1p3P1/N1p5/P7/1KP4P/8/4r2b w - - 3 33,e7b7,1,0
sp001685,R7/2b5/2p3P1/8/5k2/2P4p/p2r4/q4bK1 b - - 3 50,f1a6 f1b5 f1c4 f1d3,1,0
sp001445,r2B1k2/1p4p1/p2p4/8/8/PPP3p1/4q3/2KN3r b - - 0 26,h1d1,1,0
sp000621,r4n1R/1p6/p7/2pk1p2/5Pp1/2n1ppP1/4p3/4K3 b - - 7 32,f3f2,1,0
sp000335,2Q4r/1p1nk1p1/5nPB/5p2/4p3/1qP2b1P/1b1K1P2/7r b - - 1 23,b2c1,1,0
sp003279,Q7/8/2p5/8/1pPp4/3npk2/5q2/K7 b - - 4 49,f2b2,1,0
sp002015,6B1/3Q1QP1/3nP3/3N4/8/1k6/p7/KB5q b - - 1 61,h1b1 a2b1q a2b1r,1,0
sp000578,7R/8/p4b2/P2Pkp2/4p3/1N2Kpp1/4n3/8 b - - 5 48,f6g5,1,0
sp002730,6R1/8/2k1p2r/4p1K1/4P2P/2q5/4Bq2/1q6 b - - 16 54,f2h4 f2f4,1,0
sp001972,3B4/1p1BQ3/1N5p/1p6/p7/P1Pk1p2/1K3P2/7R w - - 3 29,e7e3 h1d1,1,0
sp000148,1k6/4Q3/p1p3r1/N1p5/P6P/2PK4/8/7b w - - 0 36,e7b7,1,0
sp000228,6R1/8/8/4pp2/4k3/2b2p2/3prP2/1K6 b - - 25 57,d2d1q d2d1r,1,0
sp001369,8/2bN4/2p5/1Pr5/P3P3/2pK4/5q2/7k b - - 0 55,f2d2,1,0
sp001176,R4Q2/2q5/2p1k3/4p2p/1P2P3/1N4PP/7K/5q2 w - - 2 32,b3c5,1,0
sp000979,R3R3/1K1k4/P7/P1P2P2/8/8/2B5/3r2b1 w - - 11 47,a8d8 c2a4,1,0
sp000522,B3kb1r/p2nq1pp/3p4/5P2/6b1/2P2p2/PP1NQPPP/R3K2R b KQk - 1 15,e7e2,1,0
sp002809,7K/8/2p5/8/8/1bn1q1k1/8/1r6 b - - 29 83,e3h6,1,0
sp000671,2R5/6p1/4P3/1p1qk1p1/6P1/1np1K1P1/4p3/8 b - - 11 42,e2e1q,1,0
sp003253,1K2Q3/3Q4/5p1k/5P2/5P1p/8/8/2r5 w - - 3 81,e8h8 e8g6,1,0
sp001572,8/8/8/2Q5/5bk1/2p1r1p1/3qn3/1K6 b - - 2 60,d2b2,1,0
sp001574,6B1/3B2P1/1q6/8/1pP2k1K/8/8/1r3b2 b - - 4 45,b6h6,1,0
sp001672,7R/3Nk1P1/5p2/5P2/4KP2/1Qp2p2/8/8 w - - 5 47,b3e6,1,0
sp001241,R3R3/5k2/8/4QB2/2p2P1p/2P4P/7K/8 w - - 9 45,e8f8 e8e7 a8a7 e5e7,1,0
sp001074,2KB1RR1/3P4/2Qb1N2/8/5k2/8/8/8 w - - 29 106,c6e4,1,0
sp003241,K2QQ1Q1/8/5p1k/2q2P2/5P1p/8/8/2r5 w - - 1 72,g8h8 g8g6 e8g6 d8f6,1,0
sp000269,5RK1/p2R4/P7/1b3P2/8/7p/1Q1p4/3k4 w - - 3 59,b2d2,1,0
sp003145,4k2K/4B3/8/5n2/8/7p/3r2q1/8 b - - 1 56,g2g7,1,0
sp001043,QQ6/8/3p1k2/3R1P2/2P1pbK1/5N2/2B3P1/1q6 w - - 0 41,b8f8,1,0
sp002336,7R/8/2N1PP1K/3P4/8/8/4k3/1q4r1 b - - 1 49,b1g6,1,0
sp002077,6k1/4b1p1/6Pp/1P2p3/2PpP2P/2p5/7r/rB2K3 b - - 0 39,a1b1,1,0
sp002955,3Q4/8/8/5Kbk/2p5/n5p1/6P1/7r w - - 5 68,d8g5,1,0
sp000746,8/8/p7/4rpp1/6n1/Kpk3P1/8/4r3 b - - 1 50,e5a5 e1a1,1,0
sp002988,QR6/2k5/1N3p2/3B1Q2/4Kb2/2P5/6r1/5n2 w - - 3 44,f5d7 f5f4,1,0
sp002692,3BQ3/1p1n4/2N4k/2P2P1p/p1K2p2/P6P/2B5/6r1 w - - 0 38,e8h8,1,0
sp000084,7Q/8/3p3K/3P1p1P/8/5p2/5P2/qk4r1 b - - 0 54,a1h8,1,0
sp000957,R3R3/1B6/PK1k4/5p2/P1P2b2/5p2/5P2/6b1 w - - 0 37,a8d8,1,0
sp002402,5K2/7r/2P5/2N5/p7/P7/3r4/6k1 b - - 15 89,d2d8,1,0
sp002920,2B5/8/1n3p2/5p1P/4r3/2kp1pK1/4q3/8 b - - 2 56,e2g2,1,0
sp003055,R5R1/1Q2N1R1/6B1/5K2/8/8/7Q/3k4 w - - 7 128,a8a1 b7h1 b7b1,1,0
sp001976,B2r3R/3kb1p1/p2p1p2/5Kp1/N5P1/P7/1PQ5/R7 w - - 3 24,a4b6 c2c6,1,0
sp001712,8/8/2p3p1/6P1/5k1K/r1p5/8/3q4 b - - 7 64,d1h5 d1g4 d1h1,1,0
sp002452,3B4/3B4/5K2/7k/2p5/2P3Q1/8/8 w - - 1 65,g3g5 g3h3 g3h2,1,0
sp002194,3K4/4P3/1n3b2/8/5kp1/3B2p1/6P1/4q3 b - - 0 99,e1e7,1,0
sp001187,1r6/6bk/2p2p1p/2p2P1P/5pBR/K1Pp1P2/8/4r3 b - - 1 39,e1a1,1,0
sp000845,K2N4/1Qp2B2/2Nk2P1/5B2/5b2/4p3/8/3r4 w - - 24 80,b7b4,1,0
sp001747,8/8/6p1/r5P1/2p2k1K/2p5/8/1q6 b - - 41 90,b1h1,1,0
sp000313,K2Q4/3N4/7P/5p2/3pp1k1/5pp1/6P1/7R w - - 0 45,d8h4 h1h4,1,0
sp002459,8/3QK1R1/8/7p/7P/2p5/8/1r5k w - - 5 93,d7h3,1,0
sp002122,r2Bk2r/ppQ3p1/1n6/5p2/P6P/1PP2p2/1K2b3/4r2R w kq - 0 27,c7e7,1,0
sp000372,r3kr2/1pQ5/3P1p1p/p4K2/8/1bB5/1P6/8 w q - 0 38,c7e7,1,0
sp003137,1B2k2q/8/8/6K1/5P1p/4n2P/3r4/8 b - - 3 48,d2g2,1,0
sp000138,Q7/8/1n6/4kp1p/5b1P/2PK1p2/4r3/6b1 b - - 7 42,e2d2,1,0
sp002058,k7/2QK4/1p6/1P6/1P3p2/6b1/2Bp4/6br w - - 7 50,c2e4,1,0
sp002171,R7/8/4kb2/4p3/p2pP3/P2K1p2/5q2/6b1 b - - 21 65,f2e2,1,0
sp001566,8/8/5r1k/6p1/5bP1/2p1r3/3qn3/1K6 b - - 11 55,d2b2,1,0
sp002069,r1k5/ppB1Qp2/2b4p/8/5P2/P1P1p2P/1P1N4/2KR4 w - - 1 22,e7d8,1,0
sp001521,8/N3P3/5B1p/5K1k/8/3p4/2n5/7B w - - 15 68,h1f3 e7e8q e7e8b,1,0
sp001888,1Q6/6b1/8/3BpP2/4K3/k5p1/6P1/8 w - - 2 41,b8b3,1,0
sp002688,3BQ3/1p1n4/1r5k/2P2P1p/p2K1p2/P4N1P/2B5/3R2R1 w - - 1 34,e8h8,1,0
sp000610,1R1K4/5Q2/2N3P1/5P2/8/8/7R/5k2 w - - 38 85,b8b1,1,0
sp000659,7K/8/2p2Pq1/8/7P/8/3rk1r1/7r b - - 1 65,g6g8 g6h6 g6h5 d2d8 h1h4,1,0
sp001355,4k3/1r1n2p1/1p3p2/3P2p1/4PpP1/2n4r/5K1P/7q b - - 0 26,h3f3 h3h2,1,0
sp002836,8/8/P1p2Q2/4b3/1p2k3/4np1P/5K2/2r4q b - - 1 46,e3d1 h1h2 h1g2 h1g1 h1f1 h1e1 c1c2 c1f1,1,0
sp000063,5Nk1/3Q2P1/5P2/8/8/2P5/8/r1b1K3 w - - 3 38,d7e6 d7d5,1,0
sp001231,2k5/1pp1Pp2/8/7p/4P3/2PB1N1P/2Q2P1K/5R2 w - - 0 28,e7e8q,1,0
sp002930,8/8/3k1p2/1P3B2/2n1Kp2/3Nb3/8/1q5R b - - 7 48,c4d2 b1h1,1,0
sp002975,BR6/2k5/2pb1p2/P4Q2/6K1/2N2pn1/2P5/7r w - - 4 34,b8c8 f5c8,1,0
sp000922,3k4/1p6/pN1K1PB1/8/2p5/4Q3/8/r5r1 w - - 6 52,e3e8 e3e7,1,0
sp002762,6Q1/5B2/4K3/3Q4/1p1b4/7k/8/6q1 w - - 4 61,d5h5,1,0
sp003091,Q7/8/2B2pk1/1P3p2/3N1P2/1P3K1R/8/7R w - - 1 40,a8g8,1,0
sp002116,Q2B3r/P5b1/8/R1pPkp2/2P5/4K3/6b1/7q w - - 0 30,a8b8,1,0
sp002847,8/8/P6p/1R1P1p1P/2P2pk1/6p1/5bK1/1r6 b - - 2 39,b1g1 f4f3,1,0
sp000272,5RK1/p2R4/P7/5P2/8/2Q4p/3p4/3k1b2 w - - 5 60,c3d2,1,0
sp003082,8/5p2/1p3P1p/1k3B2/R2K1P2/2P2P2/2r5/4r3 w - - 2 42,f5d7,1,0
sp001206,2R5/8/2p5/8/2K2p2/8/8/3qq2k b - - 15 64,d1d5,1,0
sp002388,8/8/1nP2r1P/4Kpk1/8/1qP2p2/8/q7 b - - 0 40,b3d5 b3c3 a1c3,1,0
sp001553,R7/2bn2P1/1p6/2p2p2/5k2/1Pn1pp2/4b2r/4K1R1 b - - 1 38,f3f2,1,0
sp000639,r3R2R/8/8/1Pp2P2/2k2P2/2qn1p2/8/1K6 b - - 1 39,a8a1 c3b3 c3b2 c3c1,1,0
sp002469,2Q5/K7/1n6/1P2kP2/3q1b2/2p5/2Br4/8 w - - 3 54,c8e6,1,0
sp001053,8/8/8/8/3pp3/1p1k4/r7/2Kb1q2 b - - 3 47,d1h5 d1g4 d1f3 d1e2 d1c2,1,0
sp002794,8/1k6/n1p4p/P7/1pK3p1/2P2b2/5P2/3r4 b - - 0 33,f3d5,1,0
sp002151,1QQ5/3R4/3Pk3/2p2p2/2P2K1B/8/8/6r1 w - - 5 49,c8e8 d7h7 d7g7 d7e7 d7b7 d7a7,1,0
sp000146,1k6/4Q3/p1p3P1/N1p5/P1K5/2P4P/8/3r3b w - - 5 34,e7b7,1,0
sp001319,7r/3K4/8/2P1k3/4pp2/6p1/8/1q6 b - - 1 51,b1b7,1,0
sp001304,RQ6/8/1nN2k2/2p2P2/5PB1/2P5/5K2/1q1b4 w - - 5 39,b8f8,1,0
sp001394,6R1/8/1n3pP1/5P2/5q2/2p5/4K3/1k3rr1 b - - 17 63,f4e4 f4f3 f4d2,1,0
sp000040,BQ1Bk2K/R7/2P5/3n4/5P2/7p/8/8 w - - 15 53,d8f6 d8b6 d8g5 d8a5 d8h4,1,0
sp003139,8/3n4/2p2p2/2P2p2/5pk1/1b4p1/rb2K3/q6r b - - 21 48,a1d1,1,0
sp002498,1Q5b/3KN3/5k2/5P2/5P1p/3p3P/8/3n4 w - - 0 41,b8f8,1,0
sp002224,8/P7/1p2kbp1/4p1p1/4K1P1/2P5/5q2/1n5r b - - 0 39,f2e2,1,0
sp000828,7r/8/8/1P2k1q1/5p2/2p4P/7K/3b1R1B b - - 1 43,g5g3,1,0
sp002745,B3Q1B1/8/5k2/3P1P2/1p3P1p/1N5P/1K6/R6R w - - 7 43,e8f8 e8f7 e8e5,1,0
sp002602,Q6R/3nk1p1/1p1r1p2/2pP4/R1P3p1/5pP1/1P3P2/4K3 w - - 0 24,a8e8,1,0
sp002043,R1B3k1/4R3/2p4p/5P2/P4b1P/2P3p1/1p4P1/1K1b4 w - - 0 36,c8e6,1,0
sp002042,R1B3k1/4R3/2p4p/5P2/5b1P/PpP3p1/6P1/1K1b4 w - - 0 35,c8e6,1,0
sp001321,2k5/1p1n1p2/p1p2n1b/4P3/P4p2/1Pq5/2Q1p1P1/2K5 b - - 0 30,e2e1q e2e1r,1,0
sp002833,8/8/2p2Q2/1p2b3/P3kp2/4n2P/4K3/2Rr3q b - - 0 43,h1f3 h1h2 h1g2 h1f1 h1e1,1,0
sp002030,2Q5/2p2R1p/1p4kr/3Pb3/8/PNP4P/1P6/2K4R w - - 1 31,c8f5,1,0
sp002135,r2B3Q/1p6/pP5P/1b3p2/4k3/1PP2p2/1K6/4r2R w - - 1 33,h8d4,1,0
sp001734,1Q6/8/2K5/N2P4/6p1/6P1/7R/1q3k2 w - - 1 44,b8b1,1,0
sp002785,8/8/2Q5/5k2/2B2P2/6K1/8/3q4 w - - 2 49,c6e6,1,0
sp002615,r2B4/6p1/6Pk/5K2/p5R1/P1p1p3/1P6/3r1n2 w - - 0 38,g4h4,1,0
sp001663,1Q1R2K1/R7/8/2k2P2/5P2/2P5/8/3q4 w - - 2 65,a7c7,1,0
sp002310,6Q1/2p3b1/P1P2p2/5pk1/2PN3p/5K2/3r4/7r b - - 1 39,h1h3,1,0
sp000608,1r6/3n4/p1q2p2/4kP2/P2p1p2/3P4/3K4/br6 b - - 1 35,b8b2 c6g2,1,0
sp001999,8/8/2r5/4PK2/8/4k1Bp/8/3q4 b - - 4 66,d1h5,1,0
sp003206,8/4K3/3P2Q1/7p/7P/4p3/5k2/7Q w - - 14 76,g6g2,1,0
sp000430,5RK1/8/5q2/8/8/8/5k2/7r b - - 29 103,h1h8,1,0
sp000620,r4n2/1p6/p1k5/2p2p2/5Pp1/2n1ppP1/4p3/4K2R b - - 5 31,f3f2,1,0
sp002239,7Q/2k1B3/1p4P1/2p2p1p/5n2/P4N2/1P5K/R4q2 b - - 1 28,f1g2,1,0
sp001482,7r/8/p2P2p1/Pp6/1P2pNK1/2k2n2/2q2b2/7r b - - 8 45,h8h4 h1h4,1,0
sp001549,3R4/ppp5/3N2p1/1B1k2N1/5Pn1/P1P3P1/1KQ5/6rq w - - 1 31,d6b7 d6e4,1,0
sp001878,5bR1/3nk1p1/3p1pQ1/1PpP4/8/2P2NB1/1PKp2PR/r7 b - - 2 25,d2d1q,1,0
sp000811,3N4/p1p5/P1N3P1/1K1kpBP1/1Q1b4/8/8/7r w - - 17 56,c6e7,1,0
sp000429,8/8/p4r1p/P6P/4p3/K1p3k1/8/1r1q4 b - - 15 54,d1b3,1,0
sp003141,8/3n4/2p2p2/2P2p2/5pk1/1b4p1/rb2K3/q6r b - - 25 50,a1d1,1,0
sp002554,1K6/3P4/2N2k1P/8/8/Q7/5b2/1Q6 w - - 13 55,a3e7,1,0
sp000885,R7/2bRK3/6Q1/5B2/8/5Q2/8/2k5 w - - 11 85,f3c3 f3a3,1,0
sp002922,Q7/3k4/2pP4/2P2p2/4p3/1Q3pp1/7p/7K w - - 0 42,b3f7,1,0
sp002626,Q7/K1k2p2/3p1b2/3Pp3/3PP3/5B2/5P2/7r b - - 0 40,h1a1,1,0
sp000849,6k1/1p4p1/p5Bp/2pn4/7P/2P2p2/1K1N4/4R3 w - - 1 27,e1e8,1,0
sp003115,3r1b1r/1pp5/p1P2k1p/5pp1/2P1p1b1/P1N1Kp1P/1P4P1/R4B1R b - - 1 18,f8c5,1,0
sp001631,7K/8/5P2/8/8/8/4nkr1/1r6 b - - 0 60,b1h1,1,0
sp002037,1Q4R1/4k3/4P1K1/8/1Pb2P2/6pp/8/8 w - - 0 52,g8e8,1,0
sp002959,KQ6/8/8/8/5P2/2p1p3/6Q1/3k3q w - - 2 66,b8b1,1,0
sp000827,r6r/5Qp1/1p5p/pkp1N3/3bp1p1/PP3pP1/2K2P2/7R w - - 2 28,f7c4,1,0
sp002773,r3k1r1/2p4Q/p4p2/1p4b1/1BPp1P2/P5P1/1P1N2bP/R3K3 w Qq - 0 20,h7e7,1,0
sp001850,8/1p4k1/5p1p/P4K2/1P3P1P/2n2P2/3q4/7r b - - 0 38,d2d7,1,0
sp002154,8/8/5k2/5P2/5K2/2b4P/8/1q3n1B b - - 1 52,b1f5,1,0
sp000114,2r5/8/ppp5/5p2/5qk1/P1PP2p1/1P4K1/7R b - - 1 36,f4f2,1,0
sp003083,2B3K1/5N2/4QP2/8/1p3k2/1bn1p3/8/7q w - - 15 66,e6g4,1,0
sp002935,r7/1B6/p1p2PP1/8/5k2/2Pn3K/8/q7 b - - 1 42,a1h1,1,0
sp003084,rn2k2r/1pQ3pp/p2P4/5pK1/8/P4N1P/1P3p2/R6b w kq - 0 21,c7e7,1,0
sp000787,1K2R3/8/8/8/8/2p5/4qp1Q/3b1k2 w - - 2 70,h2h1,1,0
sp001767,b3k1K1/8/8/4q1p1/6P1/4p3/7r/r7 b - - 5 56,a8d5 e5h8 h2h8,1,0
sp002854,4r2k/1p6/1n5K/3p1q2/1P2p3/2pp4/5b2/r7 b - - 7 45,e8e6 f2e3 a1h1,1,0
sp002398,8/3P3Q/p7/P3q2n/5bk1/1bP3p1/1Pp3P1/6K1 b - - 4 38,e5e1 c2c1q c2c1r,1,0
sp001069,5K2/4QQ2/8/p7/P7/4p3/4kq2/7q b - - 15 70,h1h8,1,0
sp000902,2b1Q3/1p4p1/rn4P1/p4p2/2p2p2/4r1k1/PPP1p1q1/2K5 b - - 4 35,e2e1q e2e1r,1,0
sp001509,5K2/7r/8/3N4/8/2p5/3n1k2/q7 b - - 15 90,a1a8,1,0
sp000343,4Q2B/1p1n4/3k2P1/5p2/4p3/1qn2b1P/1b1K1P2/7r b - - 0 26,c3b1 b2c1,1,0
sp001733,3Q4/4B3/k7/2K5/2p5/8/8/8 w - - 3 48,d8a8 d8b6,1,0
sp000890,2b5/rp4p1/pn4Pk/5p1P/2p2p2/4r3/PPP1p1q1/2K5 b - - 0 30,e2e1q e2e1r,1,0
sp003109,Q7/1p6/1n3k1p/1P1P1p2/8/5p1P/2q2P2/R3K2R b KQ - 0 27,c2e2,1,0
sp002396,R6K/3P3P/2P5/8/8/1N6/7R/4k3 w - - 5 144,a8a1,1,0
sp002002,B3k3/3nP3/2N2p2/5Np1/6P1/2P2P2/2K3P1/q7 w - - 0 39,f5d6,1,0
sp001838,4R3/kP2N3/2K5/1P3P2/8/4p1p1/4r3/n7 w - - 3 41,e8a8 b7b8q,1,0
sp001188,4R3/5pp1/6k1/p3b1P1/P4pP1/1NP1n3/1P3K2/7q b - - 0 28,h1f1,1,0
sp002126,1R6/8/k2b4/3Pp3/p2pP3/P2K1pp1/5q2/8 b - - 1 40,f2e2,1,0
sp002280,8/1p6/2pkP2p/p7/P1p1K2P/2P5/8/3q1r2 b - - 0 34,d1d3,1,0
sp001614,r7/pk6/2N2p1p/4pK2/4Pn1P/2RP1P2/4B3/6q1 b - - 0 32,g1g6,1,0
sp000402,4k2r/4B3/1nP2p1p/2p2Q2/4KP2/7P/r4q2/R7 b k - 0 29,f2e2,1,0
sp000033,r4rk1/1pp3p1/p2b4/3P1pp1/2B2n2/P1P1K2P/RP1N1p1R/3b4 b - - 1 22,d6c5,1,0
sp003205,8/4K3/3P2Q1/7p/7P/4p3/4k3/7Q w - - 8 73,g6c2,1,0
sp003094,Q7/1P6/2B2pk1/1P3p2/3N1P2/5K1R/8/7R w - - 1 44,a8g8,1,0
sp000906,BQ5R/6k1/3p4/3P1Q2/8/b1P2p2/2K2P2/8 w - - 1 39,h8h7 b8g8 b8f8,1,0
sp000812,2Q5/q7/6k1/1b6/7K/8/3p4/6r1 b - - 2 55,a7h7,1,0
sp000347,r3r3/5pk1/p2b1n1p/3P4/5P2/2P2B1P/PKP4R/3q4 b - - 0 27,e8b8 a8b8,1,0
sp000270,r4N2/1p6/pnpp1kpp/4p3/1P2P2P/2KPn3/P1P4q/R7 b - - 0 30,h2c2,1,0
sp000357,Q2Q4/R7/5p1k/5B1p/4KP1P/5N2/5R2/6q1 w - - 5 46,d8h8 a7h7,1,0
sp002617,2R1n1k1/5ppp/pQ6/4p3/1P2P3/5N1P/1P2BPP1/4K2R w K - 1 21,c8e8,1,0
sp002909,2BQ4/8/1n3p2/5p2/1r1p1K1P/1q3p2/3kq3/8 b - - 9 45,e2e5,1,0
sp002313,1Q5r/5k2/pBP2P2/5KP1/5P2/2b2p2/4bn2/8 b - - 0 37,e2d3,1,0
sp002568,6k1/2b2p2/2Qp1Pp1/4p1Np/4P2P/K1P5/8/1r1R3R w - - 2 30,c6e8,1,0
sp000683,4K3/8/5P2/8/1q4q1/2b3p1/3rk3/8 b - - 0 67,g4g8 g4d7 g4e6,1,0
sp000638,r3R2R/8/8/1Pp2P2/2k2P2/2Pn1p2/2K5/q7 b - - 1 38,a8a2 a1c1,1,0
sp002815,B4Q2/3RK3/8/8/8/2p1k3/8/3r4 w - - 7 107,f8f3,1,0
sp001373,q4B2/7k/3p1n2/5p2/2P2bp1/1KP2p1P/2R2P2/r6R b - - 4 32,a8b8 a8b7 a8a3,1,0
sp001237,7R/8/1npk1Pp1/2p3P1/4K3/3P1Bp1/8/q7 b - - 1 41,a1e5 a1d4,1,0
sp000155,6R1/6P1/3p1N2/p4BP1/2qk1P2/2p5/2K5/q3r3 b - - 0 39,c4a4 c4a2 e1e2 e1c1 a1a4 a1b2 a1a2 a1d1 a1c1 a1b1,1,0
sp001748,8/8/6p1/6P1/r1p2k2/2p4K/8/1q6 b - - 43 91,b1h1,1,0
sp002039,3Bk3/3p2b1/r2P2p1/3RP3/1PN2pP1/1KP5/2P5/q7 b - - 1 29,a1a2,1,0
sp003121,7r/3n4/r1p2p2/2P2p2/5pk1/5bp1/1b1K4/q7 b - - 3 39,a1d1,1,0
sp003113,r3k2r/ppp2pQ1/5P2/q3b3/8/2P2p2/P4PPP/2KR1B1R w kq - 1 18,g7h8,1,0
sp003130,4k3/5p2/5PP1/2pq4/2P5/8/r1p1K3/rq6 b - - 4 41,b1e1 c2c1q,1,0
sp001408,Q7/8/2BP1pPk/5P2/5PK1/6P1/8/6r1 w - - 1 44,a8h8 a8f8,1,0
sp001381,1Q5R/6b1/k4pP1/2p2p1p/8/1PP2p2/2K2P2/7R w - - 1 29,h1a1,1,0
sp001942,2R4N/7P/3p4/1P1P4/5P2/5kpK/8/r7 b - - 2 51,a1h1,1,0
sp001971,1RB3RK/8/8/8/8/8/4k3/2q5 b - - 1 82,c1h6,1,0
sp002298,Q6R/3R2Q1/8/5P2/2p1Bk2/1PP5/2Q5/4K3 w - - 5 56,c2f2 c2d2 c2c1,1,0
sp000408,2r5/7k/p6p/P7/2P1p3/K1p4P/8/1r1q3R b - - 1 36,d1b3,1,0
sp000446,r3k2r/3N2p1/2pp1b1p/p7/4Ppp1/PPPP4/2q3P1/R3KB1R b KQkq - 0 21,f6c3,1,0
sp001699,8/8/2p3p1/2p3P1/5k2/2q5/6K1/2r5 b - - 17 54,c3g3,1,0
sp001226,4R2r/1k1n4/2p4p/5p2/2P2K1B/8/1p4q1/7b b - - 1 34,g2f3,1,0
sp001346,4Q3/3P1pQ1/2P2P2/5K2/8/8/7Q/5k2 w - - 3 81,e8e2 g7g2 g7g1 h2f4 h2g2 h2e2 h2g1,1,0
sp001652,8/8/p7/P6p/5p1P/1b5K/1n3k2/4b1bB b - - 3 57,b3e6,1,0
sp001240,6BK/3R1BP1/2P1P3/8/8/8/2Q5/k7 w - - 3 98,d7a7 d7d1,1,0
sp000291,2Q5/2b5/P4Q2/8/4p3/2K2np1/5k2/1q4r1 b - - 0 57,g1c1,1,0
sp002143,7R/8/3bk3/4p3/p2pP3/P2K1pp1/5q2/8 b - - 9 51,f2e2,1,0
sp000736,4K2R/7q/2p5/2P5/2P5/2n4p/8/r4k2 b - - 3 81,a1a8,1,0
sp001262,8/8/B1P5/1p3p1k/1P3P2/1P5K/8/4qn2 b - - 13 46,e1g3,1,0
sp000198,2Q5/6b1/2P4k/5Kp1/5pP1/2q5/8/8 b - - 2 47,c3e5,1,0
sp000982,3RQ3/3q1B2/1pkb4/p1p5/2K2p2/P2P4/3R4/8 w - - 4 36,e8d7,1,0
sp001959,6r1/8/pp6/5PP1/4BK2/N1Pp3k/1P6/5R2 w - - 0 39,f1h1,1,0
sp000471,8/6k1/p4p2/P4P1r/7p/1bp4P/1p1pB3/1Kbn4 b - - 9 46,c3c2,1,0
sp001202,4R3/8/2p5/8/K4p2/2q5/6k1/4q3 b - - 3 58,c3b4 e1d1 e1a1,1,0
sp000532,8/8/1kB2P2/4p3/5p2/K4P2/p7/1r5r b - - 5 40,a2a1q a2a1r,1,0
sp003111,8/1p6/1n5p/1P1P1p2/5k2/2Q2p1P/2q2P2/R3K2R b KQ - 4 29,c2e2,1,0
sp001618,r4r2/1p1n2p1/p1q5/6N1/4p1k1/P2p2P1/RPPK1b1P/R7 b - - 5 28,c6c2,1,0
sp001479,7r/1k6/p2P2p1/Pp4N1/1P2p1K1/5n2/2q2b2/7r b - - 0 41,h8h4 h1h4,1,0
sp001186,6R1/8/4k3/4p2P/4P3/5K2/8/1q4q1 b - - 0 50,b1d3 b1f1 b1d1,1,0
sp003288,2QQ4/3PbB2/2KpNk2/4pN2/4P3/1P3n2/8/7r w - - 11 58,d8e7,1,0
sp003187,K7/P7/4nk1r/4Np1p/2P2P1P/5P2/8/1q6 b - - 6 41,h6h8 e6c7,1,0
sp000672,3R4/6p1/4P3/1p2k1p1/6P1/1np1K1P1/4p3/3q4 b - - 13 43,e2e1q,1,0
sp001105,3RR3/1k4br/p1p4p/P1p2p2/8/2n2N1P/5PPK/8 w - - 0 28,e8e7 d8d7,1,0
sp000169,R7/8/p4p2/P3kP2/3R4/3KNp2/5b2/8 w - - 0 44,a8e8,1,0
sp000147,1k6/4Q3/p1p3P1/N1p5/P1K4P/2P5/8/6rb w - - 1 35,e7b7,1,0
sp003299,8/6p1/5qP1/8/6K1/3Bk3/3n1q2/8 b - - 13 74,f6h4 f2h4 f2f3,1,0
sp001386,Q3Q3/8/2K5/5k2/5bp1/2P3p1/4q3/1q6 b - - 3 54,e2b5 b1b5,1,0
sp000384,2k5/1pq5/p1p4K/3rb2P/P4p2/2PP4/2R5/5n2 b - - 0 40,c7g7,1,0
sp001505,R7/4P3/1pp1kP1p/4B3/4K3/3P1B2/2nN4/8 w - - 9 41,e7e8q,1,0
sp001383,5K1k/8/8/6N1/1p6/p1b4P/P1B5/8 w - - 9 40,g5f7,1,0
sp001366,r7/8/2p4p/7P/p4k1K/2n5/8/q4r2 b - - 3 41,f1h1,1,0
sp001112,B7/2b5/8/8/6r1/3Kp1k1/5q2/8 b - - 35 82,f2d2,1,0
sp000619,Q7/2kP1Q2/p4P2/8/8/6p1/6P1/r3R1K1 b - - 8 44,a1e1,1,0
sp000568,k1B4K/5QP1/8/2p5/q1P5/8/8/8 w - - 1 56,f7b7,1,0
sp000037,BQ1Bk2K/1R6/2P2n2/8/5P2/7p/8/8 w - - 13 52,d8f6 d8b6 d8a5,1,0
sp003219,3QQ3/6k1/1N3pP1/5P2/2K2P1p/8/3q4/7r w - - 4 52,e8h8 e8f8,1,0
sp003158,5r2/6k1/r4pPp/2p1bP2/2P1p2P/P3K3/5P2/1qR5 b - - 6 31,b1d3,1,0
sp001539,5Q2/8/8/4k2K/1P6/4b2R/3q4/6q1 b - - 6 56,g1g5,1,0
sp000852,K2N2B1/1Qp2B2/2Nk4/5B2/5b2/4p3/8/6r1 w - - 5 85,b7b4,1,0
sp000731,R7/8/5N2/2p2p2/2Kp4/2nP4/8/1q3kr1 b - - 9 80,b1b5 b1b4,1,0
sp002204,3Q3R/6k1/2q5/5K2/8/8/8/8 w - - 2 64,d8g8 d8f8,1,0
sp001526,8/4P3/2B2B1p/5K1k/8/2Np4/8/n7 w - - 21 71,c6e8 c6f3 e7e8q e7e8b,1,0
sp001784,R1B1k1K1/2p5/2p5/6P1/2P5/5p2/8/1q5r b - - 0 43,b1h7 b1g6,1,0
sp002623,3Q2K1/3N4/8/3Q4/5k2/5p2/5P2/8 w - - 25 92,d8g5 d8h4,1,0
sp001879,5bRR/3nk1p1/3p1pQ1/1PpP4/8/2P2NB1/1PKp2P1/7r b - - 4 26,d2d1q,1,0
sp002639,8/4R3/4P2p/5B2/1p1p1KQ1/8/3k4/6q1 b - - 14 52,g1e3,1,0
sp002986,3N4/3RK3/pBP5/P7/4QP2/8/4n3/5k2 w - - 15 73,d7d1,1,0
sp002685,3BQ3/rp1n4/2p4k/5P1p/pP1KBp2/P6P/3N4/3R2R1 w - - 8 31,e8h8 e8g6,1,0
sp002489,7Q/3kb1p1/p2p3p/4p3/8/PP3B2/3N1nP1/2R1K2R w K - 0 25,h8c8,1,0
sp002873,3B1N2/8/2p4p/1p4p1/1P3kP1/r1pRnP1R/5b2/1K6 w - - 0 32,f8g6 d8c7,1,0
sp000173,2r4R/1pp2p2/5Pk1/6P1/p4pK1/R1PP1N2/2Q5/3r4 w - - 5 33,h8h6 f3e5 f3h4,1,0
sp003004,2BQQ3/8/R4p2/4p1k1/2P1P3/2P2K2/8/8 w - - 9 57,d8f6,1,0
sp001503,r1k4r/2p5/p1P5/P4pP1/R4K2/7P/8/Q6q w - - 0 34,a1h8,1,0
sp001290,8/4N3/8/8/8/7k/8/2qQ3K b - - 1 91,c1d1,1,0
sp002288,1Q5r/2p1Bk2/p4P1p/3P1KP1/5P2/8/3Nb1P1/b6n b - - 0 29,h1g3,1,0
sp001064,5K2/3P1Q1q/2P5/p7/P7/4p3/5q2/3k4 b - - 3 60,h7f7 f2f7,1,0
sp002790,7r/3n1p2/p1k2P2/1p6/PP1K4/7P/3bb3/R6R b - - 0 27,h8h4,1,0
sp000843,1r6/4K1R1/8/1P6/8/8/3p3R/r3k3 w - - 7 60,g7g1,1,0
sp000167,5K2/7r/8/2N5/8/2p5/8/rk1n4 b - - 53 104,a1a8,1,0
sp000174,R7/8/5N2/5PQ1/4K3/8/4kp2/7R w - - 0 59,a8a2 g5e3,1,0
sp000077,2k2r2/p5Qp/8/2pBP3/NB6/P1K3p1/6P1/R4R2 w - - 3 30,f1f8,1,0
sp001141,7r/8/p1p5/P4p2/4pq2/4p1k1/1PP5/3K4 b - - 0 40,f4f1,1,0
sp000633,1Q6/2pkr3/8/1p3pP1/5QP1/RN5P/6BK/r3r3 w - - 1 41,b3c5,1,0
sp000472,8/8/p4p1k/P4P1B/7p/1bp4P/1p1p4/1Kbn4 b - - 0 47,c3c2,1,0
sp001422,6R1/8/8/1P3K2/7k/5p2/5P2/3q2b1 w - - 4 56,g8h8,1,0
sp002642,8/4R3/4P3/5BQp/1p1p1K2/8/3k4/6q1 b - - 1 53,g1e3,1,0
sp003024,8/8/2p2p2/P2P4/8/5K1k/1PQ4b/5R2 w - - 1 37,c2h7,1,0
sp002134,6R1/8/1k1b4/3Pp3/p2pP3/P2K1pp1/5q2/8 b - - 9 44,f2e2,1,0
sp002678,r2BQ3/1pp5/1n5k/5P1p/pP3p2/P4B1P/3N4/R3K1R1 w Q - 2 26,e8h8 e8g6 e8h5,1,0
sp000547,4Q3/1p4p1/1n5p/pbp5/2k2P2/PNP5/1K4PP/7R w - - 0 27,e8e4,1,0
sp001051,2Bk4/ppp3p1/8/1Q3P1p/4r1n1/1N3N2/6P1/R3R1K1 w - - 0 28,b5d7,1,0
sp000475,8/3R2K1/6P1/5p2/5P2/8/7R/5k2 w - - 11 63,d7d1,1,0
sp001856,1Q6/3K4/1P3k1p/5p1P/5P2/2n2P2/8/q6r w - - 1 47,b8f8,1,0
sp001126,5K2/8/2b5/5Q2/8/2Q5/8/3k2r1 w - - 9 66,f5d3 f5c2,1,0
sp000090,3Q2R1/5k2/8/4K1b1/2p4n/2P5/8/8 w - - 6 47,d8f8 d8e8,1,0
sp000334,6R1/8/5K1k/5p1p/7P/2pp4/3r4/8 w - - 10 48,g8h8,1,0
sp002571,1R1b2k1/5p2/2Qp1Pp1/4p1Np/4P2P/K1P5/8/7R w - - 3 32,b8d8 c6e8,1,0
sp001625,5R2/1p6/pn6/5p2/1K4P1/PP1p3P/4kb2/q7 b - - 0 42,a1e1,1,0
sp001949,1R6/8/2Np4/3PbB2/2k1K3/1Np2p2/8/1R4n1 w - - 0 52,b8b4 c6a5,1,0
sp000411,2r5/8/p5kp/P7/2P1p3/K1p4P/8/1r1q1R2 b - - 3 37,d1b3,1,0
sp000747,7K/8/rnp2n2/5q2/1P1kp3/P4pP1/1P5P/2R4R b - - 2 28,f5h7,1,0
sp002821,7K/8/2p5/r7/8/1b6/4n1q1/7k b - - 69 103,a5h5 g2g8,1,0
sp001147,8/8/p1p5/P4p2/4pq2/1PP1p1k1/4K3/7r b - - 0 43,f4f3 f4f2,1,0
sp001239,8/8/1npk1Pp1/2p3P1/1q1PK2R/5Bp1/8/8 b - - 0 43,b4d4,1,0
sp000814,4b3/8/8/3q1p2/5Pk1/2p5/5K2/r7 b - - 12 60,d5f3 d5d2,1,0
sp002660,4K3/7q/7p/7P/1p6/8/r4k2/8 b - - 23 92,a2a8,1,0
sp002492,2R4Q/3kb1p1/p2p3p/4p3/8/PP3B2/3N2P1/4K2n w - - 0 26,f3g4,1,0
sp000488,2Q4r/8/8/1P2k2p/1p1p1p2/3P1p2/2q5/4K1b1 b - - 0 42,c2e2,1,0
sp000781,8/4Q3/1Pp5/2P2p2/1p6/2PK4/5kp1/2R5 w - - 0 51,e7e3,1,0
sp000401,8/1p3ppk/p1p4p/1b1n4/2P2P1P/6P1/1b2r3/1K6 b - - 0 27,d5c3,1,0
sp002508,6R1/8/8/5p1p/5k1P/6pK/4q3/3br3 b - - 2 58,e2h2 e2f1 e1h1,1,0
sp002165,6R1/8/4kb2/4p3/p2pP3/P2K1p2/5q2/6b1 b - - 13 61,f2e2,1,0
sp002768,6RK/8/4p3/4p3/4P2P/2k5/1q4q1/7q b - - 67 102,h1h4,1,0
sp000010,B6Q/4B3/2p2p1p/p1q2k2/3p1P2/5P1P/2PN4/5RK1 w - - 0 26,h8f6,1,0
sp002939,4KQR1/7q/8/8/2p3q1/2P5/8/5r1k b - - 5 59,h7d7 g4c8 g4d7,1,0
sp000059,1k3K2/4Q3/2P3p1/5QP1/8/1N6/6p1/4r3 w - - 14 56,e7b7,1,0
sp000875,7R/3Q1p2/5P2/4P3/5P2/K1k2p1p/8/3q4 b - - 3 46,d1b3 d1a1,1,0
sp000014,r7/3n1QPk/p2p1b1p/2p1p3/1p2Pn2/P1P4P/1P4P1/2K4R w - - 0 27,g7g8q,1,0
sp003262,3K4/5B2/2q4p/2p4P/2P2b2/4p3/3nk3/8 b - - 19 95,f4g5,1,0
sp001711,8/8/2p3p1/6P1/r4k2/2p4K/8/3q4 b - - 5 63,d1h1,1,0
sp002780,7r/4N3/6P1/5p1P/3b4/6p1/6P1/1k5K b - - 0 40,h8h5,1,0
sp001646,1Q6/1R6/5PKp/2kp1P2/p1P2P2/2P3P1/3N4/8 w - - 0 50,b8c7,1,0
sp000061,1k6/4QQK1/2P3p1/6P1/8/1N6/6p1/7r w - - 18 58,f7g8 f7f8 f7e8 e7f8 e7e8 e7d8 e7b7,1,0
sp000535,6k1/6b1/pnq2pPp/1b3p2/3N1p1P/PP6/R1P1r3/3K4 b - - 1 27,c6h1,1,0
sp002972,2k5/6R1/2p5/pP6/5pP1/Kn6/2q5/6q1 b - - 0 45,g1a1,1,0
sp000342,8/1P6/4PP2/8/1p3p2/1Pk5/3q1n2/1K6 b - - 0 54,d2b2,1,0
sp002594,4r3/5p1k/p1p4p/1p1n3P/5b2/2P2P2/PP2q3/1K6 b - - 0 32,e2d1,1,0
sp002247,R3Q3/8/7k/5K1p/2p1r2P/2P5/5b2/8 w - - 4 78,e8h8 e8g6,1,0
sp000771,2k5/ppp2Qp1/2N1p3/6p1/2P3P1/P7/3N1PP1/b3KBrr w - - 1 20,f7e8 f7e6,1,0
sp001701,8/6p1/3p1b1p/2k5/p3pp1P/K1P5/8/4q3 b - - 0 36,e1a1,1,0
sp000205,Q7/8/2Pp1p1k/5Q2/7p/2P4P/2R4K/R7 w - - 3 40,a8h8 a8f8,1,0
sp001913,7K/8/5P2/5p2/N1P5/8/6r1/3q1k2 b - - 21 67,d1h5,1,0
sp001279,R7/8/5K1k/3p1p1p/5P2/8/1P6/6q1 w - - 0 50,a8h8,1,0
sp001336,7r/8/p1p5/P4p2/3Pk2P/6KR/6P1/2b2r2 b - - 1 37,c1f4,1,0
sp002026,1Q4R1/4k3/2p1P1K1/3b4/Q4P1p/2P3p1/8/8 w - - 0 48,g8e8,1,0
sp000160,1k6/4Q3/2P5/5K2/7P/1pP5/8/1r6 w - - 0 45,e7b7,1,0
sp000001,r3kb1r/pp1nBppp/3p4/4p3/4p3/PP3b1P/2P2PP1/q1Q1KB1R b Kkq - 1 13,a1c1,1,0
sp002474,3Q4/8/2B4p/5p1k/1p3pp1/2P4P/1K1N1b2/3R3R w - - 0 34,c6e8,1,0
sp002300,8/8/6pp/1P2Pk2/3p1P2/1n1K1BBP/6P1/q4r2 w - - 0 38,f3g4,1,0
sp001996,6B1/5BK1/r7/8/5q2/2p1b3/3q1k2/8 b - - 3 72,f4h6,1,0
sp002161,R7/8/4kb2/4p3/p2pP3/P2K1p2/5q2/6b1 b - - 9 59,f2e2,1,0
sp001829,7k/4N1p1/6P1/1b6/p3K3/P7/3p4/R7 w - - 2 52,a1h1,1,0
sp000646,N6r/8/7p/6P1/1p6/2p2k1P/3q4/4b2K b - - 0 42,d2g2,1,0
sp002874,3Q4/8/2kp4/P1p2K2/2P4p/P3p1NP/8/R3R3 w - - 0 34,d8c8,1,0
sp001062,7k/8/5p1K/2p2P2/1p3P2/8/4p1q1/3r4 b - - 19 61,d1h1,1,0
sp000262,3B4/8/p1p2K1k/5p2/8/PBP2p2/2P5/R2br1q1 b - - 2 32,g1g6,1,0
sp001825,Q7/8/8/7p/3b1bk1/8/4p1K1/4r3 b - - 7 60,e1g1,1,0
sp000679,7R/8/5PP1/1p6/2p5/Pp1k4/2b5/b1K3R1 b - - 1 47,b3b2,1,0
sp000192,N6r/4K3/4PP2/2p3p1/q1P2bP1/4kP2/8/7r b - - 5 46,a4e8,1,0
sp002905,1R6/3Q4/8/4PK2/5P1k/5Pp1/6B1/8 w - - 9 48,b8h8 d7h7,1,0
sp002713,4kbRN/3n4/1p6/2p3p1/5p2/2PqpB2/rP4P1/2K5 b - - 3 30,a2a1,1,0
sp001714,8/8/2p3p1/6P1/5k2/2p4K/r7/3q4 b - - 9 65,d1h5 d1g4 d1h1,1,0
sp003233,4Q3/3Q2P1/1N3p1k/K4P2/5P1p/8/8/2r4q w - - 11 65,e8h8 e8g6 g7g8n,1,0
sp002875,3Q4/P7/2kp4/2p2K2/2P5/P3p2P/6p1/R3R3 w - - 0 36,a7a8q a7a8b,1,0
sp001648,1Q6/1R6/5PK1/2kP1P2/p4Pp1/2P5/3N4/8 w - - 0 52,b7b5,1,0
sp000130,1R4B1/6Q1/2Np2K1/3P1P2/p2P4/P7/7R/5k2 w - - 27 68,b8b1,1,0
sp003025,8/4K3/5Q2/5p2/5P2/8/7Q/5k2 w - - 91 120,f6a1,1,0
sp002328,8/3Q4/4K3/1P6/7P/7Q/5k2/7R w - - 5 50,d7d2,1,0
sp002760,5Q2/1p2K3/1nq2P2/8/8/2p5/1k6/3r4 b - - 2 56,c6d7,1,0
sp003247,K3Q3/1Q1Q4/5p1k/5P2/5P1p/8/8/2r4q w - - 7 75,e8h8 e8g6 d7h7 d7g7,1,0
sp001551,R2Q4/P4p2/1p3n2/4k3/4P3/1N1p1pP1/1K3P2/8 w - - 0 35,d8e7,1,0
sp001836,8/8/8/8/5b2/6kp/4p3/b5K1 b - - 8 76,e2e1q e2e1r,1,0
sp002611,Bq5R/8/5PN1/4P3/1p4P1/2p1kPp1/2K5/q7 b - - 3 45,b4b3,1,0
sp000914,5r2/3KP3/2r4q/p7/8/2p2k2/8/8 b - - 0 49,h6e6 h6d6,1,0
sp000981,R3R3/PK1k4/8/P1P2P2/8/8/2Br4/6b1 w - - 1 48,a8d8 c2a4,1,0
sp000656,7r/2N5/8/8/1p6/2p2k1P/3q4/4b1K1 b - - 0 47,d2g2,1,0
sp001370,7r/2B3b1/rp4Pp/5p2/2K1k3/P1n2N2/1P3PP1/R7 w - - 2 29,f3d2,1,0
sp002862,7K/7P/8/8/1p6/1bk5/1q6/3q4 b - - 0 57,c3d3 c3d2 c3c2 d1d4,1,0
sp000788,7N/p1p2Qp1/P1pk2P1/4pB2/2PN4/2K3P1/5b2/7r w - - 3 41,f7f8,1,0
sp002436,r7/2b5/8/2p5/1p2kp2/6p1/3K4/q7 b - - 7 49,a8a2,1,0
sp000007,3r3r/1pk2pp1/p2b1n1p/2NP1B2/1QP2p2/P3p3/1P4PP/2KR4 w - - 0 24,b4b7,1,0
sp000331,1RB1k3/5p2/2p2P2/6Kp/2P2P1P/4b3/4r3/8 w - - 1 39,c8e6 c8f5 c8g4 c8h3,1,0
sp002666,8/2p5/2q4P/4Bp1k/5P2/6Kb/8/8 b - - 3 81,c6g2,1,0
sp001698,8/4K3/8/5B1p/8/6Q1/8/k5q1 w - - 0 63,g3a3,1,0
sp001590,R7/8/2p5/8/5P2/4k3/4n1p1/4K3 b - - 1 47,g2g1q g2g1r,1,0
sp003273,8/7P/2p5/8/rpPpp3/3n2k1/5q2/1K6 b - - 0 45,f2b2 f2a2,1,0
sp002932,R7/4k3/5p2/1P3B2/2n1Kp2/3Nb3/8/1q6 b - - 17 53,b1h1,1,0
sp000543,B3k2r/p1q3p1/2p2P2/3b2P1/1b4n1/2P5/P2N2PP/R4RK1 b k - 2 18,c7h2,1,0
sp002544,4k3/1p2P3/1np1P3/p7/P1P2P1r/1K6/6q1/7r b - - 0 32,h4h3 h1h3,1,0
sp002596,6K1/8/1n6/1P3Q2/7k/5p2/5P2/bR6 w - - 0 48,b1h1,1,0
sp002418,2r1Q1R1/2q5/2p4p/5P2/4Bp1k/r1P4P/PPp5/2K4R w - - 1 30,g8g4,1,0
sp001472,1Q6/8/1BPPK3/5Q2/8/8/8/3r3k w - - 20 83,f5h3,1,0
sp002759,Q7/3k4/R1Np4/1P3P2/2P1K2p/7P/8/R7 w - - 1 44,a8d8 a6a7,1,0
sp001180,4K3/7q/8/8/2r5/8/6r1/5k2 b - - 31 123,c4c8 g2g8,1,0
sp002500,8/3R4/8/5p1p/4qk1P/2b3pK/8/3br3 b - - 25 54,e4h1 e1h1 d1g4,1,0
sp001443,r2B1k2/1p4p1/p2p4/8/6p1/P4q2/1PP5/2KN3r b - - 3 24,f3d1 h1d1,1,0
sp001974,7R/8/6k1/5p1p/5PpK/1bq5/3r4/8 b - - 11 60,c3h3 d2h2,1,0
sp000984,4Q3/3R1B2/1pk5/p1p5/P1K2p2/3P4/3R4/b7 w - - 1 38,e8c8 e8e6 f7d5,1,0
sp000553,k1B5/5QR1/4P1K1/2p5/2P5/6P1/8/3q4 w - - 0 43,f7b7 f7a7,1,0
sp001151,8/8/p1p5/PP3p2/4pq2/2P1p1k1/4K3/7r b - - 0 45,f4f3 f4f2,1,0
sp003107,6RK/5B2/1n6/8/5q2/2p5/4k3/3n4 b - - 1 89,f4h6,1,0
sp000188,Q7/4k1pr/6Qp/1pp2K2/2P5/5N1P/5PP1/1r6 w - - 0 33,a8e8 g6e6,1,0
sp003028,8/4K3/5Q2/5p2/5P2/8/7Q/5k2 w - - 95 122,f6a1,1,0
sp001376,8/8/2p5/4k3/1P1q1pn1/2p2P2/4KP2/r7 b - - 1 37,d4c4 d4d2 d4d1,1,0
sp000324,R1B1k3/5p2/2p2P1p/5K2/5P2/2P1b2P/3p4/5R2 w - - 0 32,c8e6,1,0
sp003038,2B2r2/5pp1/3p1nkp/4p3/4P1P1/rPp4P/5q2/2KR2R1 b - - 1 23,a3a1 f2b2,1,0
sp001876,8/2b5/2P5/1P6/R7/6p1/8/5k1K b - - 1 54,g3g2,1,0
sp000051,2B1k1K1/4P3/2NP4/8/8/8/8/b7 w - - 2 64,d6d7,1,0
sp002830,2B4R/3n4/3P4/1p3p2/2k3p1/5pK1/p4P2/b6r b - - 3 37,a1e5,1,0
sp002297,7Q/2p3b1/2P2p2/5pkp/2PN4/P5K1/3r4/5r2 w - - 4 35,h8g7,1,0
sp000629,r4nR1/8/1p6/2p2p2/3k1Pp1/p1n1ppP1/4p3/4K3 b - - 1 37,f3f2,1,0
sp001028,6R1/8/1Q4p1/1P4k1/4p3/2bpP1K1/8/8 w - - 11 51,b6g6,1,0
sp002694,3BQ3/8/2K4k/2Pn1P1p/p4p1P/P7/2B5/6r1 w - - 1 41,e8h8,1,0
sp001592,1r2k2r/6p1/5pP1/p1p2P2/3NPb2/2P4P/K5P1/3q3R b k - 1 29,d1a4,1,0
sp001463,6k1/3P4/5BB1/2p2K2/1pP2P1P/r1q5/8/q7 w - - 0 38,d7d8q d7d8r,1,0
sp002659,6Q1/2p5/2q4P/2B2p1k/5P2/6Kb/8/8 w - - 6 77,g8g5,1,0
sp001276,R7/8/2p2K1k/5p1p/2Q2P2/8/1P6/6q1 w - - 8 49,a8h8,1,0
sp002084,8/8/1B6/2p2K1k/2P2P2/R7/8/8 w - - 33 66,a3h3,1,0
sp002332,8/2pQ4/2P2b2/2P2p2/8/4k1Kp/3r4/1Q5r b - - 5 56,d2g2,1,0
sp001679,7K/8/7P/8/1p6/1bn1qp2/5k2/6br b - - 7 66,e3h6,1,0
sp002791,7r/1R6/2k2p2/1p1n4/p2K3P/8/3b4/5b2 b - - 1 33,h8h4,1,0
sp001932,R7/8/K7/5p1p/3b1p1P/5P2/5k2/1q6 b - - 11 74,b1b6,1,0
sp000055,Q4K2/2k5/2P2Qp1/6P1/3N4/6p1/6r1/7q w - - 3 46,a8d8 a8b7 f6d8,1,0
sp000717,4Q3/5B2/2N2p2/1P3p2/5P2/2k1K3/2q5/6r1 b - - 15 53,g1g3,1,0
sp002727,7R/8/2k1p2r/4p1K1/4P2P/2qB4/5q2/1q6 b - - 12 52,f2h4 f2f4,1,0
sp001812,6r1/2p1K3/2P4P/5p2/3q4/1b2p3/8/1q5k b - - 0 47,d4d8 d4d6 b1e4,1,0
sp002445,2kr3r/2p3p1/1nPp3p/5P2/1PP5/7B/4q2P/bK1R4 b - - 2 26,e2b2,1,0
sp000481,2r4r/8/3p4/pP2k2p/PR1pPp2/3P1P2/2q3p1/4K3 b - - 3 37,g2g1q g2g1r,1,0
sp003278,8/4B3/2p1P1k1/1pP2p1p/3p3P/r3n1p1/6P1/6K1 b - - 0 35,a3a1,1,0
sp002169,6R1/6b1/4k3/4p3/p2pP3/P2K1p2/5q2/6b1 b - - 19 64,f2e2,1,0
sp001403,r7/8/p5pr/1pPP1k1p/2bR3P/P1P2NP1/1K3P2/7R w - - 0 30,d4f4,1,0
sp000664,8/8/5P2/1P3KQ1/1P6/4p3/7Q/4k1r1 w - - 32 68,g5g1,1,0
sp000649,2K3B1/4q3/8/4p3/4P3/2n5/5q2/3r1k2 b - - 5 62,f2f8 d1d8,1,0
sp002770,6B1/8/2Q5/5k2/5P1p/P1p4K/6P1/5R2 w - - 0 35,g8h7 c6e6,1,0
sp000238,7R/1B1n4/R7/4kp2/1P3p2/2K5/3N2p1/6q1 w - - 0 29,h8e8 d2c4 d2f3,1,0
sp000834,1Q1N4/2p5/2Nk2P1/1K3B2/2B2b2/4p3/8/7r w - - 4 70,d8f7 d8b7,1,0
sp002756,3K4/5q2/1n6/8/8/8/8/5k2 b - - 35 113,f7d7,1,0
sp003140,8/3n4/2p2p2/2P2p2/5pk1/bb1K2p1/r7/q6r b - - 23 49,d7e5 d7c5 h1d1,1,0
sp000694,7R/8/5PP1/8/8/1ppk4/p1b5/b1K3R1 b - - 1 55,a1b2 b3b2,1,0
sp002334,1Q6/8/2p2pK1/r4P1p/5q1P/3B1P2/3b4/k7 w - - 4 61,b8b1,1,0
sp001927,8/6p1/2k2rPp/4KP1P/p3P3/P1p5/8/3q4 b - - 0 46,d1d6,1,0
sp003152,8/8/2B4R/5PP1/5P2/3K4/1p6/2k5 w - - 2 42,h6h1,1,0
sp001469,8/8/1n1b4/4p3/3pPk2/3K1P2/8/q7 b - - 17 60,a1d1,1,0
sp003194,3R3R/6p1/4k1P1/1pP1Pp2/1P3P1K/2P5/8/8 w - - 1 36,h8e8,1,0
sp000817,7r/p1k1Pp1p/2pp1B2/2p2P2/2P2P2/P1P4P/2Q3pK/R3r3 b - - 1 24,g2g1q,1,0
sp003124,8/3n4/r1p2p2/2P2p2/5pk1/6p1/1b1Kb3/q6r b - - 7 41,a1d1,1,0
sp003184,4B3/2b5/8/8/1qk2q2/2p2p2/2K5/8 b - - 5 55,f4d2 b4b3,1,0
sp000414,4kB2/6Q1/1nP4p/2p2K2/r4P2/7P/5q2/8 w - - 9 37,g7e7,1,0
sp002444,2R5/8/8/5K2/2p5/6k1/3N4/7Q w - - 0 47,d2e4,1,0
sp000162,6R1/6P1/3p2P1/7N/3k1P2/p1pB4/2K5/q3r3 b - - 0 42,a1b2 a1a2 a1d1 a1b1,1,0
sp001914,7K/8/5P2/2P2p2/N7/8/3q2r1/5k2 b - - 0 68,d2h6,1,0
sp002063,r1k5/ppp1Qp2/6np/1b4B1/8/P1P1pP2/1P1N2PP/R3K2R w KQ - 1 17,e7d8,1,0
sp003110,Q5R1/4k1b1/1B4K1/3B4/2P2P2/5Pp1/2n5/8 w - - 3 48,a8d8,1,0
sp000739,2R5/6Pk/7p/1qp2P2/8/1PP5/2KN1b1P/7R w - - 1 28,g7g8q,1,0
sp001787,7R/3n4/2k2p2/2p2p2/2P2P1P/1K6/r3b3/q7 b - - 7 37,e2d1 a1b2,1,0
sp001435,r7/5p2/2Np1P1k/5K2/4P3/P1P3p1/1p6/R1R5 w - - 0 34,c1h1,1,0
sp001234,3B3k/4R3/r3N1P1/P4p2/1p1P1P2/1n2K1p1/1P6/3b4 w - - 0 33,e7e8,1,0
sp002650,r3k2r/1p2b1p1/p1np3p/2p5/5P2/PNPPKP1P/1P6/R2b3q b kq - 1 19,h1e1,1,0
sp000295,7R/1p6/1P5r/K1p4p/5q2/6p1/8/3b3k b - - 1 50,f4b4 f4a4,1,0
sp000905,5K2/6P1/8/r7/8/1qp5/8/1k1q2b1 b - - 0 81,d1d8,1,0
sp000287,2Q5/8/5Q2/8/P3p1p1/2K2nb1/5k2/1q4r1 b - - 13 55,g1c1,1,0
sp001065,2KB1RR1/3P4/5N2/3Q4/5k2/8/8/4b3 w - - 17 100,d5e4,1,0
sp000416,1K4R1/5Q2/8/5B2/7p/2P4P/7k/7r w - - 29 88,f7c7 f7a2,1,0
sp002542,2R5/1p3Bpr/7p/r7/1p1k1K2/3p2PP/1P6/7R w - - 4 29,c8c4,1,0
sp001744,8/r7/6p1/6P1/2p2k2/2p4K/8/1q6 b - - 35 87,b1h1,1,0
sp002230,R7/3Q4/5k2/7p/2p1K2P/2P1p3/5b2/8 w - - 3 66,a8a6,1,0
sp000094,6R1/8/p5p1/2p1p3/Ppk1P1n1/2P5/1PQ3P1/2K5 w - - 0 37,b2b3,1,0
sp002783,8/8/2Q5/5k2/5P2/1B4K1/8/2q5 w - - 0 48,c6e6,1,0
sp000251,4K3/r7/8/1p3p1p/1p3P1P/5P2/5kr1/8 b - - 8 64,g2g8,1,0
sp002979,BR5r/P1k5/1Np2p2/4bQ2/6K1/2P2p2/8/5n2 w - - 3 39,f5d7,1,0
sp000863,1r6/4P3/7p/5p2/2p2P2/2n5/2K5/q6k b - - 0 44,a1b2,1,0
sp001963,6r1/8/pp4P1/5P2/4BK2/2P5/1PNp3k/5R2 w - - 1 41,f1h1,1,0
sp000508,5r2/2p2p1k/ppnb1p2/6p1/8/1NP4b/PP4p1/5RK1 b - - 1 25,g2f1q g2f1r,1,0
sp002942,8/3R1Qp1/2P3P1/5p2/2P5/1p4K1/8/6k1 w - - 0 60,d7d1,1,0
sp000758,q1Q5/2K5/8/8/5k2/1bb3p1/3r4/8 b - - 2 69,c3a5,1,0
sp000798,7N/p1p2Qp1/P1Nk2P1/4pBP1/1KP5/8/5b2/6r1 w - - 3 45,f7d7 f7e6 f7d5,1,0
sp000089,2k5/4r3/p2p3p/2NP1p1P/2P5/6p1/6P1/n6K b - - 1 47,e7e1,1,0
sp002481,7R/3R4/1p2P3/1P5p/7P/7K/5k2/4q1r1 b - - 37 79,g1h1,1,0
sp000150,1Q2R3/P7/5p2/3K1P2/6r1/2p5/2B3p1/k7 w - - 0 46,b8b1,1,0
sp000476,5r1r/8/3p3p/pP2k3/P2pPp2/R2P1Pp1/2q5/5K2 b - - 4 34,c2f2,1,0
sp001517,B7/N3P3/5B1p/5K1k/8/3p4/8/n7 w - - 13 67,a8f3 e7e8q e7e8b,1,0
sp000375,4Q1R1/1K6/2P5/8/6Q1/8/4rb2/5k2 w - - 13 58,e8e2 g4e2,1,0
sp003181,K7/2k5/4n2r/5p1p/P1P2P1P/5P2/4N3/1q6 b - - 0 35,b1b8 b1b7,1,0
sp000491,8/8/2P1P1p1/6p1/6P1/4Nk1K/8/q7 b - - 0 52,a1h8 a1h1,1,0
sp002360,8/8/8/7p/5b1P/5B1K/4kq2/1r6 b - - 26 94,f2f3,1,0
sp002484,1Q5b/4N2k/2Kp1p1p/5P2/8/7P/5PP1/3n4 w - - 1 34,b8g8,1,0
sp000773,r3b3/8/p3Nk2/2p1qp2/8/1Np2K1P/5P2/8 b - - 3 34,e8c6,1,0
sp002601,3N4/8/5P1p/6p1/1P3pP1/2n4P/3k1K2/7q b - - 4 45,c3e4 c3d1,1,0
sp000510,8/8/1P6/5p2/7p/pbp4P/1p6/1Kbn2kB b - - 1 69,c3c2 a3a2,1,0
sp000110,3N3R/8/K4P2/2P2p2/5b2/4kN2/2r5/1q6 b - - 13 49,c2a2,1,0
sp000304,1Q5R/8/5p2/2K2p2/7P/5N2/8/q6k w - - 0 51,b8h2,1,0
sp002788,r6r/2kn1p2/ppp2PP1/8/1PPK4/P6P/3bb3/R6R b - - 0 23,h8h4,1,0
sp002467,7R/3R4/1p2P3/1P5p/7P/4k1K1/3q4/7r b - - 17 69,d2h2 d2f2,1,0
sp002189,7R/4b3/4k3/4p3/p2pP3/P2K1p2/5q2/6b1 b - - 41 75,f2e2,1,0
sp002598,3N4/8/5P1p/6p1/1P3pP1/2n2K1P/3k4/q7 b - - 2 44,a1f1,1,0
sp002351,8/8/8/5B1p/5b1P/4q3/4k1K1/1r6 b - - 12 87,e3g3 e3f3 b1g1,1,0
sp000186,2Q4r/6R1/8/1K3p2/3kp3/1p1p1p1r/5P1P/8 w - - 2 38,c8c5,1,0
sp000897,2b4Q/rp4p1/1n4P1/p4p2/2p2pk1/4r3/PPP1p1q1/2K5 b - - 0 33,e2e1q e2e1r,1,0
sp002858,7r/4K2P/8/8/1p6/1qk5/4b3/3q4 b - - 0 51,d1d8,1,0
sp000600,6QK/3P1Q2/2PP4/8/8/R7/8/7k w - - 53 109,f7h7 f7h5 a3h3,1,0
sp003265,1K6/5Q2/5p1k/5P2/1Q3P2/7p/8/r7 w - - 10 89,f7g6 b4f8,1,0
sp000255,r4r2/1pp1bpQ1/p1q2n2/4p3/4P3/PNPP1K1k/1P6/5RR1 w - - 4 26,g7g3 g1h1,1,0
sp001746,8/8/r5p1/6P1/2p2k2/2p4K/8/1q6 b - - 39 89,b1h1,1,0
sp003215,1r5R/1p2k3/2rp4/2pK2p1/8/PpQ2N2/3N1P2/2R5 w - - 0 36,c3g7,1,0
sp000699,7R/8/5PP1/5k2/8/1pp5/p1b5/b1K3R1 b - - 5 57,a1b2,1,0
sp001524,R7/8/1k1K1B2/2p2p2/8/6QP/8/5r2 w - - 5 40,g3b3,1,0
sp000904,1R5R/3PQ3/p4p2/P1pk1Bp1/6P1/3K1n2/3N4/8 w - - 5 39,e7e6 f5e4,1,0
sp002890,1Q6/6p1/k2p4/4p3/4P3/2P1KNp1/1Q6/7r w - - 5 38,b8a8 b8b6 b2b6 b2b5 b2a3 b2a2,1,0
sp000480,8/8/p4p2/P4n2/5k1p/1bp2B1P/1p1p4/1Kb5 b - - 1 51,c3c2,1,0
sp001111,4QK2/8/3p4/3P4/8/4q3/5kr1/4r3 b - - 11 107,e3e8,1,0
sp002997,1Q1Q2K1/5B2/8/q7/3b4/8/8/k6n w - - 17 93,d8a5,1,0
sp000067,6B1/3R3K/1b6/8/8/8/7Q/5k2 w - - 19 126,d7d1,1,0
sp000996,4Q3/3R1B2/1pkb4/p1p5/P1K2p2/2RP4/8/8 w - - 13 44,f7d5 d7e7 d7a7,1,0
sp000780,8/p1p2QpP/P1pk2P1/4p3/2P5/2K2BP1/3N1b2/6r1 w - - 1 36,d2e4,1,0
sp001374,7r/2B5/rp3bPp/5p2/2K1k3/P1P2N2/5PP1/R7 w - - 1 30,f3d2 a1e1,1,0
sp002582,7Q/3Nk1p1/1pBb4/1p1P1K2/6p1/2P2pP1/5P2/5r2 w - - 0 39,h8f8,1,0
sp002405,1Q6/8/k1pp4/P4p2/5P1P/2P3P1/6K1/R1bq3r w - - 0 38,b8b6,1,0
sp001993,4r3/2b5/6kp/5p2/5p2/1bP5/3K4/q7 b - - 3 38,a1d1,1,0
sp000473,r6r/8/3p3p/pP2k3/P2pPp2/3P1Pp1/2q5/R4K2 b - - 2 33,c2f2,1,0
sp003196,3R3R/4k1p1/6P1/1pP1Pp2/1P3P2/2P3K1/8/8 w - - 3 37,h8e8,1,0
sp001329,r7/3N4/rp5k/4Pp1p/1B4n1/1np5/6P1/6K1 b - - 1 34,a6a1,1,0
sp000338,8/8/1P2PP2/8/1p3p2/1Pk5/3q4/1K5n b - - 0 53,d2b2,1,0
sp001464,r6r/1p4p1/p1p2n2/8/1bPK1k2/PN1B2pP/6P1/4R2R b - - 0 25,h8d8 a8d8,1,0
sp002869,8/3N4/6q1/4K3/8/8/5q2/1r4bk b - - 17 67,f2f5 f2d4,1,0
sp002627,Q7/K1k2p2/3p1b2/3PP3/4P3/5B2/5P2/6r1 b - - 0 41,g1a1,1,0
sp002705,3BQ3/2K2P2/2P3Bk/7p/p4p1P/P1n5/8/6r1 w - - 1 54,f7f8q f7f8b,1,0
sp002018,QQ4R1/2p1k3/2p5/4PK1p/1q3P2/2P3pP/2P1b3/8 w - - 3 40,g8g7 b8e8 b8c7,1,0
sp001846,1r6/3n4/pN1p1b2/4kp2/3p1p2/P4P2/1PK4R/8 w - - 4 29,h2e2,1,0
sp001128,5K2/8/2b5/5Q2/3Q4/8/8/4k1r1 w - - 11 67,f5f2,1,0
sp002375,B7/8/8/7p/7P/4k1bK/5q2/1r6 b - - 42 102,f2h2,1,0
sp001718,8/8/2p3p1/6P1/5k2/2p4K/3q4/r7 b - - 13 67,a1h1,1,0
sp002416,4k3/8/2p5/B4pP1/5P2/1nP4K/1r6/3q4 b - - 1 36,d1g4,1,0
sp002784,7r/8/K1k5/2p5/2P2pp1/5P2/8/8 b - - 1 35,h8a8,1,0
sp000882,R7/3RK3/6Q1/5B2/5b2/8/6Q1/2k5 w - - 9 84,a8a1 g6c6 g2c2,1,0
sp000965,6R1/1p6/1np5/4kp2/8/1p2K2P/6r1/5q2 b - - 1 40,b6d5 b6c4 f1e2 f5f4,1,0
sp002138,r2B2Q1/1p6/pP5P/1b3p2/5k2/1PP2p2/1K6/4R3 w - - 1 35,g8g5 d8c7,1,0
sp001129,4R2R/6k1/rn3pP1/1P3PP1/3p4/1P6/1K6/8 w - - 3 41,h8g8 h8h7 e8g8,1,0
sp002149,1QQB4/3R4/3Pk3/2p2p2/2P2K2/8/6r1/8 w - - 3 48,d7h7 d7g7 d7b7 d7a7,1,0
sp003276,7Q/8/2p5/8/1pPp4/3np1k1/5q2/K7 b - - 0 47,f2b2,1,0
sp001603,r3k2r/8/p1p5/3n2p1/N2P1P1b/P7/1P4PK/R2b1R2 b kq - 1 23,h4f2,1,0
sp002800,B3R3/p4p2/5K1k/3p4/7P/2P2p2/P7/3b2b1 w - - 0 28,e8h8,1,0
sp002215,8/1p4p1/1n2kb2/4p1p1/3PK1P1/Pp6/1P3q2/7r b - - 0 33,f2e2,1,0
sp002865,5N2/8/8/8/4K3/8/1q3q2/1r4bk b - - 13 65,b2d4,1,0
sp000329,1RB1k3/5p2/2p2P2/5K1p/5P1P/2P1b3/4r3/8 w - - 6 37,c8e6,1,0
sp000159,6R1/6P1/3p2P1/5B1N/2qk1P2/p1p5/2K5/q3r3 b - - 1 41,c4a4 c4a2 e1e2 e1c1 a1b2 a1a2 a1d1 a1c1 a1b1,1,0
sp000613,r2Bkn2/1p4p1/p4p2/2p5/5P2/2n1ppP1/4p3/4K2R b q - 1 25,f3f2,1,0
sp000534,5R2/3P4/4P1K1/p7/P2n3P/8/7Q/3k4 w - - 3 53,f8f1,1,0
sp003104,R7/8/2k5/2P2pb1/1p5r/1Qn2pK1/4b3/8 b - - 1 40,c3e4,1,0
sp002781,6B1/8/2Q5/5k2/5P2/6K1/2p5/8 w - - 0 47,g8h7 c6e6,1,0
sp000368,r3k2r/1pQ4p/p4p2/3P1K2/bB6/1N6/1P6/8 w kq - 0 34,c7e7,1,0
sp000283,7R/1p4p1/1Pp4r/K6p/8/8/6q1/3b3k b - - 3 42,g2d2,1,0
sp001952,3Q4/8/7p/8/4k1K1/2PRb1p1/8/8 w - - 6 44,d8d5,1,0
sp001066,Q1KB1RR1/3P4/5N2/8/5k1b/8/8/8 w - - 19 101,a8e4,1,0
sp002690,3BQ3/1p1n4/7k/2PK1P1p/p2N1p2/P6P/2B5/1r1R2R1 w - - 5 36,e8h8 e8g6,1,0
sp002510,r3k2r/1p1n2p1/p4n1p/2p1b1P1/5P2/P1P1K2P/1q6/3b3R b kq - 0 24,b2e2,1,0
sp000136,8/8/8/4kp1p/Q1n2b1P/2PK1p2/4r3/6b1 b - - 5 41,c4b2,1,0
sp000765,2K5/8/8/8/5b2/8/3r1b2/q2k4 b - - 5 90,a1a8 a1a6,1,0
sp000776,4K3/5P2/7k/p5p1/P1Pq2P1/8/3r4/8 b - - 0 48,d4d8,1,0
sp000754,8/5B2/7P/2p5/2P5/8/2K1k3/qr6 b - - 1 45,a1b2,1,0
sp001190,8/8/2B2b2/2p1kPp1/6p1/2P2pP1/Q1K2P2/8 w - - 5 38,a2e6 a2d5,1,0
sp000992,1Q2R2R/2Q5/2P2k1b/3p2p1/6K1/2P2p1P/5P2/8 w - - 1 36,h8h6,1,0
sp002358,B7/8/8/7p/5b1P/7K/5q2/1r3k2 b - - 24 93,f2g3 f2h2,1,0
sp001299,K1B3R1/3R4/8/8/7Q/8/8/5k2 w - - 20 94,c8a6,1,0
sp001577,5r2/6pk/pnp2n1B/4p3/8/1NP4P/PP2B1q1/R2bK2R b KQ - 0 20,g2e2,1,0
sp002443,4K3/7r/8/8/8/5n2/8/5kr1 b - - 61 98,g1g8,1,0
sp000376,4Q1R1/1K6/2P5/6Q1/8/8/4r3/5kb1 w - - 15 59,g5g1,1,0
sp001823,1Q3K2/2p5/2P5/5p2/8/4q3/6r1/4r2k b - - 5 58,e3e7,1,0
sp001179,4K3/7q/8/8/2r5/8/6r1/5k2 b - - 27 121,c4c8 g2g8,1,0
sp002407,1Q6/8/k1pp4/P4p2/5P1P/2P1b1P1/6K1/R2q3r b - - 3 39,d1d5,1,0
sp002242,R3Q3/8/7k/5K1p/2p4P/2P5/5b2/4r3 w - - 0 76,e8h8 e8g6,1,0
sp002471,3Q4/8/2B3pp/5p1k/1p3p2/2P4P/1K1N1b2/3R3R w - - 0 32,c6f3,1,0
sp000833,8/8/8/1P2k3/5pq1/2p5/7K/3b1R1B b - - 2 45,g4g3,1,0
sp002214,7B/3n3k/p1P4p/5p2/5b1P/1PP2q2/PK6/3q4 b - - 1 30,d1c1,1,0
sp001363,8/5B2/2p4k/2p2p2/5PpK/r7/8/2b1r3 b - - 9 41,a3h3 e1h1,1,0
sp002243,5r1Q/8/1np1P2R/1p3pk1/8/P1P1K1p1/8/1q6 w - - 0 38,h8g7,1,0
sp000512,r3k3/6P1/2p5/1p2p3/1K6/PP3pP1/5P2/3q3r b q - 1 31,d1d4,1,0
sp002895,r1B3nr/p1k3p1/1np5/4Pp2/5p2/R1P4P/7K/5q2 b - - 0 23,h8h3,1,0
sp001193,R7/8/8/p1N2K1k/P4pp1/2P3p1/1P6/8 w - - 0 39,a8h8,1,0
sp002258,8/8/1n3bp1/6p1/4pkP1/2p4K/8/1q6 b - - 7 59,b1h1,1,0
sp001235,4K3/6r1/2p5/2P1kp1p/5p1P/5P2/8/1r6 b - - 3 58,b1b8,1,0
sp000447,7r/5kb1/p4p1p/P4P2/3p4/1bp4P/1p6/1K1n3B b - - 1 36,c3c2,1,0
sp002005,8/8/2B3K1/8/3NQ3/8/8/4qk2 w - - 13 65,e4g2,1,0
sp002081,6k1/4b1p1/6Pp/1PP1p3/3pP2P/2p5/7r/rB1K4 b - - 2 41,a1b1,1,0
sp001311,r7/8/p7/5ppP/3p1k2/PN3P2/5K2/Q6R w - - 0 30,a1d4,1,0
sp000330,1RB1k3/5p2/2p2P2/6Kp/5P1P/2P5/3br3/8 w - - 8 38,c8e6 c8f5 c8g4 c8h3,1,0
sp000374,4Q1RQ/1K6/2P5/8/8/8/5b2/4rk2 w - - 7 55,h8h3,1,0
sp001835,8/8/8/8/5b2/2b3kp/4p3/7K b - - 6 75,e2e1q e2e1r,1,0
sp002225,Q7/8/1p2kbp1/4p1p1/4K1P1/n1P5/5q2/7r b - - 0 40,f2e2,1,0
sp000584,5K2/7r/6b1/5p2/8/8/4k3/3r4 b - - 31 78,d1d8,1,0
sp000978,6K1/2B5/5b1r/8/8/4q3/4k3/8 b - - 1 82,e3e8,1,0
sp000909,BQ6/6k1/3p4/3P1Q2/8/b1P2p1R/2K2P2/8 w - - 5 41,b8h8 b8f8 h3h7,1,0
sp002325,8/8/4P3/1P4k1/8/1n4KP/3r2B1/6q1 b - - 6 53,d2d3 g1g2,1,0
sp000783,5K2/8/5k2/p5p1/P1P3P1/8/3r4/8 b - - 1 52,d2d8,1,0
sp000258,R6R/7P/8/8/5p2/1N3pk1/6p1/6K1 b - - 3 55,f3f2,1,0
sp002883,R7/3B2b1/1n4k1/4p1p1/4K1P1/8/3q4/r5r1 b - - 9 48,d2e2,1,0
sp001333,r7/3N4/rB2P3/5pkp/1p4n1/1np5/6P1/6K1 b - - 1 37,a6a1,1,0
sp002992,3Q2K1/5B2/8/3q4/1Q1b4/8/k7/7n w - - 13 91,d8a5,1,0
sp001000,4R2R/6k1/2P5/3P1KP1/8/4bp2/5P1Q/8 w - - 1 43,h8h7 e8e7 h2h7 h2c7,1,0
sp001365,2kr1b1r/1pp1Ppp1/p2p4/6B1/4PK1p/P1PP2P1/1P1N2B1/R2Q4 w - - 0 18,e7d8q e7d8r,1,0
sp002022,QQ4R1/2p1k3/2p5/1P2P1Kp/5P2/6p1/2P3b1/8 w - - 2 43,b8e8,1,0
sp002507,r3k2r/1p1nb1p1/p4n1p/2p5/5PP1/P1PK3P/1q6/3b3R b kq - 0 22,b2e2,1,0
sp000005,4k2r/pp3ppp/1Bp5/8/2P3b1/5P2/1b1NpKPP/7r b k - 1 18,e2e1q,1,0
sp002562,5K2/7r/8/8/1p3P2/5q2/4k3/8 b - - 3 52,f3a8,1,0
sp002737,7R/8/2k1p2r/4p1K1/4P2P/2qB4/5q2/1q6 b - - 22 57,f2h4 f2f4,1,0
sp003216,1r6/1P6/1PP5/8/5k2/2q3p1/4K3/7r b - - 2 61,b8e8 c3e3 c3c2 h1e1,1,0
sp002910,2BQ4/8/1n3p2/5p2/1r5P/1q1p1pK1/3kq3/8 b - - 1 46,e2g2,1,0
sp001634,7K/8/5P2/8/8/8/4nkr1/r7 b - - 4 62,a1h1,1,0
sp002948,2kr2RQ/ppp2pp1/5n2/n5p1/6P1/3p4/P1PK1PP1/q7 b - - 3 23,a5c4,1,0
sp000383,R7/2q2B2/1npb1n2/2k1p3/4P2P/P1PP4/1Kp3R1/8 w - - 1 33,a8a5,1,0
sp000058,1k3K2/4Q3/2P3p1/5QP1/3N4/8/6p1/7r w - - 12 55,e7b7,1,0
sp002248,5Q1Q/8/1np4R/5p2/1p4k1/P1P1K1p1/8/1q6 w - - 1 40,h8g8 h8g7 f8g8 f8g7 h6g6,1,0
sp000256,r2r4/1pp2p1p/p4p2/4k3/8/N1PQ1P1P/P4P2/2KR3R w - - 2 19,d3e4,1,0
sp001067,2KB1RR1/3P4/5N2/8/5k2/8/5b2/7Q w - - 21 102,h1e4,1,0
sp002136,4R3/8/3b4/2kPp3/p2pP3/P2K1pp1/5q2/8 b - - 11 45,f2e2,1,0
sp001814,1k6/1B6/1KP5/1PP5/4p1p1/5pP1/8/6r1 w - - 7 44,c6c7,1,0
sp001954,rn5Q/1pp3b1/p6p/4k1B1/8/P1N2p1B/1PP2P2/2KR3R w - - 2 18,h8e8 h8g7 h1e1 d1d5,1,0
sp002264,K7/P6k/7p/5p1P/8/6b1/4n3/1q1q4 b - - 0 60,d1d8 d1d5 d1h1 b1e4,1,0
sp000838,8/3QK2P/8/8/8/8/8/6rk w - - 1 62,d7h3,1,0
sp002624,K4Q2/8/8/8/1q2pb2/8/3p4/2q2rk1 b - - 6 68,c1a3 c1a1,1,0
sp002503,6Q1/4bB2/2Np2p1/P4kN1/5pn1/2K5/1P4P1/r7 w - - 1 32,g8g6,1,0
sp001296,K1B3R1/3R4/8/8/8/8/7Q/4k3 w - - 10 89,g8g1,1,0
sp001779,1Q6/8/2P5/5p2/5b2/2q5/K7/5rk1 b - - 0 68,f1a1,1,0
sp001450,r7/1p6/1B1p1kp1/8/8/PPP3p1/4q3/2KN3r b - - 2 30,h1d1,1,0
sp000413,5KR1/8/2P5/8/8/8/7Q/3k2r1 w - - 29 90,g8g1,1,0
sp002293,1Q5r/5k2/p1p2P1p/3P1KP1/1B3P2/2b5/3Nb1P1/7n w - - 0 31,g5g6,1,0
sp001934,1QB3R1/6p1/2p5/4K1k1/8/8/8/6nq b - - 9 51,h1d5,1,0
sp001353,7R/2p5/2K2P1q/8/8/5p2/6p1/6rk w - - 4 47,h8h6,1,0
sp002802,4kbR1/3n3q/3pK3/8/4PPp1/P1P3P1/8/8 b - - 0 35,h7f7 h7e4,1,0
sp000303,7R/1p6/1P6/1Kp5/8/6pp/r4q2/3b3k b - - 7 60,d1e2,1,0
sp002990,QR6/2k5/1N3p2/3B1Q2/4K3/2P3b1/8/5nr1 w - - 7 46,f5d7,1,0
sp000405,4kB1r/8/1nP2p1p/2p2Q2/4KP2/7P/5q2/r7 b k - 1 30,f2e2,1,0
sp001271,q2R3R/8/6K1/1p5p/k6P/1pP5/1P6/8 w - - 2 55,d8a8,1,0
sp000602,R5QK/3P1Q2/2PP4/8/8/8/7k/8 w - - 55 110,f7h7 f7h5,1,0
sp002466,2B5/8/8/kp2p3/3pP3/2nK4/2N5/6q1 b - - 1 42,g1d1,1,0
sp002889,1Q6/6p1/k2p4/4p3/4P3/2P1K1p1/1Q1N4/r7 w - - 3 37,b8a8 b8b6 b2b6 b2b5 b2a1,1,0
sp002182,1N3r2/4kB2/p1p1P3/4PK1p/8/1N6/1P6/4R3 w - - 0 37,b8c6,1,0
sp001027,1R6/k3N3/8/1PK2p2/8/2n5/8/3b4 w - - 4 54,e7c6,1,0
sp003275,8/7P/2p5/8/1pPpp3/3n2k1/5q2/K7 b - - 0 46,f2b2,1,0
sp002533,Q6Q/8/2pp4/5P1p/3N3P/6K1/1kB5/5R1r w - - 1 44,a8a1,1,0
sp000389,4R3/1p5k/3P4/5PP1/p3B1K1/1n1P4/3r1b2/8 w - - 0 41,f5f6,1,0
sp003096,QQ6/8/2B2pk1/1P3p2/3N1P2/6KR/8/7R w - - 3 46,b8g8,1,0
sp000573,1k4K1/5QP1/8/2p5/2P5/5B2/8/q7 w - - 9 60,f7b7,1,0
sp001155,5K2/8/8/8/8/p2Q4/P7/6rk w - - 23 109,d3h3,1,0
sp000571,Q2R4/8/5b2/3Pk1p1/6P1/1N2Kp2/1P6/r7 w - - 1 39,a8b8,1,0
sp002068,r1k5/ppB1Qp2/7p/8/8/P1P1pP1P/1P1N4/2KR3b w - - 0 21,e7d8,1,0
sp000895,1Q6/6p1/2k2p1p/P1p2B2/2P2b2/1Kp2N2/5PP1/r7 w - - 1 33,b8b6,1,0
sp002390,8/2P5/1n5r/4Kpk1/8/1qP2p2/8/q7 b - - 0 41,b3d5 b3c3 a1c3,1,0
sp001467,Q7/4K3/1BPPP3/8/8/8/8/Q5rk w - - 5 71,a1g1,1,0
sp001953,N5nr/3bn1b1/pp2kpQp/8/4PP2/P1B4P/1P4B1/2KR3R w - - 1 24,a8c7,1,0
sp001243,8/2k5/1np2Pp1/6P1/3pK3/2q2Bp1/8/8 b - - 3 48,c3e3,1,0
sp003211,1r6/1P6/8/1P6/2P2k2/2q3p1/4K3/7r b - - 2 52,b8e8 c3e3 c3c2 h1e1,1,0
sp001659,8/8/p1B5/P6p/4n2P/1b5K/5k2/4b1b1 b - - 4 61,b3e6,1,0
sp001991,5r2/2b3pk/5p1p/7P/5p2/1bP5/3K4/q7 b - - 0 34,a1d1,1,0
sp002095,7Q/8/5p1p/1kq1b3/3p4/PK5P/1P4P1/3r4 b - - 0 35,c5c4,1,0
sp001061,4Q3/7R/1K1k1P1P/8/2p5/2P5/8/8 w - - 9 54,h7d7,1,0
sp000166,Q3R3/8/2K5/4pP2/8/r1p5/2B2b2/k7 w - - 0 54,a8a3,1,0
sp001723,8/4B3/p1k5/Q5Q1/2pK4/7b/8/8 w - - 5 39,g5d5,1,0
sp003105,r3r3/ppp2pp1/2k2P2/8/6p1/R1N5/1PP2PPP/6K1 b - - 0 17,e8e1,1,0
sp001578,5r2/6p1/pnp2n1k/4p3/7P/1NP5/PP2B1q1/R2bK2R b KQ - 0 21,g2e2,1,0
